fila_csv,conjunto
0,entrenamiento
1,entrenamiento
2,entrenamiento
3,validacion
4,entrenamiento
5,entrenamiento
6,validacion
7,entrenamiento
8,entrenamiento
9,entrenamiento
10,validacion
11,entrenamiento
12,validacion
13,entrenamiento
14,entrenamiento
15,entrenamiento
16,entrenamiento
17,prueba
18,entrenamiento
19,entrenamiento
20,validacion
21,validacion
22,prueba
23,entrenamiento
24,prueba
25,entrenamiento
26,prueba
27,entrenamiento
28,validacion
29,validacion
30,entrenamiento
31,prueba
32,entrenamiento
33,entrenamiento
34,entrenamiento
35,entrenamiento
36,entrenamiento
37,prueba
38,entrenamiento
39,entrenamiento
40,prueba
41,entrenamiento
42,entrenamiento
43,entrenamiento
44,entrenamiento
45,entrenamiento
46,prueba
47,validacion
48,validacion
49,validacion
50,entrenamiento
51,validacion
52,entrenamiento
53,entrenamiento
54,entrenamiento
55,prueba
56,entrenamiento
57,entrenamiento
58,prueba
59,entrenamiento
60,prueba
61,entrenamiento
62,validacion
63,prueba
64,validacion
65,entrenamiento
66,entrenamiento
67,entrenamiento
68,validacion
69,prueba
70,validacion
71,entrenamiento
72,entrenamiento
73,entrenamiento
74,entrenamiento
75,validacion
76,entrenamiento
77,entrenamiento
78,entrenamiento
79,prueba
80,entrenamiento
81,entrenamiento
82,entrenamiento
83,entrenamiento
84,validacion
85,prueba
86,validacion
87,prueba
88,entrenamiento
89,validacion
90,prueba
91,entrenamiento
92,entrenamiento
93,prueba
94,entrenamiento
95,entrenamiento
96,entrenamiento
97,entrenamiento
98,entrenamiento
99,entrenamiento
100,entrenamiento
101,entrenamiento
102,prueba
103,entrenamiento
104,entrenamiento
105,validacion
106,entrenamiento
107,prueba
108,entrenamiento
109,validacion
110,entrenamiento
111,entrenamiento
112,entrenamiento
113,prueba
114,entrenamiento
115,entrenamiento
116,entrenamiento
117,validacion
118,validacion
119,entrenamiento
120,entrenamiento
121,validacion
122,entrenamiento
123,validacion
124,entrenamiento
125,entrenamiento
126,entrenamiento
127,prueba
128,entrenamiento
129,validacion
130,entrenamiento
131,prueba
132,entrenamiento
133,prueba
134,prueba
135,entrenamiento
136,prueba
137,entrenamiento
138,entrenamiento
139,entrenamiento
140,entrenamiento
141,entrenamiento
142,entrenamiento
143,entrenamiento
144,entrenamiento
145,entrenamiento
146,entrenamiento
147,entrenamiento
148,validacion
149,entrenamiento
150,entrenamiento
151,prueba
152,validacion
153,entrenamiento
154,validacion
155,entrenamiento
156,entrenamiento
157,entrenamiento
158,validacion
159,prueba
160,entrenamiento
161,entrenamiento
162,entrenamiento
163,entrenamiento
164,entrenamiento
165,prueba
166,entrenamiento
167,prueba
168,entrenamiento
169,entrenamiento
170,entrenamiento
171,entrenamiento
172,validacion
173,entrenamiento
174,entrenamiento
175,entrenamiento
176,entrenamiento
177,entrenamiento
178,validacion
179,prueba
180,entrenamiento
181,entrenamiento
182,entrenamiento
183,validacion
184,entrenamiento
185,entrenamiento
186,entrenamiento
187,prueba
188,entrenamiento
189,entrenamiento
190,entrenamiento
191,validacion
192,prueba
193,entrenamiento
194,entrenamiento
195,entrenamiento
196,prueba
197,entrenamiento
198,entrenamiento
199,entrenamiento
200,entrenamiento
201,prueba
202,validacion
203,entrenamiento
204,entrenamiento
205,entrenamiento
206,validacion
207,entrenamiento
208,entrenamiento
209,entrenamiento
210,entrenamiento
211,prueba
212,entrenamiento
213,entrenamiento
214,entrenamiento
215,entrenamiento
216,entrenamiento
217,prueba
218,entrenamiento
219,entrenamiento
220,validacion
221,prueba
222,entrenamiento
223,entrenamiento
224,prueba
225,validacion
226,validacion
227,entrenamiento
228,validacion
229,entrenamiento
230,entrenamiento
231,entrenamiento
232,entrenamiento
233,entrenamiento
234,entrenamiento
235,validacion
236,entrenamiento
237,validacion
238,validacion
239,prueba
240,entrenamiento
241,entrenamiento
242,validacion
243,entrenamiento
244,entrenamiento
245,entrenamiento
246,entrenamiento
247,prueba
248,entrenamiento
249,entrenamiento
250,entrenamiento
251,entrenamiento
252,entrenamiento
253,entrenamiento
254,prueba
255,entrenamiento
256,validacion
257,entrenamiento
258,entrenamiento
259,prueba
260,entrenamiento
261,validacion
262,entrenamiento
263,entrenamiento
264,validacion
265,entrenamiento
266,entrenamiento
267,prueba
268,prueba
269,entrenamiento
270,entrenamiento
271,entrenamiento
272,entrenamiento
273,entrenamiento
274,entrenamiento
275,validacion
276,entrenamiento
277,entrenamiento
278,prueba
279,entrenamiento
280,prueba
281,entrenamiento
282,entrenamiento
283,prueba
284,validacion
285,entrenamiento
286,entrenamiento
287,prueba
288,validacion
289,entrenamiento
290,prueba
291,entrenamiento
292,entrenamiento
293,validacion
294,prueba
295,prueba
296,validacion
297,prueba
298,entrenamiento
299,validacion
300,validacion
301,prueba
302,entrenamiento
303,prueba
304,prueba
305,prueba
306,entrenamiento
307,prueba
308,prueba
309,entrenamiento
310,entrenamiento
311,entrenamiento
312,entrenamiento
313,entrenamiento
314,entrenamiento
315,entrenamiento
316,prueba
317,entrenamiento
318,entrenamiento
319,validacion
320,entrenamiento
321,entrenamiento
322,entrenamiento
323,validacion
324,entrenamiento
325,entrenamiento
326,entrenamiento
327,entrenamiento
328,prueba
329,prueba
330,validacion
331,prueba
332,prueba
333,entrenamiento
334,prueba
335,prueba
336,validacion
337,prueba
338,entrenamiento
339,prueba
340,entrenamiento
341,entrenamiento
342,validacion
343,prueba
344,prueba
345,prueba
346,prueba
347,entrenamiento
348,prueba
349,entrenamiento
350,entrenamiento
351,prueba
352,entrenamiento
353,prueba
354,entrenamiento
355,entrenamiento
356,prueba
357,entrenamiento
358,entrenamiento
359,prueba
360,entrenamiento
361,entrenamiento
362,entrenamiento
363,entrenamiento
364,entrenamiento
365,prueba
366,prueba
367,validacion
368,entrenamiento
369,entrenamiento
370,entrenamiento
371,validacion
372,entrenamiento
373,prueba
374,prueba
375,entrenamiento
376,entrenamiento
377,entrenamiento
378,prueba
379,entrenamiento
380,entrenamiento
381,entrenamiento
382,entrenamiento
383,entrenamiento
384,entrenamiento
385,entrenamiento
386,validacion
387,entrenamiento
388,entrenamiento
389,entrenamiento
390,entrenamiento
391,entrenamiento
392,entrenamiento
393,validacion
394,entrenamiento
395,entrenamiento
396,prueba
397,entrenamiento
398,entrenamiento
399,entrenamiento
400,entrenamiento
401,entrenamiento
402,entrenamiento
403,entrenamiento
404,prueba
405,entrenamiento
406,entrenamiento
407,entrenamiento
408,entrenamiento
409,validacion
410,prueba
411,entrenamiento
412,prueba
413,prueba
414,prueba
415,validacion
416,entrenamiento
417,entrenamiento
418,entrenamiento
419,prueba
420,entrenamiento
421,entrenamiento
422,entrenamiento
423,validacion
424,entrenamiento
425,validacion
426,validacion
427,prueba
428,entrenamiento
429,entrenamiento
430,prueba
431,validacion
432,entrenamiento
433,entrenamiento
434,entrenamiento
435,entrenamiento
436,prueba
437,prueba
438,entrenamiento
439,entrenamiento
440,entrenamiento
441,entrenamiento
442,validacion
443,validacion
444,entrenamiento
445,entrenamiento
446,validacion
447,entrenamiento
448,entrenamiento
449,validacion
450,entrenamiento
451,entrenamiento
452,entrenamiento
453,prueba
454,validacion
455,entrenamiento
456,entrenamiento
457,entrenamiento
458,entrenamiento
459,entrenamiento
460,entrenamiento
461,entrenamiento
462,prueba
463,entrenamiento
464,entrenamiento
465,prueba
466,prueba
467,validacion
468,entrenamiento
469,prueba
470,entrenamiento
471,entrenamiento
472,entrenamiento
473,entrenamiento
474,prueba
475,entrenamiento
476,entrenamiento
477,entrenamiento
478,entrenamiento
479,entrenamiento
480,entrenamiento
481,prueba
482,entrenamiento
483,entrenamiento
484,validacion
485,entrenamiento
486,entrenamiento
487,entrenamiento
488,entrenamiento
489,prueba
490,entrenamiento
491,entrenamiento
492,entrenamiento
493,prueba
494,validacion
495,entrenamiento
496,prueba
497,entrenamiento
498,entrenamiento
499,prueba
500,entrenamiento
501,entrenamiento
502,prueba
503,entrenamiento
504,entrenamiento
505,prueba
506,prueba
507,validacion
508,entrenamiento
509,entrenamiento
510,validacion
511,validacion
512,entrenamiento
513,entrenamiento
514,entrenamiento
515,entrenamiento
516,prueba
517,prueba
518,entrenamiento
519,entrenamiento
520,entrenamiento
521,entrenamiento
522,validacion
523,prueba
524,entrenamiento
525,prueba
526,entrenamiento
527,entrenamiento
528,validacion
529,validacion
530,entrenamiento
531,entrenamiento
532,entrenamiento
533,entrenamiento
534,entrenamiento
535,entrenamiento
536,entrenamiento
537,entrenamiento
538,validacion
539,prueba
540,prueba
541,entrenamiento
542,entrenamiento
543,prueba
544,entrenamiento
545,prueba
546,validacion
547,entrenamiento
548,entrenamiento
549,entrenamiento
550,entrenamiento
551,entrenamiento
552,entrenamiento
553,prueba
554,prueba
555,entrenamiento
556,prueba
557,validacion
558,entrenamiento
559,entrenamiento
560,entrenamiento
561,entrenamiento
562,validacion
563,prueba
564,validacion
565,entrenamiento
566,prueba
567,entrenamiento
568,entrenamiento
569,entrenamiento
570,entrenamiento
571,entrenamiento
572,validacion
573,entrenamiento
574,validacion
575,entrenamiento
576,entrenamiento
577,prueba
578,prueba
579,entrenamiento
580,validacion
581,prueba
582,entrenamiento
583,entrenamiento
584,entrenamiento
585,validacion
586,entrenamiento
587,entrenamiento
588,entrenamiento
589,validacion
590,entrenamiento
591,entrenamiento
592,entrenamiento
593,prueba
594,entrenamiento
595,entrenamiento
596,entrenamiento
597,entrenamiento
598,entrenamiento
599,entrenamiento
600,entrenamiento
601,prueba
602,entrenamiento
603,entrenamiento
604,validacion
605,entrenamiento
606,entrenamiento
607,entrenamiento
608,entrenamiento
609,entrenamiento
610,validacion
611,prueba
612,entrenamiento
613,entrenamiento
614,entrenamiento
615,validacion
616,validacion
617,validacion
618,entrenamiento
619,entrenamiento
620,prueba
621,entrenamiento
622,entrenamiento
623,prueba
624,entrenamiento
625,prueba
626,entrenamiento
627,entrenamiento
628,entrenamiento
629,validacion
630,validacion
631,prueba
632,entrenamiento
633,entrenamiento
634,entrenamiento
635,entrenamiento
636,entrenamiento
637,entrenamiento
638,prueba
639,entrenamiento
640,entrenamiento
641,entrenamiento
642,entrenamiento
643,entrenamiento
644,entrenamiento
645,entrenamiento
646,entrenamiento
647,entrenamiento
648,validacion
649,entrenamiento
650,entrenamiento
651,prueba
652,prueba
653,entrenamiento
654,prueba
655,prueba
656,entrenamiento
657,entrenamiento
658,validacion
659,entrenamiento
660,entrenamiento
661,prueba
662,validacion
663,prueba
664,entrenamiento
665,entrenamiento
666,entrenamiento
667,entrenamiento
668,entrenamiento
669,prueba
670,validacion
671,entrenamiento
672,prueba
673,validacion
674,entrenamiento
675,entrenamiento
676,entrenamiento
677,entrenamiento
678,validacion
679,validacion
680,entrenamiento
681,validacion
682,validacion
683,prueba
684,entrenamiento
685,entrenamiento
686,entrenamiento
687,validacion
688,entrenamiento
689,entrenamiento
690,entrenamiento
691,entrenamiento
692,validacion
693,entrenamiento
694,entrenamiento
695,entrenamiento
696,entrenamiento
697,prueba
698,prueba
699,prueba
700,entrenamiento
701,entrenamiento
702,entrenamiento
703,entrenamiento
704,entrenamiento
705,entrenamiento
706,entrenamiento
707,entrenamiento
708,entrenamiento
709,entrenamiento
710,validacion
711,entrenamiento
712,prueba
713,prueba
714,entrenamiento
715,prueba
716,entrenamiento
717,validacion
718,entrenamiento
719,prueba
720,entrenamiento
721,entrenamiento
722,entrenamiento
723,entrenamiento
724,entrenamiento
725,prueba
726,entrenamiento
727,entrenamiento
728,entrenamiento
729,validacion
730,entrenamiento
731,entrenamiento
732,entrenamiento
733,prueba
734,entrenamiento
735,entrenamiento
736,entrenamiento
737,entrenamiento
738,prueba
739,entrenamiento
740,prueba
741,prueba
742,prueba
743,entrenamiento
744,entrenamiento
745,entrenamiento
746,validacion
747,validacion
748,entrenamiento
749,entrenamiento
750,prueba
751,entrenamiento
752,entrenamiento
753,validacion
754,validacion
755,entrenamiento
756,entrenamiento
757,entrenamiento
758,validacion
759,entrenamiento
760,entrenamiento
761,validacion
762,entrenamiento
763,validacion
764,entrenamiento
765,entrenamiento
766,prueba
767,entrenamiento
768,validacion
769,entrenamiento
770,entrenamiento
771,entrenamiento
772,entrenamiento
773,validacion
774,validacion
775,entrenamiento
776,entrenamiento
777,entrenamiento
778,entrenamiento
779,validacion
780,validacion
781,entrenamiento
782,prueba
783,entrenamiento
784,prueba
785,prueba
786,validacion
787,entrenamiento
788,entrenamiento
789,prueba
790,validacion
791,entrenamiento
792,validacion
793,entrenamiento
794,prueba
795,entrenamiento
796,entrenamiento
797,entrenamiento
798,entrenamiento
799,entrenamiento
800,entrenamiento
801,validacion
802,entrenamiento
803,entrenamiento
804,entrenamiento
805,prueba
806,prueba
807,validacion
808,entrenamiento
809,entrenamiento
810,entrenamiento
811,entrenamiento
812,entrenamiento
813,validacion
814,entrenamiento
815,prueba
816,entrenamiento
817,entrenamiento
818,validacion
819,entrenamiento
820,entrenamiento
821,entrenamiento
822,entrenamiento
823,validacion
824,entrenamiento
825,entrenamiento
826,entrenamiento
827,entrenamiento
828,entrenamiento
829,entrenamiento
830,prueba
831,entrenamiento
832,entrenamiento
833,entrenamiento
834,entrenamiento
835,entrenamiento
836,validacion
837,prueba
838,entrenamiento
839,prueba
840,prueba
841,entrenamiento
842,prueba
843,entrenamiento
844,validacion
845,entrenamiento
846,validacion
847,entrenamiento
848,prueba
849,prueba
850,prueba
851,validacion
852,entrenamiento
853,entrenamiento
854,prueba
855,entrenamiento
856,entrenamiento
857,validacion
858,entrenamiento
859,entrenamiento
860,entrenamiento
861,entrenamiento
862,entrenamiento
863,validacion
864,entrenamiento
865,entrenamiento
866,entrenamiento
867,entrenamiento
868,validacion
869,entrenamiento
870,entrenamiento
871,entrenamiento
872,entrenamiento
873,validacion
874,entrenamiento
875,entrenamiento
876,entrenamiento
877,entrenamiento
878,entrenamiento
879,validacion
880,entrenamiento
881,prueba
882,entrenamiento
883,entrenamiento
884,validacion
885,prueba
886,validacion
887,entrenamiento
888,prueba
889,validacion
890,entrenamiento
891,entrenamiento
892,entrenamiento
893,entrenamiento
894,entrenamiento
895,entrenamiento
896,prueba
897,validacion
898,entrenamiento
899,entrenamiento
900,entrenamiento
901,validacion
902,entrenamiento
903,entrenamiento
904,validacion
905,entrenamiento
906,validacion
907,entrenamiento
908,entrenamiento
909,entrenamiento
910,entrenamiento
911,entrenamiento
912,entrenamiento
913,entrenamiento
914,entrenamiento
915,entrenamiento
916,prueba
917,entrenamiento
918,entrenamiento
919,validacion
920,entrenamiento
921,entrenamiento
922,validacion
923,entrenamiento
924,entrenamiento
925,entrenamiento
926,entrenamiento
927,prueba
928,entrenamiento
929,prueba
930,entrenamiento
931,entrenamiento
932,entrenamiento
933,entrenamiento
934,prueba
935,entrenamiento
936,entrenamiento
937,entrenamiento
938,validacion
939,entrenamiento
940,entrenamiento
941,validacion
942,entrenamiento
943,entrenamiento
944,entrenamiento
945,entrenamiento
946,entrenamiento
947,entrenamiento
948,entrenamiento
949,validacion
950,prueba
951,entrenamiento
952,entrenamiento
953,entrenamiento
954,entrenamiento
955,entrenamiento
956,entrenamiento
957,validacion
958,entrenamiento
959,entrenamiento
960,prueba
961,prueba
962,entrenamiento
963,validacion
964,validacion
965,entrenamiento
966,entrenamiento
967,entrenamiento
968,validacion
969,entrenamiento
970,entrenamiento
971,validacion
972,entrenamiento
973,entrenamiento
974,entrenamiento
975,prueba
976,prueba
977,prueba
978,entrenamiento
979,entrenamiento
980,entrenamiento
981,entrenamiento
982,entrenamiento
983,entrenamiento
984,entrenamiento
985,prueba
986,entrenamiento
987,validacion
988,entrenamiento
989,prueba
990,entrenamiento
991,entrenamiento
992,entrenamiento
993,entrenamiento
994,prueba
995,prueba
996,validacion
997,entrenamiento
998,entrenamiento
999,validacion
1000,entrenamiento
1001,validacion
1002,entrenamiento
1003,entrenamiento
1004,entrenamiento
1005,entrenamiento
1006,validacion
1007,entrenamiento
1008,prueba
1009,prueba
1010,entrenamiento
1011,entrenamiento
1012,entrenamiento
1013,entrenamiento
1014,entrenamiento
1015,entrenamiento
1016,prueba
1017,prueba
1018,entrenamiento
1019,validacion
1020,entrenamiento
1021,entrenamiento
1022,entrenamiento
1023,entrenamiento
1024,entrenamiento
1025,entrenamiento
1026,entrenamiento
1027,entrenamiento
1028,entrenamiento
1029,prueba
1030,entrenamiento
1031,entrenamiento
1032,entrenamiento
1033,entrenamiento
1034,entrenamiento
1035,entrenamiento
1036,entrenamiento
1037,entrenamiento
1038,entrenamiento
1039,entrenamiento
1040,entrenamiento
1041,entrenamiento
1042,validacion
1043,entrenamiento
1044,validacion
1045,validacion
1046,entrenamiento
1047,validacion
1048,entrenamiento
1049,entrenamiento
1050,entrenamiento
1051,prueba
1052,entrenamiento
1053,prueba
1054,entrenamiento
1055,prueba
1056,validacion
1057,prueba
1058,entrenamiento
1059,entrenamiento
1060,validacion
1061,entrenamiento
1062,entrenamiento
1063,entrenamiento
1064,entrenamiento
1065,entrenamiento
1066,validacion
1067,prueba
1068,entrenamiento
1069,entrenamiento
1070,entrenamiento
1071,entrenamiento
1072,entrenamiento
1073,prueba
1074,validacion
1075,entrenamiento
1076,entrenamiento
1077,prueba
1078,entrenamiento
1079,prueba
1080,prueba
1081,entrenamiento
1082,validacion
1083,entrenamiento
1084,entrenamiento
1085,entrenamiento
1086,entrenamiento
1087,entrenamiento
1088,validacion
1089,prueba
1090,entrenamiento
1091,validacion
1092,entrenamiento
1093,entrenamiento
1094,entrenamiento
1095,entrenamiento
1096,entrenamiento
1097,entrenamiento
1098,validacion
1099,prueba
1100,entrenamiento
1101,prueba
1102,entrenamiento
1103,entrenamiento
1104,prueba
1105,entrenamiento
1106,prueba
1107,prueba
1108,entrenamiento
1109,entrenamiento
1110,entrenamiento
1111,entrenamiento
1112,entrenamiento
1113,validacion
1114,entrenamiento
1115,validacion
1116,entrenamiento
1117,entrenamiento
1118,entrenamiento
1119,prueba
1120,validacion
1121,prueba
1122,entrenamiento
1123,entrenamiento
1124,entrenamiento
1125,validacion
1126,entrenamiento
1127,prueba
1128,entrenamiento
1129,validacion
1130,validacion
1131,validacion
1132,prueba
1133,entrenamiento
1134,prueba
1135,validacion
1136,entrenamiento
1137,entrenamiento
1138,entrenamiento
1139,entrenamiento
1140,entrenamiento
1141,entrenamiento
1142,validacion
1143,entrenamiento
1144,entrenamiento
1145,validacion
1146,entrenamiento
1147,entrenamiento
1148,entrenamiento
1149,entrenamiento
1150,entrenamiento
1151,prueba
1152,entrenamiento
1153,entrenamiento
1154,entrenamiento
1155,validacion
1156,prueba
1157,prueba
1158,entrenamiento
1159,validacion
1160,entrenamiento
1161,prueba
1162,entrenamiento
1163,validacion
1164,entrenamiento
1165,entrenamiento
1166,entrenamiento
1167,entrenamiento
1168,entrenamiento
1169,entrenamiento
1170,entrenamiento
1171,entrenamiento
1172,entrenamiento
1173,prueba
1174,entrenamiento
1175,validacion
1176,entrenamiento
1177,entrenamiento
1178,validacion
1179,entrenamiento
1180,entrenamiento
1181,validacion
1182,entrenamiento
1183,entrenamiento
1184,validacion
1185,entrenamiento
1186,entrenamiento
1187,entrenamiento
1188,entrenamiento
1189,entrenamiento
1190,prueba
1191,validacion
1192,entrenamiento
1193,entrenamiento
1194,validacion
1195,entrenamiento
1196,prueba
1197,entrenamiento
1198,validacion
1199,entrenamiento
1200,entrenamiento
1201,entrenamiento
1202,validacion
1203,prueba
1204,prueba
1205,entrenamiento
1206,entrenamiento
1207,prueba
1208,entrenamiento
1209,entrenamiento
1210,entrenamiento
1211,entrenamiento
1212,entrenamiento
1213,entrenamiento
1214,entrenamiento
1215,entrenamiento
1216,validacion
1217,prueba
1218,entrenamiento
1219,prueba
1220,entrenamiento
1221,validacion
1222,entrenamiento
1223,prueba
1224,validacion
1225,validacion
1226,entrenamiento
1227,validacion
1228,validacion
1229,prueba
1230,entrenamiento
1231,entrenamiento
1232,entrenamiento
1233,validacion
1234,entrenamiento
1235,entrenamiento
1236,entrenamiento
1237,prueba
1238,validacion
1239,entrenamiento
1240,prueba
1241,prueba
1242,entrenamiento
1243,entrenamiento
1244,prueba
1245,entrenamiento
1246,entrenamiento
1247,entrenamiento
1248,entrenamiento
1249,entrenamiento
1250,entrenamiento
1251,validacion
1252,validacion
1253,validacion
1254,prueba
1255,entrenamiento
1256,prueba
1257,validacion
1258,entrenamiento
1259,entrenamiento
1260,prueba
1261,entrenamiento
1262,validacion
1263,entrenamiento
1264,validacion
1265,entrenamiento
1266,entrenamiento
1267,prueba
1268,entrenamiento
1269,entrenamiento
1270,validacion
1271,entrenamiento
1272,prueba
1273,entrenamiento
1274,entrenamiento
1275,prueba
1276,validacion
1277,entrenamiento
1278,entrenamiento
1279,entrenamiento
1280,entrenamiento
1281,validacion
1282,entrenamiento
1283,entrenamiento
1284,prueba
1285,prueba
1286,prueba
1287,prueba
1288,entrenamiento
1289,entrenamiento
1290,entrenamiento
1291,entrenamiento
1292,entrenamiento
1293,entrenamiento
1294,entrenamiento
1295,entrenamiento
1296,validacion
1297,entrenamiento
1298,entrenamiento
1299,entrenamiento
1300,entrenamiento
1301,entrenamiento
1302,prueba
1303,entrenamiento
1304,entrenamiento
1305,validacion
1306,validacion
1307,entrenamiento
1308,prueba
1309,entrenamiento
1310,entrenamiento
1311,entrenamiento
1312,prueba
1313,entrenamiento
1314,validacion
1315,entrenamiento
1316,entrenamiento
1317,validacion
1318,entrenamiento
1319,entrenamiento
1320,entrenamiento
1321,entrenamiento
1322,entrenamiento
1323,entrenamiento
1324,validacion
1325,entrenamiento
1326,entrenamiento
1327,prueba
1328,entrenamiento
1329,prueba
1330,entrenamiento
1331,entrenamiento
1332,validacion
1333,validacion
1334,prueba
1335,entrenamiento
1336,entrenamiento
1337,entrenamiento
1338,validacion
1339,entrenamiento
1340,validacion
1341,prueba
1342,entrenamiento
1343,entrenamiento
1344,prueba
1345,entrenamiento
1346,prueba
1347,entrenamiento
1348,entrenamiento
1349,validacion
1350,entrenamiento
1351,entrenamiento
1352,entrenamiento
1353,entrenamiento
1354,validacion
1355,entrenamiento
1356,prueba
1357,entrenamiento
1358,entrenamiento
1359,entrenamiento
1360,entrenamiento
1361,entrenamiento
1362,entrenamiento
1363,entrenamiento
1364,validacion
1365,entrenamiento
1366,validacion
1367,entrenamiento
1368,prueba
1369,prueba
1370,prueba
1371,entrenamiento
1372,prueba
1373,validacion
1374,prueba
1375,validacion
1376,entrenamiento
1377,validacion
1378,entrenamiento
1379,validacion
1380,entrenamiento
1381,validacion
1382,entrenamiento
1383,validacion
1384,entrenamiento
1385,entrenamiento
1386,validacion
1387,validacion
1388,prueba
1389,prueba
1390,entrenamiento
1391,validacion
1392,prueba
1393,entrenamiento
1394,validacion
1395,validacion
1396,entrenamiento
1397,prueba
1398,validacion
1399,entrenamiento
1400,prueba
1401,validacion
1402,entrenamiento
1403,entrenamiento
1404,prueba
1405,entrenamiento
1406,entrenamiento
1407,validacion
1408,prueba
1409,entrenamiento
1410,prueba
1411,prueba
1412,validacion
1413,prueba
1414,entrenamiento
1415,entrenamiento
1416,entrenamiento
1417,entrenamiento
1418,entrenamiento
1419,entrenamiento
1420,entrenamiento
1421,entrenamiento
1422,prueba
1423,entrenamiento
1424,entrenamiento
1425,validacion
1426,entrenamiento
1427,validacion
1428,entrenamiento
1429,prueba
1430,entrenamiento
1431,entrenamiento
1432,validacion
1433,validacion
1434,prueba
1435,entrenamiento
1436,entrenamiento
1437,prueba
1438,prueba
1439,entrenamiento
1440,entrenamiento
1441,prueba
1442,prueba
1443,entrenamiento
1444,entrenamiento
1445,entrenamiento
1446,entrenamiento
1447,validacion
1448,entrenamiento
1449,entrenamiento
1450,entrenamiento
1451,prueba
1452,validacion
1453,entrenamiento
1454,entrenamiento
1455,entrenamiento
1456,prueba
1457,entrenamiento
1458,prueba
1459,entrenamiento
1460,prueba
1461,prueba
1462,validacion
1463,validacion
1464,entrenamiento
1465,entrenamiento
1466,validacion
1467,entrenamiento
1468,entrenamiento
1469,prueba
1470,prueba
1471,validacion
1472,entrenamiento
1473,entrenamiento
1474,entrenamiento
1475,entrenamiento
1476,entrenamiento
1477,entrenamiento
1478,entrenamiento
1479,entrenamiento
1480,entrenamiento
1481,entrenamiento
1482,entrenamiento
1483,entrenamiento
1484,entrenamiento
1485,validacion
1486,validacion
1487,entrenamiento
1488,prueba
1489,entrenamiento
1490,prueba
1491,entrenamiento
1492,prueba
1493,entrenamiento
1494,entrenamiento
1495,entrenamiento
1496,entrenamiento
1497,validacion
1498,entrenamiento
1499,prueba
1500,validacion
1501,prueba
1502,entrenamiento
1503,entrenamiento
1504,entrenamiento
1505,entrenamiento
1506,validacion
1507,entrenamiento
1508,entrenamiento
1509,entrenamiento
1510,validacion
1511,entrenamiento
1512,entrenamiento
1513,entrenamiento
1514,entrenamiento
1515,entrenamiento
1516,entrenamiento
1517,validacion
1518,entrenamiento
1519,validacion
1520,entrenamiento
1521,entrenamiento
1522,entrenamiento
1523,entrenamiento
1524,entrenamiento
1525,validacion
1526,validacion
1527,validacion
1528,prueba
1529,entrenamiento
1530,entrenamiento
1531,prueba
1532,entrenamiento
1533,entrenamiento
1534,prueba
1535,entrenamiento
1536,validacion
1537,prueba
1538,entrenamiento
1539,entrenamiento
1540,entrenamiento
1541,entrenamiento
1542,entrenamiento
1543,entrenamiento
1544,entrenamiento
1545,entrenamiento
1546,prueba
1547,entrenamiento
1548,prueba
1549,entrenamiento
1550,entrenamiento
1551,entrenamiento
1552,prueba
1553,prueba
1554,entrenamiento
1555,prueba
1556,entrenamiento
1557,entrenamiento
1558,validacion
1559,entrenamiento
1560,prueba
1561,entrenamiento
1562,entrenamiento
1563,entrenamiento
1564,entrenamiento
1565,validacion
1566,prueba
1567,entrenamiento
1568,prueba
1569,prueba
1570,prueba
1571,entrenamiento
1572,entrenamiento
1573,prueba
1574,entrenamiento
1575,entrenamiento
1576,prueba
1577,entrenamiento
1578,entrenamiento
1579,entrenamiento
1580,entrenamiento
1581,entrenamiento
1582,entrenamiento
1583,entrenamiento
1584,prueba
1585,validacion
1586,entrenamiento
1587,entrenamiento
1588,validacion
1589,validacion
1590,entrenamiento
1591,entrenamiento
1592,entrenamiento
1593,entrenamiento
1594,entrenamiento
1595,entrenamiento
1596,entrenamiento
1597,entrenamiento
1598,entrenamiento
1599,entrenamiento
1600,prueba
1601,validacion
1602,prueba
1603,entrenamiento
1604,entrenamiento
1605,entrenamiento
1606,validacion
1607,prueba
1608,prueba
1609,entrenamiento
1610,entrenamiento
1611,entrenamiento
1612,entrenamiento
1613,prueba
1614,entrenamiento
1615,entrenamiento
1616,entrenamiento
1617,entrenamiento
1618,entrenamiento
1619,validacion
1620,entrenamiento
1621,prueba
1622,validacion
1623,validacion
1624,validacion
1625,entrenamiento
1626,entrenamiento
1627,validacion
1628,entrenamiento
1629,entrenamiento
1630,prueba
1631,prueba
1632,entrenamiento
1633,prueba
1634,entrenamiento
1635,entrenamiento
1636,entrenamiento
1637,entrenamiento
1638,entrenamiento
1639,entrenamiento
1640,entrenamiento
1641,entrenamiento
1642,entrenamiento
1643,prueba
1644,entrenamiento
1645,prueba
1646,entrenamiento
1647,entrenamiento
1648,entrenamiento
1649,entrenamiento
1650,entrenamiento
1651,entrenamiento
1652,entrenamiento
1653,prueba
1654,entrenamiento
1655,validacion
1656,entrenamiento
1657,entrenamiento
1658,entrenamiento
1659,entrenamiento
1660,entrenamiento
1661,entrenamiento
1662,entrenamiento
1663,entrenamiento
1664,entrenamiento
1665,entrenamiento
1666,entrenamiento
1667,prueba
1668,entrenamiento
1669,prueba
1670,entrenamiento
1671,entrenamiento
1672,entrenamiento
1673,entrenamiento
1674,entrenamiento
1675,entrenamiento
1676,entrenamiento
1677,entrenamiento
1678,entrenamiento
1679,entrenamiento
1680,entrenamiento
1681,entrenamiento
1682,entrenamiento
1683,entrenamiento
1684,entrenamiento
1685,prueba
1686,entrenamiento
1687,entrenamiento
1688,entrenamiento
1689,validacion
1690,prueba
1691,entrenamiento
1692,entrenamiento
1693,validacion
1694,validacion
1695,entrenamiento
1696,entrenamiento
1697,entrenamiento
1698,entrenamiento
1699,entrenamiento
1700,entrenamiento
1701,entrenamiento
1702,prueba
1703,entrenamiento
1704,validacion
1705,prueba
1706,entrenamiento
1707,validacion
1708,validacion
1709,entrenamiento
1710,prueba
1711,entrenamiento
1712,prueba
1713,entrenamiento
1714,entrenamiento
1715,entrenamiento
1716,validacion
1717,entrenamiento
1718,prueba
1719,entrenamiento
1720,entrenamiento
1721,entrenamiento
1722,prueba
1723,prueba
1724,entrenamiento
1725,validacion
1726,validacion
1727,validacion
1728,entrenamiento
1729,entrenamiento
1730,entrenamiento
1731,validacion
1732,entrenamiento
1733,entrenamiento
1734,entrenamiento
1735,prueba
1736,entrenamiento
1737,entrenamiento
1738,prueba
1739,entrenamiento
1740,entrenamiento
1741,prueba
1742,entrenamiento
1743,validacion
1744,entrenamiento
1745,entrenamiento
1746,validacion
1747,validacion
1748,entrenamiento
1749,validacion
1750,entrenamiento
1751,prueba
1752,prueba
1753,validacion
1754,entrenamiento
1755,entrenamiento
1756,validacion
1757,validacion
1758,entrenamiento
1759,entrenamiento
1760,entrenamiento
1761,entrenamiento
1762,prueba
1763,entrenamiento
1764,validacion
1765,validacion
1766,entrenamiento
1767,prueba
1768,validacion
1769,prueba
1770,entrenamiento
1771,entrenamiento
1772,prueba
1773,entrenamiento
1774,prueba
1775,entrenamiento
1776,entrenamiento
1777,entrenamiento
1778,entrenamiento
1779,entrenamiento
1780,prueba
1781,entrenamiento
1782,entrenamiento
1783,entrenamiento
1784,entrenamiento
1785,entrenamiento
1786,entrenamiento
1787,prueba
1788,entrenamiento
1789,entrenamiento
1790,entrenamiento
1791,entrenamiento
1792,entrenamiento
1793,entrenamiento
1794,prueba
1795,entrenamiento
1796,entrenamiento
1797,entrenamiento
1798,entrenamiento
1799,entrenamiento
1800,prueba
1801,entrenamiento
1802,entrenamiento
1803,entrenamiento
1804,entrenamiento
1805,validacion
1806,prueba
1807,validacion
1808,validacion
1809,validacion
1810,prueba
1811,prueba
1812,prueba
1813,prueba
1814,entrenamiento
1815,entrenamiento
1816,validacion
1817,prueba
1818,entrenamiento
1819,entrenamiento
1820,prueba
1821,entrenamiento
1822,prueba
1823,prueba
1824,entrenamiento
1825,validacion
1826,entrenamiento
1827,entrenamiento
1828,validacion
1829,entrenamiento
1830,prueba
1831,prueba
1832,entrenamiento
1833,entrenamiento
1834,prueba
1835,entrenamiento
1836,entrenamiento
1837,entrenamiento
1838,entrenamiento
1839,entrenamiento
1840,prueba
1841,entrenamiento
1842,validacion
1843,validacion
1844,entrenamiento
1845,prueba
1846,validacion
1847,entrenamiento
1848,entrenamiento
1849,entrenamiento
1850,validacion
1851,entrenamiento
1852,prueba
1853,validacion
1854,entrenamiento
1855,entrenamiento
1856,entrenamiento
1857,entrenamiento
1858,validacion
1859,entrenamiento
1860,prueba
1861,entrenamiento
1862,entrenamiento
1863,entrenamiento
1864,entrenamiento
1865,entrenamiento
1866,entrenamiento
1867,validacion
1868,prueba
1869,prueba
1870,prueba
1871,validacion
1872,entrenamiento
1873,entrenamiento
1874,entrenamiento
1875,prueba
1876,entrenamiento
1877,entrenamiento
1878,entrenamiento
1879,validacion
1880,entrenamiento
1881,prueba
1882,entrenamiento
1883,entrenamiento
1884,prueba
1885,entrenamiento
1886,entrenamiento
1887,prueba
1888,validacion
1889,entrenamiento
1890,entrenamiento
1891,entrenamiento
1892,entrenamiento
1893,entrenamiento
1894,entrenamiento
1895,entrenamiento
1896,prueba
1897,entrenamiento
1898,prueba
1899,entrenamiento
1900,entrenamiento
1901,prueba
1902,entrenamiento
1903,entrenamiento
1904,entrenamiento
1905,entrenamiento
1906,entrenamiento
1907,validacion
1908,entrenamiento
1909,entrenamiento
1910,entrenamiento
1911,entrenamiento
1912,prueba
1913,entrenamiento
1914,entrenamiento
1915,validacion
1916,entrenamiento
1917,prueba
1918,entrenamiento
1919,entrenamiento
1920,entrenamiento
1921,prueba
1922,entrenamiento
1923,entrenamiento
1924,entrenamiento
1925,entrenamiento
1926,entrenamiento
1927,validacion
1928,entrenamiento
1929,prueba
1930,entrenamiento
1931,entrenamiento
1932,validacion
1933,prueba
1934,entrenamiento
1935,entrenamiento
1936,entrenamiento
1937,prueba
1938,entrenamiento
1939,entrenamiento
1940,prueba
1941,validacion
1942,entrenamiento
1943,entrenamiento
1944,entrenamiento
1945,entrenamiento
1946,entrenamiento
1947,validacion
1948,validacion
1949,entrenamiento
1950,validacion
1951,entrenamiento
1952,entrenamiento
1953,entrenamiento
1954,entrenamiento
1955,entrenamiento
1956,validacion
1957,entrenamiento
1958,entrenamiento
1959,entrenamiento
1960,entrenamiento
1961,validacion
1962,entrenamiento
1963,entrenamiento
1964,validacion
1965,entrenamiento
1966,entrenamiento
1967,entrenamiento
1968,prueba
1969,validacion
1970,entrenamiento
1971,entrenamiento
1972,entrenamiento
1973,entrenamiento
1974,validacion
1975,validacion
1976,validacion
1977,entrenamiento
1978,entrenamiento
1979,entrenamiento
1980,entrenamiento
1981,entrenamiento
1982,entrenamiento
1983,entrenamiento
1984,entrenamiento
1985,entrenamiento
1986,entrenamiento
1987,entrenamiento
1988,entrenamiento
1989,prueba
1990,entrenamiento
1991,prueba
1992,entrenamiento
1993,entrenamiento
1994,entrenamiento
1995,prueba
1996,prueba
1997,entrenamiento
1998,entrenamiento
1999,entrenamiento
2000,entrenamiento
2001,validacion
2002,entrenamiento
2003,entrenamiento
2004,prueba
2005,entrenamiento
2006,entrenamiento
2007,entrenamiento
2008,entrenamiento
2009,entrenamiento
2010,entrenamiento
2011,entrenamiento
2012,prueba
2013,entrenamiento
2014,prueba
2015,entrenamiento
2016,prueba
2017,validacion
2018,validacion
2019,prueba
2020,entrenamiento
2021,prueba
2022,validacion
2023,entrenamiento
2024,entrenamiento
2025,entrenamiento
2026,entrenamiento
2027,entrenamiento
2028,entrenamiento
2029,entrenamiento
2030,validacion
2031,entrenamiento
2032,entrenamiento
2033,prueba
2034,validacion
2035,entrenamiento
2036,entrenamiento
2037,entrenamiento
2038,entrenamiento
2039,entrenamiento
2040,prueba
2041,entrenamiento
2042,entrenamiento
2043,entrenamiento
2044,entrenamiento
2045,entrenamiento
2046,entrenamiento
2047,entrenamiento
2048,entrenamiento
2049,entrenamiento
2050,validacion
2051,entrenamiento
2052,validacion
2053,entrenamiento
2054,entrenamiento
2055,entrenamiento
2056,entrenamiento
2057,entrenamiento
2058,entrenamiento
2059,entrenamiento
2060,entrenamiento
2061,validacion
2062,prueba
2063,entrenamiento
2064,entrenamiento
2065,prueba
2066,entrenamiento
2067,prueba
2068,entrenamiento
2069,prueba
2070,prueba
2071,prueba
2072,validacion
2073,entrenamiento
2074,entrenamiento
2075,validacion
2076,validacion
2077,prueba
2078,entrenamiento
2079,entrenamiento
2080,entrenamiento
2081,entrenamiento
2082,entrenamiento
2083,validacion
2084,entrenamiento
2085,entrenamiento
2086,entrenamiento
2087,validacion
2088,entrenamiento
2089,entrenamiento
2090,prueba
2091,validacion
2092,entrenamiento
2093,entrenamiento
2094,entrenamiento
2095,prueba
2096,validacion
2097,validacion
2098,entrenamiento
2099,entrenamiento
2100,entrenamiento
2101,prueba
2102,validacion
2103,entrenamiento
2104,prueba
2105,validacion
2106,entrenamiento
2107,entrenamiento
2108,prueba
2109,prueba
2110,entrenamiento
2111,entrenamiento
2112,entrenamiento
2113,entrenamiento
2114,prueba
2115,entrenamiento
2116,entrenamiento
2117,prueba
2118,validacion
2119,validacion
2120,entrenamiento
2121,entrenamiento
2122,prueba
2123,entrenamiento
2124,entrenamiento
2125,prueba
2126,validacion
2127,entrenamiento
2128,prueba
2129,entrenamiento
2130,prueba
2131,entrenamiento
2132,entrenamiento
2133,validacion
2134,entrenamiento
2135,prueba
2136,prueba
2137,entrenamiento
2138,prueba
2139,validacion
2140,prueba
2141,prueba
2142,entrenamiento
2143,validacion
2144,entrenamiento
2145,validacion
2146,entrenamiento
2147,prueba
2148,entrenamiento
2149,entrenamiento
2150,entrenamiento
2151,entrenamiento
2152,entrenamiento
2153,entrenamiento
2154,validacion
2155,prueba
2156,entrenamiento
2157,prueba
2158,entrenamiento
2159,entrenamiento
2160,entrenamiento
2161,entrenamiento
2162,entrenamiento
2163,prueba
2164,entrenamiento
2165,entrenamiento
2166,entrenamiento
2167,entrenamiento
2168,entrenamiento
2169,entrenamiento
2170,entrenamiento
2171,prueba
2172,prueba
2173,entrenamiento
2174,entrenamiento
2175,validacion
2176,prueba
2177,entrenamiento
2178,entrenamiento
2179,entrenamiento
2180,entrenamiento
2181,entrenamiento
2182,validacion
2183,entrenamiento
2184,entrenamiento
2185,entrenamiento
2186,entrenamiento
2187,entrenamiento
2188,entrenamiento
2189,entrenamiento
2190,entrenamiento
2191,prueba
2192,entrenamiento
2193,entrenamiento
2194,entrenamiento
2195,entrenamiento
2196,validacion
2197,entrenamiento
2198,entrenamiento
2199,validacion
2200,entrenamiento
2201,entrenamiento
2202,entrenamiento
2203,entrenamiento
2204,entrenamiento
2205,entrenamiento
2206,entrenamiento
2207,entrenamiento
2208,validacion
2209,entrenamiento
2210,entrenamiento
2211,entrenamiento
2212,entrenamiento
2213,entrenamiento
2214,entrenamiento
2215,validacion
2216,prueba
2217,entrenamiento
2218,entrenamiento
2219,entrenamiento
2220,entrenamiento
2221,entrenamiento
2222,prueba
2223,validacion
2224,prueba
2225,prueba
2226,validacion
2227,prueba
2228,prueba
2229,entrenamiento
2230,validacion
2231,entrenamiento
2232,entrenamiento
2233,prueba
2234,entrenamiento
2235,validacion
2236,entrenamiento
2237,validacion
2238,entrenamiento
2239,entrenamiento
2240,validacion
2241,entrenamiento
2242,entrenamiento
2243,validacion
2244,entrenamiento
2245,validacion
2246,validacion
2247,entrenamiento
2248,entrenamiento
2249,entrenamiento
2250,entrenamiento
2251,entrenamiento
2252,prueba
2253,prueba
2254,entrenamiento
2255,validacion
2256,entrenamiento
2257,entrenamiento
2258,entrenamiento
2259,entrenamiento
2260,entrenamiento
2261,entrenamiento
2262,entrenamiento
2263,validacion
2264,entrenamiento
2265,entrenamiento
2266,entrenamiento
2267,entrenamiento
2268,entrenamiento
2269,entrenamiento
2270,entrenamiento
2271,entrenamiento
2272,entrenamiento
2273,validacion
2274,validacion
2275,entrenamiento
2276,entrenamiento
2277,validacion
2278,entrenamiento
2279,entrenamiento
2280,validacion
2281,entrenamiento
2282,validacion
2283,entrenamiento
2284,validacion
2285,entrenamiento
2286,entrenamiento
2287,entrenamiento
2288,entrenamiento
2289,prueba
2290,entrenamiento
2291,entrenamiento
2292,entrenamiento
2293,entrenamiento
2294,validacion
2295,entrenamiento
2296,entrenamiento
2297,prueba
2298,entrenamiento
2299,entrenamiento
2300,entrenamiento
2301,entrenamiento
2302,validacion
2303,entrenamiento
2304,entrenamiento
2305,entrenamiento
2306,prueba
2307,entrenamiento
2308,entrenamiento
2309,validacion
2310,validacion
2311,entrenamiento
2312,prueba
2313,entrenamiento
2314,prueba
2315,validacion
2316,prueba
2317,entrenamiento
2318,entrenamiento
2319,prueba
2320,validacion
2321,entrenamiento
2322,validacion
2323,entrenamiento
2324,entrenamiento
2325,entrenamiento
2326,entrenamiento
2327,entrenamiento
2328,entrenamiento
2329,entrenamiento
2330,entrenamiento
2331,validacion
2332,entrenamiento
2333,prueba
2334,entrenamiento
2335,entrenamiento
2336,prueba
2337,entrenamiento
2338,entrenamiento
2339,entrenamiento
2340,entrenamiento
2341,entrenamiento
2342,entrenamiento
2343,entrenamiento
2344,entrenamiento
2345,entrenamiento
2346,prueba
2347,entrenamiento
2348,validacion
2349,validacion
2350,entrenamiento
2351,entrenamiento
2352,prueba
2353,prueba
2354,validacion
2355,entrenamiento
2356,validacion
2357,prueba
2358,entrenamiento
2359,entrenamiento
2360,entrenamiento
2361,entrenamiento
2362,entrenamiento
2363,prueba
2364,validacion
2365,entrenamiento
2366,entrenamiento
2367,entrenamiento
2368,prueba
2369,validacion
2370,entrenamiento
2371,entrenamiento
2372,prueba
2373,prueba
2374,prueba
2375,entrenamiento
2376,validacion
2377,entrenamiento
2378,entrenamiento
2379,entrenamiento
2380,prueba
2381,entrenamiento
2382,prueba
2383,validacion
2384,prueba
2385,entrenamiento
2386,entrenamiento
2387,prueba
2388,entrenamiento
2389,prueba
2390,entrenamiento
2391,entrenamiento
2392,entrenamiento
2393,validacion
2394,prueba
2395,prueba
2396,entrenamiento
2397,entrenamiento
2398,entrenamiento
2399,entrenamiento
2400,entrenamiento
2401,entrenamiento
2402,entrenamiento
2403,prueba
2404,entrenamiento
2405,prueba
2406,prueba
2407,validacion
2408,entrenamiento
2409,entrenamiento
2410,entrenamiento
2411,entrenamiento
2412,entrenamiento
2413,prueba
2414,entrenamiento
2415,prueba
2416,entrenamiento
2417,prueba
2418,prueba
2419,prueba
2420,entrenamiento
2421,entrenamiento
2422,entrenamiento
2423,prueba
2424,entrenamiento
2425,entrenamiento
2426,entrenamiento
2427,prueba
2428,entrenamiento
2429,entrenamiento
2430,entrenamiento
2431,entrenamiento
2432,entrenamiento
2433,entrenamiento
2434,validacion
2435,validacion
2436,prueba
2437,entrenamiento
2438,entrenamiento
2439,entrenamiento
2440,prueba
2441,entrenamiento
2442,validacion
2443,prueba
2444,entrenamiento
2445,entrenamiento
2446,prueba
2447,validacion
2448,entrenamiento
2449,entrenamiento
2450,validacion
2451,entrenamiento
2452,validacion
2453,entrenamiento
2454,validacion
2455,entrenamiento
2456,validacion
2457,prueba
2458,entrenamiento
2459,entrenamiento
2460,entrenamiento
2461,entrenamiento
2462,entrenamiento
2463,validacion
2464,entrenamiento
2465,entrenamiento
2466,prueba
2467,entrenamiento
2468,entrenamiento
2469,entrenamiento
2470,entrenamiento
2471,validacion
2472,prueba
2473,prueba
2474,entrenamiento
2475,entrenamiento
2476,entrenamiento
2477,validacion
2478,entrenamiento
2479,entrenamiento
2480,entrenamiento
2481,entrenamiento
2482,entrenamiento
2483,entrenamiento
2484,entrenamiento
2485,entrenamiento
2486,entrenamiento
2487,prueba
2488,entrenamiento
2489,entrenamiento
2490,prueba
2491,prueba
2492,entrenamiento
2493,entrenamiento
2494,entrenamiento
2495,prueba
2496,validacion
2497,validacion
2498,entrenamiento
2499,validacion
2500,entrenamiento
2501,entrenamiento
2502,entrenamiento
2503,entrenamiento
2504,entrenamiento
2505,entrenamiento
2506,validacion
2507,entrenamiento
2508,prueba
2509,prueba
2510,entrenamiento
2511,entrenamiento
2512,entrenamiento
2513,prueba
2514,entrenamiento
2515,entrenamiento
2516,entrenamiento
2517,entrenamiento
2518,entrenamiento
2519,validacion
2520,prueba
2521,entrenamiento
2522,entrenamiento
2523,entrenamiento
2524,entrenamiento
2525,entrenamiento
2526,entrenamiento
2527,entrenamiento
2528,entrenamiento
2529,entrenamiento
2530,entrenamiento
2531,entrenamiento
2532,validacion
2533,prueba
2534,validacion
2535,entrenamiento
2536,entrenamiento
2537,entrenamiento
2538,prueba
2539,entrenamiento
2540,entrenamiento
2541,entrenamiento
2542,entrenamiento
2543,entrenamiento
2544,validacion
2545,entrenamiento
2546,entrenamiento
2547,entrenamiento
2548,entrenamiento
2549,entrenamiento
2550,entrenamiento
2551,prueba
2552,entrenamiento
2553,entrenamiento
2554,entrenamiento
2555,entrenamiento
2556,prueba
2557,validacion
2558,validacion
2559,entrenamiento
2560,entrenamiento
2561,entrenamiento
2562,entrenamiento
2563,prueba
2564,entrenamiento
2565,entrenamiento
2566,entrenamiento
2567,entrenamiento
2568,entrenamiento
2569,validacion
2570,entrenamiento
2571,prueba
2572,prueba
2573,entrenamiento
2574,entrenamiento
2575,entrenamiento
2576,entrenamiento
2577,entrenamiento
2578,prueba
2579,entrenamiento
2580,entrenamiento
2581,validacion
2582,entrenamiento
2583,entrenamiento
2584,entrenamiento
2585,entrenamiento
2586,validacion
2587,prueba
2588,validacion
2589,entrenamiento
2590,validacion
2591,entrenamiento
2592,entrenamiento
2593,entrenamiento
2594,entrenamiento
2595,entrenamiento
2596,entrenamiento
2597,validacion
2598,entrenamiento
2599,validacion
2600,entrenamiento
2601,entrenamiento
2602,entrenamiento
2603,prueba
2604,entrenamiento
2605,validacion
2606,prueba
2607,entrenamiento
2608,entrenamiento
2609,entrenamiento
2610,entrenamiento
2611,entrenamiento
2612,entrenamiento
2613,entrenamiento
2614,entrenamiento
2615,entrenamiento
2616,entrenamiento
2617,entrenamiento
2618,entrenamiento
2619,entrenamiento
2620,entrenamiento
2621,entrenamiento
2622,validacion
2623,validacion
2624,entrenamiento
2625,entrenamiento
2626,entrenamiento
2627,entrenamiento
2628,entrenamiento
2629,entrenamiento
2630,prueba
2631,entrenamiento
2632,entrenamiento
2633,prueba
2634,prueba
2635,entrenamiento
2636,entrenamiento
2637,prueba
2638,entrenamiento
2639,validacion
2640,entrenamiento
2641,entrenamiento
2642,entrenamiento
2643,entrenamiento
2644,entrenamiento
2645,entrenamiento
2646,entrenamiento
2647,entrenamiento
2648,prueba
2649,validacion
2650,entrenamiento
2651,entrenamiento
2652,validacion
2653,entrenamiento
2654,entrenamiento
2655,validacion
2656,entrenamiento
2657,validacion
2658,entrenamiento
2659,entrenamiento
2660,entrenamiento
2661,entrenamiento
2662,entrenamiento
2663,prueba
2664,entrenamiento
2665,validacion
2666,entrenamiento
2667,prueba
2668,prueba
2669,prueba
2670,entrenamiento
2671,entrenamiento
2672,prueba
2673,validacion
2674,entrenamiento
2675,entrenamiento
2676,validacion
2677,entrenamiento
2678,validacion
2679,entrenamiento
2680,validacion
2681,prueba
2682,prueba
2683,validacion
2684,validacion
2685,entrenamiento
2686,entrenamiento
2687,entrenamiento
2688,entrenamiento
2689,entrenamiento
2690,prueba
2691,prueba
2692,entrenamiento
2693,entrenamiento
2694,entrenamiento
2695,entrenamiento
2696,entrenamiento
2697,entrenamiento
2698,entrenamiento
2699,entrenamiento
2700,validacion
2701,entrenamiento
2702,entrenamiento
2703,entrenamiento
2704,entrenamiento
2705,entrenamiento
2706,prueba
2707,validacion
2708,entrenamiento
2709,entrenamiento
2710,entrenamiento
2711,entrenamiento
2712,prueba
2713,prueba
2714,entrenamiento
2715,validacion
2716,entrenamiento
2717,entrenamiento
2718,entrenamiento
2719,entrenamiento
2720,entrenamiento
2721,entrenamiento
2722,entrenamiento
2723,entrenamiento
2724,validacion
2725,entrenamiento
2726,validacion
2727,prueba
2728,validacion
2729,entrenamiento
2730,entrenamiento
2731,validacion
2732,validacion
2733,prueba
2734,entrenamiento
2735,prueba
2736,prueba
2737,entrenamiento
2738,entrenamiento
2739,entrenamiento
2740,entrenamiento
2741,validacion
2742,entrenamiento
2743,entrenamiento
2744,entrenamiento
2745,entrenamiento
2746,entrenamiento
2747,entrenamiento
2748,entrenamiento
2749,prueba
2750,entrenamiento
2751,prueba
2752,entrenamiento
2753,entrenamiento
2754,prueba
2755,entrenamiento
2756,entrenamiento
2757,entrenamiento
2758,entrenamiento
2759,entrenamiento
2760,entrenamiento
2761,entrenamiento
2762,entrenamiento
2763,prueba
2764,prueba
2765,entrenamiento
2766,entrenamiento
2767,entrenamiento
2768,entrenamiento
2769,entrenamiento
2770,validacion
2771,prueba
2772,entrenamiento
2773,entrenamiento
2774,entrenamiento
2775,entrenamiento
2776,entrenamiento
2777,entrenamiento
2778,entrenamiento
2779,entrenamiento
2780,validacion
2781,entrenamiento
2782,entrenamiento
2783,entrenamiento
2784,validacion
2785,prueba
2786,entrenamiento
2787,entrenamiento
2788,entrenamiento
2789,prueba
2790,entrenamiento
2791,entrenamiento
2792,entrenamiento
2793,entrenamiento
2794,entrenamiento
2795,entrenamiento
2796,entrenamiento
2797,entrenamiento
2798,entrenamiento
2799,prueba
2800,entrenamiento
2801,prueba
2802,prueba
2803,entrenamiento
2804,prueba
2805,entrenamiento
2806,validacion
2807,validacion
2808,prueba
2809,entrenamiento
2810,entrenamiento
2811,prueba
2812,entrenamiento
2813,entrenamiento
2814,validacion
2815,validacion
2816,entrenamiento
2817,prueba
2818,entrenamiento
2819,entrenamiento
2820,prueba
2821,prueba
2822,validacion
2823,entrenamiento
2824,entrenamiento
2825,entrenamiento
2826,entrenamiento
2827,entrenamiento
2828,validacion
2829,prueba
2830,entrenamiento
2831,entrenamiento
2832,entrenamiento
2833,entrenamiento
2834,prueba
2835,validacion
2836,entrenamiento
2837,entrenamiento
2838,entrenamiento
2839,validacion
2840,entrenamiento
2841,entrenamiento
2842,entrenamiento
2843,validacion
2844,prueba
2845,entrenamiento
2846,prueba
2847,entrenamiento
2848,prueba
2849,entrenamiento
2850,entrenamiento
2851,validacion
2852,entrenamiento
2853,validacion
2854,prueba
2855,entrenamiento
2856,prueba
2857,validacion
2858,prueba
2859,validacion
2860,entrenamiento
2861,entrenamiento
2862,entrenamiento
2863,entrenamiento
2864,entrenamiento
2865,prueba
2866,prueba
2867,entrenamiento
2868,entrenamiento
2869,entrenamiento
2870,validacion
2871,entrenamiento
2872,prueba
2873,entrenamiento
2874,prueba
2875,validacion
2876,prueba
2877,entrenamiento
2878,validacion
2879,prueba
2880,prueba
2881,entrenamiento
2882,entrenamiento
2883,prueba
2884,entrenamiento
2885,entrenamiento
2886,entrenamiento
2887,validacion
2888,entrenamiento
2889,entrenamiento
2890,prueba
2891,prueba
2892,entrenamiento
2893,entrenamiento
2894,entrenamiento
2895,entrenamiento
2896,validacion
2897,prueba
2898,entrenamiento
2899,prueba
2900,entrenamiento
2901,entrenamiento
2902,entrenamiento
2903,prueba
2904,prueba
2905,entrenamiento
2906,entrenamiento
2907,entrenamiento
2908,entrenamiento
2909,entrenamiento
2910,prueba
2911,prueba
2912,entrenamiento
2913,entrenamiento
2914,validacion
2915,entrenamiento
2916,prueba
2917,prueba
2918,entrenamiento
2919,prueba
2920,prueba
2921,prueba
2922,entrenamiento
2923,prueba
2924,entrenamiento
2925,validacion
2926,validacion
2927,entrenamiento
2928,entrenamiento
2929,entrenamiento
2930,prueba
2931,entrenamiento
2932,prueba
2933,prueba
2934,entrenamiento
2935,entrenamiento
2936,prueba
2937,prueba
2938,entrenamiento
2939,entrenamiento
2940,entrenamiento
2941,entrenamiento
2942,validacion
2943,entrenamiento
2944,entrenamiento
2945,prueba
2946,entrenamiento
2947,validacion
2948,entrenamiento
2949,entrenamiento
2950,entrenamiento
2951,entrenamiento
2952,entrenamiento
2953,entrenamiento
2954,entrenamiento
2955,entrenamiento
2956,prueba
2957,entrenamiento
2958,entrenamiento
2959,entrenamiento
2960,entrenamiento
2961,prueba
2962,entrenamiento
2963,prueba
2964,entrenamiento
2965,entrenamiento
2966,entrenamiento
2967,validacion
2968,entrenamiento
2969,entrenamiento
2970,entrenamiento
2971,prueba
2972,entrenamiento
2973,entrenamiento
2974,prueba
2975,validacion
2976,entrenamiento
2977,entrenamiento
2978,entrenamiento
2979,validacion
2980,prueba
2981,prueba
2982,entrenamiento
2983,prueba
2984,entrenamiento
2985,entrenamiento
2986,entrenamiento
2987,prueba
2988,entrenamiento
2989,entrenamiento
2990,entrenamiento
2991,entrenamiento
2992,entrenamiento
2993,entrenamiento
2994,prueba
2995,prueba
2996,validacion
2997,entrenamiento
2998,entrenamiento
2999,prueba
3000,entrenamiento
3001,entrenamiento
3002,entrenamiento
3003,entrenamiento
3004,entrenamiento
3005,entrenamiento
3006,prueba
3007,entrenamiento
3008,prueba
3009,prueba
3010,entrenamiento
3011,prueba
3012,validacion
3013,entrenamiento
3014,entrenamiento
3015,entrenamiento
3016,entrenamiento
3017,prueba
3018,entrenamiento
3019,validacion
3020,prueba
3021,prueba
3022,entrenamiento
3023,validacion
3024,entrenamiento
3025,entrenamiento
3026,entrenamiento
3027,prueba
3028,entrenamiento
3029,entrenamiento
3030,entrenamiento
3031,entrenamiento
3032,entrenamiento
3033,prueba
3034,validacion
3035,entrenamiento
3036,entrenamiento
3037,entrenamiento
3038,entrenamiento
3039,entrenamiento
3040,entrenamiento
3041,entrenamiento
3042,prueba
3043,entrenamiento
3044,entrenamiento
3045,entrenamiento
3046,entrenamiento
3047,entrenamiento
3048,entrenamiento
3049,prueba
3050,validacion
3051,prueba
3052,entrenamiento
3053,entrenamiento
3054,prueba
3055,entrenamiento
3056,entrenamiento
3057,entrenamiento
3058,entrenamiento
3059,validacion
3060,entrenamiento
3061,prueba
3062,entrenamiento
3063,entrenamiento
3064,validacion
3065,validacion
3066,entrenamiento
3067,validacion
3068,entrenamiento
3069,prueba
3070,entrenamiento
3071,entrenamiento
3072,entrenamiento
3073,entrenamiento
3074,entrenamiento
3075,entrenamiento
3076,validacion
3077,entrenamiento
3078,prueba
3079,prueba
3080,entrenamiento
3081,validacion
3082,entrenamiento
3083,entrenamiento
3084,entrenamiento
3085,entrenamiento
3086,entrenamiento
3087,prueba
3088,entrenamiento
3089,entrenamiento
3090,entrenamiento
3091,entrenamiento
3092,entrenamiento
3093,entrenamiento
3094,entrenamiento
3095,entrenamiento
3096,entrenamiento
3097,entrenamiento
3098,entrenamiento
3099,prueba
3100,entrenamiento
3101,entrenamiento
3102,entrenamiento
3103,entrenamiento
3104,entrenamiento
3105,entrenamiento
3106,entrenamiento
3107,validacion
3108,entrenamiento
3109,entrenamiento
3110,entrenamiento
3111,entrenamiento
3112,entrenamiento
3113,entrenamiento
3114,prueba
3115,prueba
3116,validacion
3117,validacion
3118,entrenamiento
3119,entrenamiento
3120,prueba
3121,entrenamiento
3122,prueba
3123,prueba
3124,prueba
3125,entrenamiento
3126,prueba
3127,entrenamiento
3128,prueba
3129,prueba
3130,prueba
3131,entrenamiento
3132,entrenamiento
3133,entrenamiento
3134,entrenamiento
3135,validacion
3136,entrenamiento
3137,entrenamiento
3138,prueba
3139,prueba
3140,validacion
3141,entrenamiento
3142,entrenamiento
3143,validacion
3144,entrenamiento
3145,prueba
3146,entrenamiento
3147,validacion
3148,entrenamiento
3149,entrenamiento
3150,validacion
3151,prueba
3152,entrenamiento
3153,entrenamiento
3154,entrenamiento
3155,entrenamiento
3156,prueba
3157,entrenamiento
3158,entrenamiento
3159,entrenamiento
3160,validacion
3161,prueba
3162,validacion
3163,prueba
3164,entrenamiento
3165,entrenamiento
3166,prueba
3167,entrenamiento
3168,prueba
3169,validacion
3170,prueba
3171,entrenamiento
3172,entrenamiento
3173,entrenamiento
3174,entrenamiento
3175,prueba
3176,entrenamiento
3177,entrenamiento
3178,entrenamiento
3179,validacion
3180,entrenamiento
3181,entrenamiento
3182,validacion
3183,entrenamiento
3184,entrenamiento
3185,validacion
3186,prueba
3187,entrenamiento
3188,validacion
3189,validacion
3190,entrenamiento
3191,entrenamiento
3192,entrenamiento
3193,prueba
3194,entrenamiento
3195,entrenamiento
3196,entrenamiento
3197,entrenamiento
3198,entrenamiento
3199,entrenamiento
3200,entrenamiento
3201,validacion
3202,validacion
3203,validacion
3204,entrenamiento
3205,prueba
3206,entrenamiento
3207,entrenamiento
3208,entrenamiento
3209,prueba
3210,entrenamiento
3211,prueba
3212,entrenamiento
3213,entrenamiento
3214,entrenamiento
3215,validacion
3216,prueba
3217,entrenamiento
3218,entrenamiento
3219,prueba
3220,entrenamiento
3221,prueba
3222,entrenamiento
3223,entrenamiento
3224,prueba
3225,prueba
3226,entrenamiento
3227,entrenamiento
3228,entrenamiento
3229,entrenamiento
3230,entrenamiento
3231,prueba
3232,validacion
3233,entrenamiento
3234,entrenamiento
3235,entrenamiento
3236,entrenamiento
3237,prueba
3238,entrenamiento
3239,entrenamiento
3240,entrenamiento
3241,entrenamiento
3242,validacion
3243,entrenamiento
3244,entrenamiento
3245,entrenamiento
3246,entrenamiento
3247,entrenamiento
3248,entrenamiento
3249,entrenamiento
3250,validacion
3251,entrenamiento
3252,entrenamiento
3253,prueba
3254,entrenamiento
3255,entrenamiento
3256,prueba
3257,prueba
3258,prueba
3259,entrenamiento
3260,entrenamiento
3261,entrenamiento
3262,entrenamiento
3263,entrenamiento
3264,entrenamiento
3265,validacion
3266,entrenamiento
3267,entrenamiento
3268,entrenamiento
3269,validacion
3270,prueba
3271,entrenamiento
3272,entrenamiento
3273,entrenamiento
3274,entrenamiento
3275,entrenamiento
3276,prueba
3277,validacion
3278,entrenamiento
3279,entrenamiento
3280,entrenamiento
3281,entrenamiento
3282,entrenamiento
3283,entrenamiento
3284,entrenamiento
3285,entrenamiento
3286,entrenamiento
3287,entrenamiento
3288,entrenamiento
3289,entrenamiento
3290,entrenamiento
3291,entrenamiento
3292,validacion
3293,prueba
3294,validacion
3295,entrenamiento
3296,prueba
3297,entrenamiento
3298,validacion
3299,entrenamiento
3300,entrenamiento
3301,prueba
3302,validacion
3303,entrenamiento
3304,entrenamiento
3305,validacion
3306,entrenamiento
3307,entrenamiento
3308,entrenamiento
3309,entrenamiento
3310,entrenamiento
3311,entrenamiento
3312,validacion
3313,entrenamiento
3314,validacion
3315,entrenamiento
3316,validacion
3317,entrenamiento
3318,prueba
3319,prueba
3320,validacion
3321,entrenamiento
3322,entrenamiento
3323,entrenamiento
3324,entrenamiento
3325,entrenamiento
3326,entrenamiento
3327,entrenamiento
3328,entrenamiento
3329,entrenamiento
3330,entrenamiento
3331,entrenamiento
3332,prueba
3333,prueba
3334,entrenamiento
3335,entrenamiento
3336,prueba
3337,entrenamiento
3338,entrenamiento
3339,entrenamiento
3340,entrenamiento
3341,entrenamiento
3342,entrenamiento
3343,entrenamiento
3344,entrenamiento
3345,entrenamiento
3346,entrenamiento
3347,validacion
3348,validacion
3349,entrenamiento
3350,entrenamiento
3351,validacion
3352,entrenamiento
3353,entrenamiento
3354,entrenamiento
3355,prueba
3356,entrenamiento
3357,entrenamiento
3358,entrenamiento
3359,prueba
3360,prueba
3361,entrenamiento
3362,validacion
3363,entrenamiento
3364,validacion
3365,entrenamiento
3366,entrenamiento
3367,prueba
3368,entrenamiento
3369,entrenamiento
3370,entrenamiento
3371,validacion
3372,entrenamiento
3373,prueba
3374,prueba
3375,prueba
3376,prueba
3377,validacion
3378,entrenamiento
3379,prueba
3380,validacion
3381,prueba
3382,entrenamiento
3383,entrenamiento
3384,entrenamiento
3385,entrenamiento
3386,entrenamiento
3387,entrenamiento
3388,entrenamiento
3389,entrenamiento
3390,entrenamiento
3391,entrenamiento
3392,entrenamiento
3393,validacion
3394,entrenamiento
3395,validacion
3396,entrenamiento
3397,entrenamiento
3398,entrenamiento
3399,validacion
3400,validacion
3401,entrenamiento
3402,entrenamiento
3403,entrenamiento
3404,entrenamiento
3405,entrenamiento
3406,entrenamiento
3407,entrenamiento
3408,entrenamiento
3409,validacion
3410,validacion
3411,entrenamiento
3412,validacion
3413,entrenamiento
3414,entrenamiento
3415,entrenamiento
3416,validacion
3417,entrenamiento
3418,prueba
3419,prueba
3420,prueba
3421,entrenamiento
3422,prueba
3423,validacion
3424,validacion
3425,validacion
3426,entrenamiento
3427,entrenamiento
3428,entrenamiento
3429,entrenamiento
3430,validacion
3431,entrenamiento
3432,prueba
3433,entrenamiento
3434,entrenamiento
3435,entrenamiento
3436,entrenamiento
3437,entrenamiento
3438,entrenamiento
3439,validacion
3440,prueba
3441,prueba
3442,entrenamiento
3443,entrenamiento
3444,entrenamiento
3445,entrenamiento
3446,entrenamiento
3447,validacion
3448,prueba
3449,prueba
3450,entrenamiento
3451,entrenamiento
3452,entrenamiento
3453,prueba
3454,entrenamiento
3455,entrenamiento
3456,validacion
3457,entrenamiento
3458,prueba
3459,entrenamiento
3460,entrenamiento
3461,entrenamiento
3462,prueba
3463,entrenamiento
3464,prueba
3465,prueba
3466,validacion
3467,entrenamiento
3468,entrenamiento
3469,entrenamiento
3470,entrenamiento
3471,entrenamiento
3472,entrenamiento
3473,validacion
3474,validacion
3475,entrenamiento
3476,prueba
3477,prueba
3478,entrenamiento
3479,entrenamiento
3480,prueba
3481,validacion
3482,validacion
3483,entrenamiento
3484,entrenamiento
3485,prueba
3486,entrenamiento
3487,entrenamiento
3488,entrenamiento
3489,validacion
3490,entrenamiento
3491,validacion
3492,prueba
3493,entrenamiento
3494,prueba
3495,entrenamiento
3496,prueba
3497,prueba
3498,entrenamiento
3499,validacion
3500,prueba
3501,prueba
3502,entrenamiento
3503,entrenamiento
3504,entrenamiento
3505,entrenamiento
3506,entrenamiento
3507,entrenamiento
3508,entrenamiento
3509,entrenamiento
3510,prueba
3511,prueba
3512,entrenamiento
3513,validacion
3514,prueba
3515,entrenamiento
3516,entrenamiento
3517,entrenamiento
3518,validacion
3519,entrenamiento
3520,entrenamiento
3521,entrenamiento
3522,entrenamiento
3523,entrenamiento
3524,validacion
3525,prueba
3526,entrenamiento
3527,prueba
3528,validacion
3529,prueba
3530,entrenamiento
3531,prueba
3532,entrenamiento
3533,entrenamiento
3534,entrenamiento
3535,validacion
3536,validacion
3537,prueba
3538,entrenamiento
3539,entrenamiento
3540,entrenamiento
3541,entrenamiento
3542,entrenamiento
3543,entrenamiento
3544,entrenamiento
3545,validacion
3546,validacion
3547,entrenamiento
3548,entrenamiento
3549,entrenamiento
3550,entrenamiento
3551,validacion
3552,entrenamiento
3553,entrenamiento
3554,validacion
3555,entrenamiento
3556,prueba
3557,entrenamiento
3558,entrenamiento
3559,entrenamiento
3560,prueba
3561,validacion
3562,validacion
3563,entrenamiento
3564,entrenamiento
3565,entrenamiento
3566,validacion
3567,prueba
3568,entrenamiento
3569,validacion
3570,validacion
3571,entrenamiento
3572,entrenamiento
3573,entrenamiento
3574,prueba
3575,entrenamiento
3576,validacion
3577,entrenamiento
3578,prueba
3579,entrenamiento
3580,entrenamiento
3581,entrenamiento
3582,entrenamiento
3583,entrenamiento
3584,entrenamiento
3585,entrenamiento
3586,entrenamiento
3587,entrenamiento
3588,prueba
3589,prueba
3590,prueba
3591,entrenamiento
3592,entrenamiento
3593,validacion
3594,entrenamiento
3595,entrenamiento
3596,validacion
3597,entrenamiento
3598,entrenamiento
3599,prueba
3600,prueba
3601,entrenamiento
3602,entrenamiento
3603,entrenamiento
3604,entrenamiento
3605,validacion
3606,entrenamiento
3607,entrenamiento
3608,prueba
3609,entrenamiento
3610,entrenamiento
3611,validacion
3612,prueba
3613,validacion
3614,entrenamiento
3615,validacion
3616,entrenamiento
3617,entrenamiento
3618,entrenamiento
3619,validacion
3620,entrenamiento
3621,entrenamiento
3622,prueba
3623,entrenamiento
3624,entrenamiento
3625,entrenamiento
3626,validacion
3627,prueba
3628,entrenamiento
3629,entrenamiento
3630,entrenamiento
3631,prueba
3632,validacion
3633,entrenamiento
3634,entrenamiento
3635,validacion
3636,entrenamiento
3637,entrenamiento
3638,entrenamiento
3639,prueba
3640,entrenamiento
3641,validacion
3642,entrenamiento
3643,prueba
3644,entrenamiento
3645,entrenamiento
3646,prueba
3647,entrenamiento
3648,entrenamiento
3649,prueba
3650,entrenamiento
3651,entrenamiento
3652,validacion
3653,entrenamiento
3654,validacion
3655,entrenamiento
3656,prueba
3657,validacion
3658,entrenamiento
3659,entrenamiento
3660,prueba
3661,validacion
3662,entrenamiento
3663,entrenamiento
3664,prueba
3665,validacion
3666,validacion
3667,validacion
3668,entrenamiento
3669,prueba
3670,entrenamiento
3671,entrenamiento
3672,entrenamiento
3673,entrenamiento
3674,entrenamiento
3675,entrenamiento
3676,prueba
3677,prueba
3678,entrenamiento
3679,entrenamiento
3680,entrenamiento
3681,validacion
3682,prueba
3683,entrenamiento
3684,validacion
3685,entrenamiento
3686,entrenamiento
3687,entrenamiento
3688,entrenamiento
3689,entrenamiento
3690,entrenamiento
3691,entrenamiento
3692,entrenamiento
3693,entrenamiento
3694,entrenamiento
3695,entrenamiento
3696,prueba
3697,prueba
3698,entrenamiento
3699,validacion
3700,entrenamiento
3701,entrenamiento
3702,entrenamiento
3703,prueba
3704,entrenamiento
3705,entrenamiento
3706,entrenamiento
3707,entrenamiento
3708,validacion
3709,entrenamiento
3710,entrenamiento
3711,prueba
3712,prueba
3713,entrenamiento
3714,entrenamiento
3715,entrenamiento
3716,entrenamiento
3717,prueba
3718,prueba
3719,validacion
3720,entrenamiento
3721,entrenamiento
3722,prueba
3723,entrenamiento
3724,prueba
3725,entrenamiento
3726,entrenamiento
3727,validacion
3728,prueba
3729,entrenamiento
3730,prueba
3731,entrenamiento
3732,validacion
3733,prueba
3734,prueba
3735,entrenamiento
3736,prueba
3737,entrenamiento
3738,prueba
3739,entrenamiento
3740,prueba
3741,entrenamiento
3742,entrenamiento
3743,prueba
3744,entrenamiento
3745,entrenamiento
3746,validacion
3747,entrenamiento
3748,prueba
3749,entrenamiento
3750,prueba
3751,validacion
3752,entrenamiento
3753,entrenamiento
3754,prueba
3755,entrenamiento
3756,entrenamiento
3757,entrenamiento
3758,prueba
3759,entrenamiento
3760,entrenamiento
3761,entrenamiento
3762,prueba
3763,entrenamiento
3764,entrenamiento
3765,entrenamiento
3766,prueba
3767,entrenamiento
3768,validacion
3769,prueba
3770,entrenamiento
3771,entrenamiento
3772,validacion
3773,entrenamiento
3774,prueba
3775,entrenamiento
3776,validacion
3777,entrenamiento
3778,entrenamiento
3779,entrenamiento
3780,entrenamiento
3781,entrenamiento
3782,validacion
3783,validacion
3784,validacion
3785,entrenamiento
3786,entrenamiento
3787,entrenamiento
3788,entrenamiento
3789,entrenamiento
3790,entrenamiento
3791,prueba
3792,prueba
3793,entrenamiento
3794,entrenamiento
3795,validacion
3796,validacion
3797,entrenamiento
3798,entrenamiento
3799,entrenamiento
3800,entrenamiento
3801,entrenamiento
3802,entrenamiento
3803,prueba
3804,validacion
3805,entrenamiento
3806,entrenamiento
3807,validacion
3808,validacion
3809,validacion
3810,entrenamiento
3811,prueba
3812,entrenamiento
3813,prueba
3814,entrenamiento
3815,entrenamiento
3816,entrenamiento
3817,prueba
3818,entrenamiento
3819,entrenamiento
3820,validacion
3821,validacion
3822,validacion
3823,entrenamiento
3824,entrenamiento
3825,entrenamiento
3826,prueba
3827,validacion
3828,prueba
3829,entrenamiento
3830,prueba
3831,prueba
3832,prueba
3833,validacion
3834,entrenamiento
3835,entrenamiento
3836,entrenamiento
3837,entrenamiento
3838,validacion
3839,prueba
3840,validacion
3841,entrenamiento
3842,entrenamiento
3843,entrenamiento
3844,validacion
3845,entrenamiento
3846,entrenamiento
3847,entrenamiento
3848,entrenamiento
3849,entrenamiento
3850,entrenamiento
3851,prueba
3852,entrenamiento
3853,prueba
3854,entrenamiento
3855,entrenamiento
3856,entrenamiento
3857,validacion
3858,entrenamiento
3859,prueba
3860,validacion
3861,entrenamiento
3862,validacion
3863,validacion
3864,entrenamiento
3865,validacion
3866,entrenamiento
3867,validacion
3868,validacion
3869,entrenamiento
3870,entrenamiento
3871,validacion
3872,entrenamiento
3873,entrenamiento
3874,prueba
3875,entrenamiento
3876,entrenamiento
3877,entrenamiento
3878,prueba
3879,entrenamiento
3880,entrenamiento
3881,prueba
3882,entrenamiento
3883,entrenamiento
3884,entrenamiento
3885,prueba
3886,entrenamiento
3887,entrenamiento
3888,entrenamiento
3889,validacion
3890,validacion
3891,entrenamiento
3892,entrenamiento
3893,entrenamiento
3894,validacion
3895,prueba
3896,validacion
3897,prueba
3898,entrenamiento
3899,entrenamiento
3900,entrenamiento
3901,entrenamiento
3902,entrenamiento
3903,entrenamiento
3904,validacion
3905,entrenamiento
3906,entrenamiento
3907,entrenamiento
3908,validacion
3909,validacion
3910,prueba
3911,entrenamiento
3912,entrenamiento
3913,validacion
3914,entrenamiento
3915,validacion
3916,entrenamiento
3917,entrenamiento
3918,entrenamiento
3919,entrenamiento
3920,entrenamiento
3921,entrenamiento
3922,entrenamiento
3923,entrenamiento
3924,entrenamiento
3925,entrenamiento
3926,validacion
3927,entrenamiento
3928,validacion
3929,entrenamiento
3930,entrenamiento
3931,prueba
3932,entrenamiento
3933,entrenamiento
3934,entrenamiento
3935,entrenamiento
3936,entrenamiento
3937,entrenamiento
3938,validacion
3939,entrenamiento
3940,entrenamiento
3941,validacion
3942,prueba
3943,entrenamiento
3944,entrenamiento
3945,entrenamiento
3946,entrenamiento
3947,entrenamiento
3948,entrenamiento
3949,entrenamiento
3950,prueba
3951,entrenamiento
3952,entrenamiento
3953,entrenamiento
3954,entrenamiento
3955,entrenamiento
3956,entrenamiento
3957,entrenamiento
3958,validacion
3959,entrenamiento
3960,entrenamiento
3961,entrenamiento
3962,entrenamiento
3963,entrenamiento
3964,entrenamiento
3965,entrenamiento
3966,validacion
3967,prueba
3968,prueba
3969,prueba
3970,entrenamiento
3971,entrenamiento
3972,entrenamiento
3973,validacion
3974,prueba
3975,entrenamiento
3976,entrenamiento
3977,entrenamiento
3978,entrenamiento
3979,prueba
3980,validacion
3981,prueba
3982,validacion
3983,entrenamiento
3984,entrenamiento
3985,entrenamiento
3986,entrenamiento
3987,validacion
3988,prueba
3989,entrenamiento
3990,entrenamiento
3991,entrenamiento
3992,prueba
3993,entrenamiento
3994,entrenamiento
3995,entrenamiento
3996,prueba
3997,validacion
3998,entrenamiento
3999,prueba
4000,validacion
4001,prueba
4002,entrenamiento
4003,entrenamiento
4004,entrenamiento
4005,validacion
4006,prueba
4007,validacion
4008,entrenamiento
4009,entrenamiento
4010,prueba
4011,entrenamiento
4012,entrenamiento
4013,entrenamiento
4014,entrenamiento
4015,entrenamiento
4016,entrenamiento
4017,validacion
4018,entrenamiento
4019,entrenamiento
4020,entrenamiento
4021,validacion
4022,validacion
4023,entrenamiento
4024,validacion
4025,entrenamiento
4026,entrenamiento
4027,validacion
4028,entrenamiento
4029,entrenamiento
4030,entrenamiento
4031,prueba
4032,entrenamiento
4033,entrenamiento
4034,entrenamiento
4035,prueba
4036,entrenamiento
4037,entrenamiento
4038,validacion
4039,prueba
4040,entrenamiento
4041,prueba
4042,entrenamiento
4043,entrenamiento
4044,entrenamiento
4045,entrenamiento
4046,validacion
4047,entrenamiento
4048,validacion
4049,entrenamiento
4050,entrenamiento
4051,entrenamiento
4052,entrenamiento
4053,validacion
4054,entrenamiento
4055,prueba
4056,entrenamiento
4057,prueba
4058,entrenamiento
4059,validacion
4060,entrenamiento
4061,entrenamiento
4062,entrenamiento
4063,entrenamiento
4064,entrenamiento
4065,entrenamiento
4066,entrenamiento
4067,validacion
4068,entrenamiento
4069,prueba
4070,entrenamiento
4071,entrenamiento
4072,prueba
4073,entrenamiento
4074,entrenamiento
4075,prueba
4076,validacion
4077,prueba
4078,prueba
4079,prueba
4080,prueba
4081,entrenamiento
4082,entrenamiento
4083,prueba
4084,entrenamiento
4085,validacion
4086,prueba
4087,prueba
4088,prueba
4089,entrenamiento
4090,entrenamiento
4091,entrenamiento
4092,entrenamiento
4093,entrenamiento
4094,validacion
4095,prueba
4096,prueba
4097,validacion
4098,entrenamiento
4099,entrenamiento
4100,validacion
4101,prueba
4102,entrenamiento
4103,entrenamiento
4104,entrenamiento
4105,entrenamiento
4106,validacion
4107,validacion
4108,entrenamiento
4109,entrenamiento
4110,entrenamiento
4111,entrenamiento
4112,entrenamiento
4113,entrenamiento
4114,entrenamiento
4115,entrenamiento
4116,entrenamiento
4117,prueba
4118,entrenamiento
4119,entrenamiento
4120,validacion
4121,entrenamiento
4122,entrenamiento
4123,prueba
4124,entrenamiento
4125,entrenamiento
4126,entrenamiento
4127,validacion
4128,prueba
4129,prueba
4130,entrenamiento
4131,entrenamiento
4132,prueba
4133,entrenamiento
4134,entrenamiento
4135,prueba
4136,entrenamiento
4137,entrenamiento
4138,entrenamiento
4139,validacion
4140,entrenamiento
4141,entrenamiento
4142,entrenamiento
4143,validacion
4144,entrenamiento
4145,prueba
4146,prueba
4147,entrenamiento
4148,entrenamiento
4149,entrenamiento
4150,prueba
4151,entrenamiento
4152,entrenamiento
4153,validacion
4154,entrenamiento
4155,entrenamiento
4156,entrenamiento
4157,entrenamiento
4158,prueba
4159,entrenamiento
4160,validacion
4161,validacion
4162,entrenamiento
4163,validacion
4164,entrenamiento
4165,entrenamiento
4166,entrenamiento
4167,entrenamiento
4168,entrenamiento
4169,entrenamiento
4170,entrenamiento
4171,validacion
4172,validacion
4173,entrenamiento
4174,prueba
4175,entrenamiento
4176,entrenamiento
4177,prueba
4178,entrenamiento
4179,entrenamiento
4180,entrenamiento
4181,validacion
4182,entrenamiento
4183,prueba
4184,prueba
4185,prueba
4186,entrenamiento
4187,validacion
4188,validacion
4189,entrenamiento
4190,entrenamiento
4191,entrenamiento
4192,prueba
4193,entrenamiento
4194,validacion
4195,entrenamiento
4196,entrenamiento
4197,entrenamiento
4198,validacion
4199,entrenamiento
4200,prueba
4201,validacion
4202,entrenamiento
4203,prueba
4204,entrenamiento
4205,entrenamiento
4206,prueba
4207,prueba
4208,entrenamiento
4209,prueba
4210,entrenamiento
4211,prueba
4212,prueba
4213,prueba
4214,entrenamiento
4215,entrenamiento
4216,validacion
4217,entrenamiento
4218,entrenamiento
4219,entrenamiento
4220,validacion
4221,entrenamiento
4222,prueba
4223,validacion
4224,prueba
4225,entrenamiento
4226,validacion
4227,entrenamiento
4228,prueba
4229,validacion
4230,validacion
4231,entrenamiento
4232,validacion
4233,validacion
4234,validacion
4235,validacion
4236,entrenamiento
4237,entrenamiento
4238,prueba
4239,validacion
4240,validacion
4241,validacion
4242,entrenamiento
4243,entrenamiento
4244,entrenamiento
4245,entrenamiento
4246,prueba
4247,entrenamiento
4248,prueba
4249,validacion
4250,entrenamiento
4251,entrenamiento
4252,entrenamiento
4253,validacion
4254,validacion
4255,entrenamiento
4256,prueba
4257,entrenamiento
4258,entrenamiento
4259,validacion
4260,prueba
4261,entrenamiento
4262,entrenamiento
4263,entrenamiento
4264,validacion
4265,entrenamiento
4266,entrenamiento
4267,entrenamiento
4268,validacion
4269,prueba
4270,entrenamiento
4271,entrenamiento
4272,validacion
4273,prueba
4274,entrenamiento
4275,entrenamiento
4276,prueba
4277,entrenamiento
4278,prueba
4279,entrenamiento
4280,entrenamiento
4281,prueba
4282,entrenamiento
4283,entrenamiento
4284,validacion
4285,prueba
4286,entrenamiento
4287,entrenamiento
4288,entrenamiento
4289,prueba
4290,validacion
4291,entrenamiento
4292,entrenamiento
4293,prueba
4294,validacion
4295,entrenamiento
4296,entrenamiento
4297,validacion
4298,entrenamiento
4299,entrenamiento
4300,validacion
4301,entrenamiento
4302,entrenamiento
4303,validacion
4304,entrenamiento
4305,entrenamiento
4306,validacion
4307,entrenamiento
4308,entrenamiento
4309,prueba
4310,validacion
4311,entrenamiento
4312,entrenamiento
4313,entrenamiento
4314,entrenamiento
4315,entrenamiento
4316,entrenamiento
4317,entrenamiento
4318,entrenamiento
4319,entrenamiento
4320,entrenamiento
4321,entrenamiento
4322,entrenamiento
4323,prueba
4324,validacion
4325,prueba
4326,prueba
4327,prueba
4328,entrenamiento
4329,entrenamiento
4330,entrenamiento
4331,validacion
4332,prueba
4333,entrenamiento
4334,entrenamiento
4335,entrenamiento
4336,prueba
4337,entrenamiento
4338,validacion
4339,entrenamiento
4340,validacion
4341,entrenamiento
4342,entrenamiento
4343,entrenamiento
4344,prueba
4345,entrenamiento
4346,entrenamiento
4347,entrenamiento
4348,entrenamiento
4349,entrenamiento
4350,validacion
4351,entrenamiento
4352,validacion
4353,prueba
4354,entrenamiento
4355,entrenamiento
4356,entrenamiento
4357,entrenamiento
4358,validacion
4359,prueba
4360,entrenamiento
4361,entrenamiento
4362,entrenamiento
4363,entrenamiento
4364,entrenamiento
4365,entrenamiento
4366,validacion
4367,entrenamiento
4368,entrenamiento
4369,entrenamiento
4370,entrenamiento
4371,prueba
4372,validacion
4373,entrenamiento
4374,entrenamiento
4375,prueba
4376,entrenamiento
4377,entrenamiento
4378,prueba
4379,prueba
4380,validacion
4381,prueba
4382,entrenamiento
4383,validacion
4384,entrenamiento
4385,entrenamiento
4386,validacion
4387,entrenamiento
4388,prueba
4389,prueba
4390,prueba
4391,validacion
4392,prueba
4393,entrenamiento
4394,entrenamiento
4395,validacion
4396,entrenamiento
4397,validacion
4398,prueba
4399,prueba
4400,entrenamiento
4401,entrenamiento
4402,prueba
4403,entrenamiento
4404,entrenamiento
4405,prueba
4406,prueba
4407,entrenamiento
4408,entrenamiento
4409,entrenamiento
4410,entrenamiento
4411,prueba
4412,entrenamiento
4413,entrenamiento
4414,entrenamiento
4415,entrenamiento
4416,entrenamiento
4417,entrenamiento
4418,entrenamiento
4419,prueba
4420,prueba
4421,prueba
4422,prueba
4423,entrenamiento
4424,entrenamiento
4425,prueba
4426,entrenamiento
4427,entrenamiento
4428,prueba
4429,entrenamiento
4430,entrenamiento
4431,prueba
4432,validacion
4433,validacion
4434,entrenamiento
4435,entrenamiento
4436,entrenamiento
4437,entrenamiento
4438,entrenamiento
4439,entrenamiento
4440,entrenamiento
4441,prueba
4442,entrenamiento
4443,entrenamiento
4444,entrenamiento
4445,entrenamiento
4446,entrenamiento
4447,entrenamiento
4448,validacion
4449,entrenamiento
4450,validacion
4451,entrenamiento
4452,entrenamiento
4453,entrenamiento
4454,prueba
4455,validacion
4456,prueba
4457,entrenamiento
4458,entrenamiento
4459,validacion
4460,entrenamiento
4461,entrenamiento
4462,entrenamiento
4463,entrenamiento
4464,entrenamiento
4465,entrenamiento
4466,entrenamiento
4467,validacion
4468,entrenamiento
4469,prueba
4470,prueba
4471,entrenamiento
4472,entrenamiento
4473,entrenamiento
4474,prueba
4475,prueba
4476,entrenamiento
4477,validacion
4478,entrenamiento
4479,entrenamiento
4480,entrenamiento
4481,prueba
4482,entrenamiento
4483,entrenamiento
4484,entrenamiento
4485,entrenamiento
4486,entrenamiento
4487,prueba
4488,validacion
4489,prueba
4490,prueba
4491,entrenamiento
4492,prueba
4493,entrenamiento
4494,entrenamiento
4495,entrenamiento
4496,entrenamiento
4497,prueba
4498,prueba
4499,entrenamiento
4500,validacion
4501,entrenamiento
4502,entrenamiento
4503,prueba
4504,entrenamiento
4505,validacion
4506,entrenamiento
4507,entrenamiento
4508,validacion
4509,validacion
4510,prueba
4511,entrenamiento
4512,prueba
4513,validacion
4514,entrenamiento
4515,entrenamiento
4516,prueba
4517,entrenamiento
4518,entrenamiento
4519,prueba
4520,entrenamiento
4521,entrenamiento
4522,entrenamiento
4523,validacion
4524,entrenamiento
4525,validacion
4526,validacion
4527,entrenamiento
4528,prueba
4529,entrenamiento
4530,entrenamiento
4531,entrenamiento
4532,validacion
4533,entrenamiento
4534,entrenamiento
4535,entrenamiento
4536,prueba
4537,entrenamiento
4538,entrenamiento
4539,validacion
4540,validacion
4541,entrenamiento
4542,entrenamiento
4543,prueba
4544,prueba
4545,entrenamiento
4546,validacion
4547,entrenamiento
4548,entrenamiento
4549,entrenamiento
4550,validacion
4551,entrenamiento
4552,entrenamiento
4553,entrenamiento
4554,validacion
4555,validacion
4556,entrenamiento
4557,prueba
4558,entrenamiento
4559,entrenamiento
4560,entrenamiento
4561,prueba
4562,prueba
4563,prueba
4564,validacion
4565,entrenamiento
4566,entrenamiento
4567,entrenamiento
4568,entrenamiento
4569,entrenamiento
4570,entrenamiento
4571,entrenamiento
4572,entrenamiento
4573,validacion
4574,entrenamiento
4575,entrenamiento
4576,validacion
4577,entrenamiento
4578,entrenamiento
4579,entrenamiento
4580,entrenamiento
4581,prueba
4582,entrenamiento
4583,entrenamiento
4584,entrenamiento
4585,validacion
4586,validacion
4587,entrenamiento
4588,entrenamiento
4589,prueba
4590,entrenamiento
4591,entrenamiento
4592,entrenamiento
4593,entrenamiento
4594,validacion
4595,entrenamiento
4596,entrenamiento
4597,entrenamiento
4598,prueba
4599,prueba
4600,validacion
4601,entrenamiento
4602,entrenamiento
4603,entrenamiento
4604,prueba
4605,validacion
4606,entrenamiento
4607,entrenamiento
4608,validacion
4609,entrenamiento
4610,entrenamiento
4611,entrenamiento
4612,entrenamiento
4613,validacion
4614,entrenamiento
4615,prueba
4616,prueba
4617,entrenamiento
4618,prueba
4619,entrenamiento
4620,validacion
4621,entrenamiento
4622,entrenamiento
4623,entrenamiento
4624,prueba
4625,prueba
4626,entrenamiento
4627,entrenamiento
4628,prueba
4629,entrenamiento
4630,validacion
4631,prueba
4632,prueba
4633,prueba
4634,prueba
4635,entrenamiento
4636,entrenamiento
4637,validacion
4638,entrenamiento
4639,entrenamiento
4640,entrenamiento
4641,entrenamiento
4642,entrenamiento
4643,prueba
4644,entrenamiento
4645,entrenamiento
4646,prueba
4647,entrenamiento
4648,entrenamiento
4649,validacion
4650,prueba
4651,entrenamiento
4652,entrenamiento
4653,entrenamiento
4654,entrenamiento
4655,prueba
4656,entrenamiento
4657,entrenamiento
4658,entrenamiento
4659,entrenamiento
4660,entrenamiento
4661,entrenamiento
4662,entrenamiento
4663,entrenamiento
4664,entrenamiento
4665,validacion
4666,entrenamiento
4667,prueba
4668,entrenamiento
4669,prueba
4670,entrenamiento
4671,entrenamiento
4672,entrenamiento
4673,prueba
4674,entrenamiento
4675,entrenamiento
4676,entrenamiento
4677,entrenamiento
4678,entrenamiento
4679,entrenamiento
4680,entrenamiento
4681,entrenamiento
4682,entrenamiento
4683,prueba
4684,entrenamiento
4685,entrenamiento
4686,entrenamiento
4687,entrenamiento
4688,entrenamiento
4689,entrenamiento
4690,validacion
4691,entrenamiento
4692,entrenamiento
4693,prueba
4694,prueba
4695,prueba
4696,entrenamiento
4697,entrenamiento
4698,entrenamiento
4699,entrenamiento
4700,validacion
4701,entrenamiento
4702,entrenamiento
4703,entrenamiento
4704,validacion
4705,prueba
4706,validacion
4707,entrenamiento
4708,entrenamiento
4709,entrenamiento
4710,entrenamiento
4711,entrenamiento
4712,prueba
4713,entrenamiento
4714,entrenamiento
4715,entrenamiento
4716,prueba
4717,validacion
4718,entrenamiento
4719,entrenamiento
4720,entrenamiento
4721,entrenamiento
4722,entrenamiento
4723,entrenamiento
4724,entrenamiento
4725,entrenamiento
4726,entrenamiento
4727,prueba
4728,validacion
4729,entrenamiento
4730,prueba
4731,entrenamiento
4732,prueba
4733,entrenamiento
4734,prueba
4735,entrenamiento
4736,entrenamiento
4737,prueba
4738,entrenamiento
4739,prueba
4740,validacion
4741,prueba
4742,entrenamiento
4743,prueba
4744,entrenamiento
4745,entrenamiento
4746,entrenamiento
4747,prueba
4748,entrenamiento
4749,validacion
4750,entrenamiento
4751,entrenamiento
4752,entrenamiento
4753,entrenamiento
4754,entrenamiento
4755,entrenamiento
4756,validacion
4757,entrenamiento
4758,entrenamiento
4759,entrenamiento
4760,prueba
4761,entrenamiento
4762,prueba
4763,entrenamiento
4764,prueba
4765,entrenamiento
4766,validacion
4767,entrenamiento
4768,entrenamiento
4769,prueba
4770,entrenamiento
4771,validacion
4772,validacion
4773,entrenamiento
4774,entrenamiento
4775,prueba
4776,entrenamiento
4777,entrenamiento
4778,entrenamiento
4779,entrenamiento
4780,entrenamiento
4781,entrenamiento
4782,entrenamiento
4783,entrenamiento
4784,entrenamiento
4785,validacion
4786,entrenamiento
4787,entrenamiento
4788,validacion
4789,entrenamiento
4790,entrenamiento
4791,entrenamiento
4792,prueba
4793,entrenamiento
4794,prueba
4795,entrenamiento
4796,entrenamiento
4797,entrenamiento
4798,entrenamiento
4799,prueba
4800,entrenamiento
4801,entrenamiento
4802,entrenamiento
4803,entrenamiento
4804,validacion
4805,validacion
4806,entrenamiento
4807,validacion
4808,entrenamiento
4809,entrenamiento
4810,entrenamiento
4811,prueba
4812,validacion
4813,prueba
4814,entrenamiento
4815,validacion
4816,entrenamiento
4817,validacion
4818,entrenamiento
4819,prueba
4820,entrenamiento
4821,entrenamiento
4822,entrenamiento
4823,entrenamiento
4824,entrenamiento
4825,entrenamiento
4826,entrenamiento
4827,entrenamiento
4828,entrenamiento
4829,validacion
4830,entrenamiento
4831,validacion
4832,validacion
4833,entrenamiento
4834,entrenamiento
4835,entrenamiento
4836,entrenamiento
4837,validacion
4838,entrenamiento
4839,prueba
4840,entrenamiento
4841,entrenamiento
4842,entrenamiento
4843,entrenamiento
4844,prueba
4845,entrenamiento
4846,entrenamiento
4847,prueba
4848,entrenamiento
4849,entrenamiento
4850,entrenamiento
4851,prueba
4852,entrenamiento
4853,entrenamiento
4854,prueba
4855,entrenamiento
4856,prueba
4857,prueba
4858,validacion
4859,validacion
4860,prueba
4861,entrenamiento
4862,validacion
4863,entrenamiento
4864,entrenamiento
4865,entrenamiento
4866,validacion
4867,entrenamiento
4868,entrenamiento
4869,prueba
4870,validacion
4871,validacion
4872,entrenamiento
4873,prueba
4874,validacion
4875,entrenamiento
4876,entrenamiento
4877,entrenamiento
4878,entrenamiento
4879,validacion
4880,entrenamiento
4881,entrenamiento
4882,entrenamiento
4883,entrenamiento
4884,entrenamiento
4885,prueba
4886,entrenamiento
4887,entrenamiento
4888,entrenamiento
4889,entrenamiento
4890,validacion
4891,entrenamiento
4892,entrenamiento
4893,entrenamiento
4894,entrenamiento
4895,entrenamiento
4896,validacion
4897,entrenamiento
4898,entrenamiento
4899,prueba
4900,entrenamiento
4901,entrenamiento
4902,validacion
4903,prueba
4904,entrenamiento
4905,entrenamiento
4906,entrenamiento
4907,entrenamiento
4908,entrenamiento
4909,validacion
4910,entrenamiento
4911,entrenamiento
4912,prueba
4913,entrenamiento
4914,prueba
4915,entrenamiento
4916,validacion
4917,prueba
4918,validacion
4919,entrenamiento
4920,entrenamiento
4921,entrenamiento
4922,prueba
4923,validacion
4924,validacion
4925,entrenamiento
4926,validacion
4927,entrenamiento
4928,entrenamiento
4929,entrenamiento
4930,entrenamiento
4931,entrenamiento
4932,prueba
4933,prueba
4934,entrenamiento
4935,entrenamiento
4936,validacion
4937,prueba
4938,entrenamiento
4939,entrenamiento
4940,entrenamiento
4941,validacion
4942,entrenamiento
4943,entrenamiento
4944,entrenamiento
4945,validacion
4946,entrenamiento
4947,prueba
4948,entrenamiento
4949,entrenamiento
4950,prueba
4951,entrenamiento
4952,entrenamiento
4953,entrenamiento
4954,entrenamiento
4955,entrenamiento
4956,entrenamiento
4957,validacion
4958,entrenamiento
4959,entrenamiento
4960,prueba
4961,validacion
4962,entrenamiento
4963,prueba
4964,entrenamiento
4965,entrenamiento
4966,entrenamiento
4967,entrenamiento
4968,prueba
4969,prueba
4970,entrenamiento
4971,prueba
4972,entrenamiento
4973,prueba
4974,prueba
4975,entrenamiento
4976,entrenamiento
4977,entrenamiento
4978,entrenamiento
4979,entrenamiento
4980,entrenamiento
4981,entrenamiento
4982,entrenamiento
4983,entrenamiento
4984,entrenamiento
4985,entrenamiento
4986,validacion
4987,prueba
4988,entrenamiento
4989,entrenamiento
4990,entrenamiento
4991,prueba
4992,validacion
4993,entrenamiento
4994,entrenamiento
4995,validacion
4996,prueba
4997,validacion
4998,validacion
4999,validacion
5000,entrenamiento
5001,entrenamiento
5002,entrenamiento
5003,entrenamiento
5004,entrenamiento
5005,prueba
5006,validacion
5007,prueba
5008,entrenamiento
5009,entrenamiento
5010,entrenamiento
5011,validacion
5012,validacion
5013,validacion
5014,entrenamiento
5015,entrenamiento
5016,entrenamiento
5017,validacion
5018,prueba
5019,entrenamiento
5020,entrenamiento
5021,prueba
5022,entrenamiento
5023,prueba
5024,prueba
5025,prueba
5026,entrenamiento
5027,entrenamiento
5028,prueba
5029,validacion
5030,validacion
5031,prueba
5032,validacion
5033,entrenamiento
5034,entrenamiento
5035,prueba
5036,entrenamiento
5037,prueba
5038,entrenamiento
5039,prueba
5040,entrenamiento
5041,entrenamiento
5042,prueba
5043,entrenamiento
5044,entrenamiento
5045,validacion
5046,entrenamiento
5047,validacion
5048,validacion
5049,entrenamiento
5050,validacion
5051,entrenamiento
5052,entrenamiento
5053,prueba
5054,entrenamiento
5055,entrenamiento
5056,prueba
5057,entrenamiento
5058,entrenamiento
5059,entrenamiento
5060,entrenamiento
5061,entrenamiento
5062,entrenamiento
5063,entrenamiento
5064,entrenamiento
5065,validacion
5066,entrenamiento
5067,entrenamiento
5068,prueba
5069,entrenamiento
5070,entrenamiento
5071,entrenamiento
5072,entrenamiento
5073,entrenamiento
5074,entrenamiento
5075,entrenamiento
5076,entrenamiento
5077,prueba
5078,prueba
5079,prueba
5080,entrenamiento
5081,entrenamiento
5082,validacion
5083,prueba
5084,entrenamiento
5085,entrenamiento
5086,prueba
5087,entrenamiento
5088,entrenamiento
5089,entrenamiento
5090,validacion
5091,prueba
5092,entrenamiento
5093,entrenamiento
5094,prueba
5095,prueba
5096,validacion
5097,entrenamiento
5098,entrenamiento
5099,validacion
5100,entrenamiento
5101,validacion
5102,entrenamiento
5103,entrenamiento
5104,entrenamiento
5105,prueba
5106,entrenamiento
5107,prueba
5108,prueba
5109,entrenamiento
5110,validacion
5111,validacion
5112,prueba
5113,entrenamiento
5114,entrenamiento
5115,entrenamiento
5116,entrenamiento
5117,entrenamiento
5118,entrenamiento
5119,entrenamiento
5120,entrenamiento
5121,validacion
5122,prueba
5123,entrenamiento
5124,entrenamiento
5125,entrenamiento
5126,entrenamiento
5127,entrenamiento
5128,validacion
5129,entrenamiento
5130,entrenamiento
5131,entrenamiento
5132,entrenamiento
5133,validacion
5134,entrenamiento
5135,entrenamiento
5136,entrenamiento
5137,entrenamiento
5138,validacion
5139,entrenamiento
5140,entrenamiento
5141,prueba
5142,entrenamiento
5143,validacion
5144,validacion
5145,entrenamiento
5146,entrenamiento
5147,prueba
5148,entrenamiento
5149,prueba
5150,validacion
5151,entrenamiento
5152,entrenamiento
5153,entrenamiento
5154,validacion
5155,prueba
5156,entrenamiento
5157,entrenamiento
5158,entrenamiento
5159,entrenamiento
5160,entrenamiento
5161,prueba
5162,entrenamiento
5163,entrenamiento
5164,validacion
5165,entrenamiento
5166,prueba
5167,entrenamiento
5168,entrenamiento
5169,entrenamiento
5170,entrenamiento
5171,entrenamiento
5172,entrenamiento
5173,entrenamiento
5174,prueba
5175,entrenamiento
5176,entrenamiento
5177,entrenamiento
5178,entrenamiento
5179,entrenamiento
5180,entrenamiento
5181,prueba
5182,entrenamiento
5183,entrenamiento
5184,entrenamiento
5185,entrenamiento
5186,validacion
5187,prueba
5188,validacion
5189,prueba
5190,entrenamiento
5191,entrenamiento
5192,validacion
5193,entrenamiento
5194,validacion
5195,entrenamiento
5196,entrenamiento
5197,prueba
5198,entrenamiento
5199,entrenamiento
5200,validacion
5201,entrenamiento
5202,entrenamiento
5203,prueba
5204,entrenamiento
5205,validacion
5206,entrenamiento
5207,entrenamiento
5208,entrenamiento
5209,prueba
5210,entrenamiento
5211,entrenamiento
5212,entrenamiento
5213,entrenamiento
5214,entrenamiento
5215,entrenamiento
5216,entrenamiento
5217,validacion
5218,entrenamiento
5219,entrenamiento
5220,prueba
5221,entrenamiento
5222,entrenamiento
5223,entrenamiento
5224,entrenamiento
5225,entrenamiento
5226,prueba
5227,entrenamiento
5228,validacion
5229,entrenamiento
5230,prueba
5231,prueba
5232,validacion
5233,entrenamiento
5234,validacion
5235,entrenamiento
5236,entrenamiento
5237,entrenamiento
5238,entrenamiento
5239,prueba
5240,entrenamiento
5241,prueba
5242,entrenamiento
5243,prueba
5244,prueba
5245,entrenamiento
5246,entrenamiento
5247,entrenamiento
5248,entrenamiento
5249,entrenamiento
5250,entrenamiento
5251,validacion
5252,entrenamiento
5253,entrenamiento
5254,entrenamiento
5255,entrenamiento
5256,entrenamiento
5257,entrenamiento
5258,entrenamiento
5259,prueba
5260,entrenamiento
5261,prueba
5262,entrenamiento
5263,entrenamiento
5264,validacion
5265,validacion
5266,entrenamiento
5267,entrenamiento
5268,prueba
5269,entrenamiento
5270,entrenamiento
5271,validacion
5272,validacion
5273,validacion
5274,entrenamiento
5275,entrenamiento
5276,entrenamiento
5277,entrenamiento
5278,entrenamiento
5279,entrenamiento
5280,validacion
5281,entrenamiento
5282,entrenamiento
5283,entrenamiento
5284,entrenamiento
5285,entrenamiento
5286,entrenamiento
5287,validacion
5288,entrenamiento
5289,entrenamiento
5290,prueba
5291,entrenamiento
5292,entrenamiento
5293,validacion
5294,entrenamiento
5295,entrenamiento
5296,validacion
5297,entrenamiento
5298,entrenamiento
5299,entrenamiento
5300,validacion
5301,entrenamiento
5302,prueba
5303,prueba
5304,entrenamiento
5305,entrenamiento
5306,entrenamiento
5307,entrenamiento
5308,entrenamiento
5309,validacion
5310,entrenamiento
5311,validacion
5312,entrenamiento
5313,entrenamiento
5314,entrenamiento
5315,entrenamiento
5316,validacion
5317,entrenamiento
5318,entrenamiento
5319,entrenamiento
5320,prueba
5321,prueba
5322,prueba
5323,entrenamiento
5324,prueba
5325,validacion
5326,entrenamiento
5327,validacion
5328,entrenamiento
5329,entrenamiento
5330,prueba
5331,entrenamiento
5332,prueba
5333,prueba
5334,entrenamiento
5335,entrenamiento
5336,entrenamiento
5337,entrenamiento
5338,entrenamiento
5339,prueba
5340,prueba
5341,entrenamiento
5342,entrenamiento
5343,prueba
5344,entrenamiento
5345,entrenamiento
5346,entrenamiento
5347,validacion
5348,entrenamiento
5349,entrenamiento
5350,validacion
5351,entrenamiento
5352,entrenamiento
5353,validacion
5354,entrenamiento
5355,entrenamiento
5356,entrenamiento
5357,entrenamiento
5358,prueba
5359,validacion
5360,validacion
5361,entrenamiento
5362,prueba
5363,entrenamiento
5364,entrenamiento
5365,prueba
5366,entrenamiento
5367,entrenamiento
5368,entrenamiento
5369,entrenamiento
5370,entrenamiento
5371,prueba
5372,validacion
5373,entrenamiento
5374,validacion
5375,entrenamiento
5376,entrenamiento
5377,entrenamiento
5378,prueba
5379,entrenamiento
5380,entrenamiento
5381,entrenamiento
5382,entrenamiento
5383,entrenamiento
5384,entrenamiento
5385,validacion
5386,prueba
5387,entrenamiento
5388,entrenamiento
5389,prueba
5390,entrenamiento
5391,entrenamiento
5392,validacion
5393,validacion
5394,entrenamiento
5395,entrenamiento
5396,entrenamiento
5397,prueba
5398,entrenamiento
5399,prueba
5400,entrenamiento
5401,prueba
5402,entrenamiento
5403,entrenamiento
5404,validacion
5405,entrenamiento
5406,entrenamiento
5407,entrenamiento
5408,entrenamiento
5409,entrenamiento
5410,entrenamiento
5411,entrenamiento
5412,entrenamiento
5413,validacion
5414,entrenamiento
5415,entrenamiento
5416,entrenamiento
5417,entrenamiento
5418,entrenamiento
5419,prueba
5420,entrenamiento
5421,entrenamiento
5422,prueba
5423,entrenamiento
5424,validacion
5425,entrenamiento
5426,entrenamiento
5427,entrenamiento
5428,entrenamiento
5429,prueba
5430,entrenamiento
5431,prueba
5432,entrenamiento
5433,prueba
5434,entrenamiento
5435,entrenamiento
5436,entrenamiento
5437,entrenamiento
5438,entrenamiento
5439,validacion
5440,entrenamiento
5441,entrenamiento
5442,prueba
5443,entrenamiento
5444,entrenamiento
5445,entrenamiento
5446,entrenamiento
5447,prueba
5448,validacion
5449,prueba
5450,prueba
5451,prueba
5452,entrenamiento
5453,entrenamiento
5454,entrenamiento
5455,entrenamiento
5456,entrenamiento
5457,entrenamiento
5458,entrenamiento
5459,validacion
5460,entrenamiento
5461,entrenamiento
5462,entrenamiento
5463,entrenamiento
5464,validacion
5465,validacion
5466,entrenamiento
5467,prueba
5468,entrenamiento
5469,entrenamiento
5470,entrenamiento
5471,prueba
5472,prueba
5473,entrenamiento
5474,entrenamiento
5475,entrenamiento
5476,entrenamiento
5477,entrenamiento
5478,entrenamiento
5479,prueba
5480,entrenamiento
5481,entrenamiento
5482,entrenamiento
5483,prueba
5484,entrenamiento
5485,entrenamiento
5486,entrenamiento
5487,entrenamiento
5488,entrenamiento
5489,entrenamiento
5490,entrenamiento
5491,entrenamiento
5492,validacion
5493,entrenamiento
5494,prueba
5495,entrenamiento
5496,validacion
5497,entrenamiento
5498,entrenamiento
5499,entrenamiento
5500,entrenamiento
5501,entrenamiento
5502,prueba
5503,entrenamiento
5504,prueba
5505,entrenamiento
5506,entrenamiento
5507,entrenamiento
5508,validacion
5509,entrenamiento
5510,validacion
5511,entrenamiento
5512,prueba
5513,prueba
5514,entrenamiento
5515,validacion
5516,entrenamiento
5517,prueba
5518,prueba
5519,entrenamiento
5520,entrenamiento
5521,entrenamiento
5522,entrenamiento
5523,entrenamiento
5524,entrenamiento
5525,entrenamiento
5526,entrenamiento
5527,entrenamiento
5528,entrenamiento
5529,prueba
5530,entrenamiento
5531,entrenamiento
5532,entrenamiento
5533,validacion
5534,entrenamiento
5535,validacion
5536,entrenamiento
5537,entrenamiento
5538,entrenamiento
5539,entrenamiento
5540,entrenamiento
5541,entrenamiento
5542,prueba
5543,prueba
5544,entrenamiento
5545,entrenamiento
5546,entrenamiento
5547,prueba
5548,validacion
5549,entrenamiento
5550,entrenamiento
5551,entrenamiento
5552,entrenamiento
5553,entrenamiento
5554,entrenamiento
5555,entrenamiento
5556,entrenamiento
5557,prueba
5558,entrenamiento
5559,entrenamiento
5560,entrenamiento
5561,entrenamiento
5562,prueba
5563,validacion
5564,entrenamiento
5565,validacion
5566,entrenamiento
5567,prueba
5568,prueba
5569,entrenamiento
5570,prueba
5571,entrenamiento
5572,prueba
5573,validacion
5574,entrenamiento
5575,entrenamiento
5576,entrenamiento
5577,validacion
5578,validacion
5579,entrenamiento
5580,entrenamiento
5581,prueba
5582,validacion
5583,entrenamiento
5584,prueba
5585,entrenamiento
5586,validacion
5587,prueba
5588,entrenamiento
5589,prueba
5590,entrenamiento
5591,entrenamiento
5592,entrenamiento
5593,prueba
5594,entrenamiento
5595,entrenamiento
5596,entrenamiento
5597,entrenamiento
5598,validacion
5599,entrenamiento
5600,validacion
5601,entrenamiento
5602,entrenamiento
5603,entrenamiento
5604,entrenamiento
5605,validacion
5606,entrenamiento
5607,validacion
5608,entrenamiento
5609,entrenamiento
5610,entrenamiento
5611,prueba
5612,prueba
5613,entrenamiento
5614,entrenamiento
5615,entrenamiento
5616,validacion
5617,prueba
5618,entrenamiento
5619,validacion
5620,entrenamiento
5621,entrenamiento
5622,entrenamiento
5623,entrenamiento
5624,entrenamiento
5625,entrenamiento
5626,entrenamiento
5627,entrenamiento
5628,entrenamiento
5629,entrenamiento
5630,entrenamiento
5631,entrenamiento
5632,entrenamiento
5633,entrenamiento
5634,entrenamiento
5635,entrenamiento
5636,validacion
5637,entrenamiento
5638,entrenamiento
5639,entrenamiento
5640,prueba
5641,entrenamiento
5642,entrenamiento
5643,entrenamiento
5644,entrenamiento
5645,validacion
5646,prueba
5647,prueba
5648,entrenamiento
5649,validacion
5650,entrenamiento
5651,entrenamiento
5652,entrenamiento
5653,entrenamiento
5654,prueba
5655,entrenamiento
5656,entrenamiento
5657,validacion
5658,entrenamiento
5659,entrenamiento
5660,entrenamiento
5661,entrenamiento
5662,entrenamiento
5663,validacion
5664,entrenamiento
5665,validacion
5666,prueba
5667,entrenamiento
5668,entrenamiento
5669,prueba
5670,validacion
5671,entrenamiento
5672,validacion
5673,entrenamiento
5674,validacion
5675,entrenamiento
5676,entrenamiento
5677,entrenamiento
5678,validacion
5679,entrenamiento
5680,validacion
5681,entrenamiento
5682,prueba
5683,entrenamiento
5684,prueba
5685,entrenamiento
5686,entrenamiento
5687,entrenamiento
5688,entrenamiento
5689,entrenamiento
5690,entrenamiento
5691,entrenamiento
5692,prueba
5693,entrenamiento
5694,entrenamiento
5695,entrenamiento
5696,entrenamiento
5697,entrenamiento
5698,prueba
5699,entrenamiento
5700,validacion
5701,entrenamiento
5702,entrenamiento
5703,prueba
5704,validacion
5705,prueba
5706,entrenamiento
5707,prueba
5708,entrenamiento
5709,validacion
5710,entrenamiento
5711,entrenamiento
5712,prueba
5713,entrenamiento
5714,entrenamiento
5715,entrenamiento
5716,prueba
5717,validacion
5718,entrenamiento
5719,entrenamiento
5720,entrenamiento
5721,prueba
5722,entrenamiento
5723,validacion
5724,prueba
5725,validacion
5726,validacion
5727,entrenamiento
5728,entrenamiento
5729,entrenamiento
5730,entrenamiento
5731,entrenamiento
5732,validacion
5733,entrenamiento
5734,prueba
5735,entrenamiento
5736,prueba
5737,entrenamiento
5738,entrenamiento
5739,entrenamiento
5740,prueba
5741,entrenamiento
5742,prueba
5743,entrenamiento
5744,entrenamiento
5745,entrenamiento
5746,prueba
5747,entrenamiento
5748,prueba
5749,entrenamiento
5750,entrenamiento
5751,entrenamiento
5752,validacion
5753,entrenamiento
5754,entrenamiento
5755,validacion
5756,validacion
5757,entrenamiento
5758,prueba
5759,prueba
5760,entrenamiento
5761,validacion
5762,entrenamiento
5763,entrenamiento
5764,entrenamiento
5765,prueba
5766,entrenamiento
5767,entrenamiento
5768,entrenamiento
5769,validacion
5770,entrenamiento
5771,entrenamiento
5772,entrenamiento
5773,entrenamiento
5774,entrenamiento
5775,entrenamiento
5776,validacion
5777,prueba
5778,entrenamiento
5779,entrenamiento
5780,entrenamiento
5781,entrenamiento
5782,entrenamiento
5783,entrenamiento
5784,entrenamiento
5785,entrenamiento
5786,entrenamiento
5787,entrenamiento
5788,prueba
5789,entrenamiento
5790,prueba
5791,entrenamiento
5792,validacion
5793,entrenamiento
5794,validacion
5795,entrenamiento
5796,prueba
5797,entrenamiento
5798,validacion
5799,entrenamiento
5800,entrenamiento
5801,entrenamiento
5802,entrenamiento
5803,prueba
5804,prueba
5805,entrenamiento
5806,entrenamiento
5807,entrenamiento
5808,entrenamiento
5809,entrenamiento
5810,entrenamiento
5811,entrenamiento
5812,entrenamiento
5813,entrenamiento
5814,prueba
5815,prueba
5816,validacion
5817,prueba
5818,entrenamiento
5819,entrenamiento
5820,entrenamiento
5821,entrenamiento
5822,entrenamiento
5823,entrenamiento
5824,entrenamiento
5825,entrenamiento
5826,validacion
5827,entrenamiento
5828,entrenamiento
5829,entrenamiento
5830,entrenamiento
5831,entrenamiento
5832,prueba
5833,entrenamiento
5834,entrenamiento
5835,entrenamiento
5836,entrenamiento
5837,entrenamiento
5838,entrenamiento
5839,prueba
5840,entrenamiento
5841,validacion
5842,prueba
5843,prueba
5844,entrenamiento
5845,entrenamiento
5846,entrenamiento
5847,prueba
5848,entrenamiento
5849,entrenamiento
5850,validacion
5851,entrenamiento
5852,prueba
5853,entrenamiento
5854,entrenamiento
5855,prueba
5856,entrenamiento
5857,validacion
5858,prueba
5859,entrenamiento
5860,entrenamiento
5861,prueba
5862,entrenamiento
5863,entrenamiento
5864,entrenamiento
5865,validacion
5866,validacion
5867,prueba
5868,entrenamiento
5869,validacion
5870,prueba
5871,entrenamiento
5872,entrenamiento
5873,validacion
5874,entrenamiento
5875,entrenamiento
5876,entrenamiento
5877,entrenamiento
5878,entrenamiento
5879,prueba
5880,validacion
5881,entrenamiento
5882,entrenamiento
5883,entrenamiento
5884,validacion
5885,validacion
5886,entrenamiento
5887,entrenamiento
5888,entrenamiento
5889,entrenamiento
5890,entrenamiento
5891,prueba
5892,entrenamiento
5893,entrenamiento
5894,prueba
5895,entrenamiento
5896,validacion
5897,entrenamiento
5898,entrenamiento
5899,validacion
5900,entrenamiento
5901,entrenamiento
5902,entrenamiento
5903,validacion
5904,entrenamiento
5905,entrenamiento
5906,validacion
5907,entrenamiento
5908,entrenamiento
5909,entrenamiento
5910,entrenamiento
5911,prueba
5912,entrenamiento
5913,entrenamiento
5914,entrenamiento
5915,entrenamiento
5916,prueba
5917,prueba
5918,entrenamiento
5919,entrenamiento
5920,validacion
5921,entrenamiento
5922,prueba
5923,validacion
5924,entrenamiento
5925,entrenamiento
5926,prueba
5927,entrenamiento
5928,entrenamiento
5929,validacion
5930,entrenamiento
5931,entrenamiento
5932,entrenamiento
5933,entrenamiento
5934,entrenamiento
5935,entrenamiento
5936,entrenamiento
5937,validacion
5938,entrenamiento
5939,validacion
5940,entrenamiento
5941,prueba
5942,entrenamiento
5943,entrenamiento
5944,prueba
5945,validacion
5946,entrenamiento
5947,entrenamiento
5948,entrenamiento
5949,entrenamiento
5950,entrenamiento
5951,entrenamiento
5952,validacion
5953,entrenamiento
5954,validacion
5955,validacion
5956,prueba
5957,prueba
5958,entrenamiento
5959,entrenamiento
5960,entrenamiento
5961,prueba
5962,entrenamiento
5963,entrenamiento
5964,entrenamiento
5965,entrenamiento
5966,entrenamiento
5967,entrenamiento
5968,prueba
5969,entrenamiento
5970,entrenamiento
5971,entrenamiento
5972,entrenamiento
5973,prueba
5974,entrenamiento
5975,entrenamiento
5976,prueba
5977,entrenamiento
5978,entrenamiento
5979,entrenamiento
5980,entrenamiento
5981,entrenamiento
5982,prueba
5983,validacion
5984,validacion
5985,entrenamiento
5986,entrenamiento
5987,entrenamiento
5988,prueba
5989,entrenamiento
5990,entrenamiento
5991,entrenamiento
5992,entrenamiento
5993,validacion
5994,entrenamiento
5995,entrenamiento
5996,entrenamiento
5997,entrenamiento
5998,entrenamiento
5999,entrenamiento
6000,entrenamiento
6001,entrenamiento
6002,entrenamiento
6003,entrenamiento
6004,validacion
6005,entrenamiento
6006,entrenamiento
6007,entrenamiento
6008,entrenamiento
6009,entrenamiento
6010,entrenamiento
6011,entrenamiento
6012,validacion
6013,entrenamiento
6014,validacion
6015,entrenamiento
6016,entrenamiento
6017,entrenamiento
6018,entrenamiento
6019,prueba
6020,entrenamiento
6021,entrenamiento
6022,validacion
6023,entrenamiento
6024,entrenamiento
6025,entrenamiento
6026,entrenamiento
6027,entrenamiento
6028,entrenamiento
6029,entrenamiento
6030,prueba
6031,entrenamiento
6032,prueba
6033,prueba
6034,prueba
6035,entrenamiento
6036,entrenamiento
6037,validacion
6038,prueba
6039,entrenamiento
6040,entrenamiento
6041,entrenamiento
6042,prueba
6043,validacion
6044,entrenamiento
6045,entrenamiento
6046,entrenamiento
6047,entrenamiento
6048,prueba
6049,entrenamiento
6050,entrenamiento
6051,entrenamiento
6052,entrenamiento
6053,entrenamiento
6054,entrenamiento
6055,entrenamiento
6056,entrenamiento
6057,entrenamiento
6058,entrenamiento
6059,entrenamiento
6060,entrenamiento
6061,entrenamiento
6062,prueba
6063,entrenamiento
6064,entrenamiento
6065,prueba
6066,prueba
6067,prueba
6068,validacion
6069,prueba
6070,entrenamiento
6071,entrenamiento
6072,entrenamiento
6073,prueba
6074,validacion
6075,entrenamiento
6076,validacion
6077,prueba
6078,entrenamiento
6079,entrenamiento
6080,entrenamiento
6081,prueba
6082,prueba
6083,entrenamiento
6084,entrenamiento
6085,entrenamiento
6086,entrenamiento
6087,entrenamiento
6088,prueba
6089,entrenamiento
6090,entrenamiento
6091,entrenamiento
6092,prueba
6093,entrenamiento
6094,entrenamiento
6095,prueba
6096,validacion
6097,validacion
6098,entrenamiento
6099,entrenamiento
6100,prueba
6101,entrenamiento
6102,entrenamiento
6103,entrenamiento
6104,entrenamiento
6105,validacion
6106,entrenamiento
6107,entrenamiento
6108,validacion
6109,entrenamiento
6110,validacion
6111,entrenamiento
6112,entrenamiento
6113,entrenamiento
6114,validacion
6115,prueba
6116,prueba
6117,entrenamiento
6118,prueba
6119,entrenamiento
6120,prueba
6121,entrenamiento
6122,entrenamiento
6123,entrenamiento
6124,entrenamiento
6125,entrenamiento
6126,entrenamiento
6127,prueba
6128,validacion
6129,validacion
6130,entrenamiento
6131,entrenamiento
6132,entrenamiento
6133,prueba
6134,entrenamiento
6135,prueba
6136,entrenamiento
6137,entrenamiento
6138,entrenamiento
6139,entrenamiento
6140,entrenamiento
6141,entrenamiento
6142,prueba
6143,entrenamiento
6144,prueba
6145,prueba
6146,entrenamiento
6147,entrenamiento
6148,entrenamiento
6149,entrenamiento
6150,entrenamiento
6151,entrenamiento
6152,entrenamiento
6153,entrenamiento
6154,entrenamiento
6155,prueba
6156,entrenamiento
6157,entrenamiento
6158,entrenamiento
6159,prueba
6160,entrenamiento
6161,entrenamiento
6162,entrenamiento
6163,entrenamiento
6164,prueba
6165,entrenamiento
6166,validacion
6167,prueba
6168,entrenamiento
6169,prueba
6170,entrenamiento
6171,entrenamiento
6172,entrenamiento
6173,entrenamiento
6174,entrenamiento
6175,entrenamiento
6176,entrenamiento
6177,entrenamiento
6178,validacion
6179,entrenamiento
6180,entrenamiento
6181,prueba
6182,validacion
6183,prueba
6184,entrenamiento
6185,entrenamiento
6186,entrenamiento
6187,prueba
6188,prueba
6189,entrenamiento
6190,entrenamiento
6191,entrenamiento
6192,entrenamiento
6193,entrenamiento
6194,prueba
6195,validacion
6196,entrenamiento
6197,validacion
6198,entrenamiento
6199,entrenamiento
6200,validacion
6201,entrenamiento
6202,prueba
6203,validacion
6204,entrenamiento
6205,entrenamiento
6206,entrenamiento
6207,prueba
6208,prueba
6209,entrenamiento
6210,prueba
6211,entrenamiento
6212,entrenamiento
6213,validacion
6214,entrenamiento
6215,validacion
6216,entrenamiento
6217,entrenamiento
6218,prueba
6219,entrenamiento
6220,entrenamiento
6221,entrenamiento
6222,entrenamiento
6223,prueba
6224,prueba
6225,entrenamiento
6226,entrenamiento
6227,entrenamiento
6228,entrenamiento
6229,entrenamiento
6230,entrenamiento
6231,prueba
6232,entrenamiento
6233,entrenamiento
6234,prueba
6235,entrenamiento
6236,validacion
6237,prueba
6238,entrenamiento
6239,entrenamiento
6240,prueba
6241,entrenamiento
6242,validacion
6243,entrenamiento
6244,prueba
6245,entrenamiento
6246,prueba
6247,prueba
6248,entrenamiento
6249,entrenamiento
6250,entrenamiento
6251,entrenamiento
6252,entrenamiento
6253,validacion
6254,entrenamiento
6255,entrenamiento
6256,entrenamiento
6257,validacion
6258,entrenamiento
6259,validacion
6260,entrenamiento
6261,entrenamiento
6262,entrenamiento
6263,entrenamiento
6264,entrenamiento
6265,entrenamiento
6266,entrenamiento
6267,prueba
6268,entrenamiento
6269,entrenamiento
6270,prueba
6271,entrenamiento
6272,entrenamiento
6273,entrenamiento
6274,prueba
6275,entrenamiento
6276,entrenamiento
6277,prueba
6278,entrenamiento
6279,prueba
6280,prueba
6281,entrenamiento
6282,validacion
6283,prueba
6284,entrenamiento
6285,entrenamiento
6286,entrenamiento
6287,validacion
6288,entrenamiento
6289,validacion
6290,validacion
6291,validacion
6292,prueba
6293,entrenamiento
6294,entrenamiento
6295,entrenamiento
6296,entrenamiento
6297,entrenamiento
6298,prueba
6299,prueba
6300,validacion
6301,entrenamiento
6302,prueba
6303,prueba
6304,prueba
6305,entrenamiento
6306,entrenamiento
6307,entrenamiento
6308,entrenamiento
6309,prueba
6310,entrenamiento
6311,entrenamiento
6312,entrenamiento
6313,entrenamiento
6314,entrenamiento
6315,entrenamiento
6316,prueba
6317,entrenamiento
6318,prueba
6319,prueba
6320,entrenamiento
6321,entrenamiento
6322,entrenamiento
6323,prueba
6324,entrenamiento
6325,entrenamiento
6326,entrenamiento
6327,entrenamiento
6328,validacion
6329,entrenamiento
6330,validacion
6331,validacion
6332,entrenamiento
6333,entrenamiento
6334,entrenamiento
6335,entrenamiento
6336,entrenamiento
6337,validacion
6338,entrenamiento
6339,entrenamiento
6340,prueba
6341,entrenamiento
6342,validacion
6343,entrenamiento
6344,entrenamiento
6345,prueba
6346,validacion
6347,validacion
6348,validacion
6349,entrenamiento
6350,entrenamiento
6351,entrenamiento
6352,entrenamiento
6353,entrenamiento
6354,entrenamiento
6355,entrenamiento
6356,entrenamiento
6357,validacion
6358,entrenamiento
6359,validacion
6360,prueba
6361,prueba
6362,validacion
6363,entrenamiento
6364,entrenamiento
6365,entrenamiento
6366,entrenamiento
6367,entrenamiento
6368,entrenamiento
6369,entrenamiento
6370,entrenamiento
6371,entrenamiento
6372,entrenamiento
6373,prueba
6374,entrenamiento
6375,validacion
6376,entrenamiento
6377,entrenamiento
6378,entrenamiento
6379,prueba
6380,entrenamiento
6381,entrenamiento
6382,entrenamiento
6383,validacion
6384,entrenamiento
6385,entrenamiento
6386,entrenamiento
6387,validacion
6388,validacion
6389,entrenamiento
6390,entrenamiento
6391,entrenamiento
6392,entrenamiento
6393,entrenamiento
6394,prueba
6395,entrenamiento
6396,entrenamiento
6397,entrenamiento
6398,entrenamiento
6399,entrenamiento
6400,validacion
6401,prueba
6402,entrenamiento
6403,entrenamiento
6404,entrenamiento
6405,entrenamiento
6406,entrenamiento
6407,validacion
6408,entrenamiento
6409,entrenamiento
6410,entrenamiento
6411,entrenamiento
6412,prueba
6413,entrenamiento
6414,entrenamiento
6415,entrenamiento
6416,entrenamiento
6417,entrenamiento
6418,prueba
6419,prueba
6420,entrenamiento
6421,entrenamiento
6422,entrenamiento
6423,entrenamiento
6424,entrenamiento
6425,entrenamiento
6426,entrenamiento
6427,entrenamiento
6428,entrenamiento
6429,entrenamiento
6430,entrenamiento
6431,entrenamiento
6432,entrenamiento
6433,entrenamiento
6434,entrenamiento
6435,validacion
6436,entrenamiento
6437,prueba
6438,entrenamiento
6439,prueba
6440,prueba
6441,prueba
6442,validacion
6443,prueba
6444,entrenamiento
6445,entrenamiento
6446,entrenamiento
6447,entrenamiento
6448,entrenamiento
6449,prueba
6450,entrenamiento
6451,entrenamiento
6452,validacion
6453,prueba
6454,entrenamiento
6455,entrenamiento
6456,entrenamiento
6457,entrenamiento
6458,entrenamiento
6459,prueba
6460,entrenamiento
6461,entrenamiento
6462,entrenamiento
6463,prueba
6464,entrenamiento
6465,entrenamiento
6466,entrenamiento
6467,entrenamiento
6468,validacion
6469,entrenamiento
6470,entrenamiento
6471,entrenamiento
6472,entrenamiento
6473,entrenamiento
6474,entrenamiento
6475,prueba
6476,entrenamiento
6477,entrenamiento
6478,validacion
6479,prueba
6480,entrenamiento
6481,entrenamiento
6482,prueba
6483,entrenamiento
6484,entrenamiento
6485,entrenamiento
6486,entrenamiento
6487,entrenamiento
6488,entrenamiento
6489,validacion
6490,validacion
6491,entrenamiento
6492,entrenamiento
6493,entrenamiento
6494,entrenamiento
6495,entrenamiento
6496,prueba
6497,validacion
6498,entrenamiento
6499,entrenamiento
6500,prueba
6501,entrenamiento
6502,validacion
6503,entrenamiento
6504,entrenamiento
6505,validacion
6506,entrenamiento
6507,entrenamiento
6508,validacion
6509,prueba
6510,validacion
6511,entrenamiento
6512,entrenamiento
6513,prueba
6514,entrenamiento
6515,entrenamiento
6516,validacion
6517,entrenamiento
6518,entrenamiento
6519,entrenamiento
6520,entrenamiento
6521,entrenamiento
6522,entrenamiento
6523,entrenamiento
6524,entrenamiento
6525,entrenamiento
6526,entrenamiento
6527,validacion
6528,entrenamiento
6529,prueba
6530,validacion
6531,validacion
6532,entrenamiento
6533,validacion
6534,entrenamiento
6535,prueba
6536,entrenamiento
6537,prueba
6538,prueba
6539,prueba
6540,entrenamiento
6541,entrenamiento
6542,entrenamiento
6543,entrenamiento
6544,prueba
6545,entrenamiento
6546,entrenamiento
6547,validacion
6548,entrenamiento
6549,prueba
6550,entrenamiento
6551,prueba
6552,entrenamiento
6553,prueba
6554,prueba
6555,entrenamiento
6556,entrenamiento
6557,prueba
6558,entrenamiento
6559,entrenamiento
6560,entrenamiento
6561,entrenamiento
6562,validacion
6563,prueba
6564,entrenamiento
6565,entrenamiento
6566,entrenamiento
6567,entrenamiento
6568,entrenamiento
6569,entrenamiento
6570,entrenamiento
6571,entrenamiento
6572,entrenamiento
6573,entrenamiento
6574,entrenamiento
6575,prueba
6576,entrenamiento
6577,entrenamiento
6578,entrenamiento
6579,entrenamiento
6580,prueba
6581,entrenamiento
6582,entrenamiento
6583,validacion
6584,entrenamiento
6585,validacion
6586,entrenamiento
6587,entrenamiento
6588,validacion
6589,entrenamiento
6590,entrenamiento
6591,entrenamiento
6592,entrenamiento
6593,validacion
6594,prueba
6595,entrenamiento
6596,validacion
6597,validacion
6598,validacion
6599,entrenamiento
6600,entrenamiento
6601,entrenamiento
6602,prueba
6603,entrenamiento
6604,entrenamiento
6605,validacion
6606,prueba
6607,prueba
6608,entrenamiento
6609,validacion
6610,entrenamiento
6611,entrenamiento
6612,validacion
6613,entrenamiento
6614,validacion
6615,entrenamiento
6616,entrenamiento
6617,entrenamiento
6618,prueba
6619,entrenamiento
6620,validacion
6621,prueba
6622,entrenamiento
6623,prueba
6624,prueba
6625,validacion
6626,entrenamiento
6627,entrenamiento
6628,entrenamiento
6629,validacion
6630,entrenamiento
6631,entrenamiento
6632,entrenamiento
6633,entrenamiento
6634,prueba
6635,entrenamiento
6636,entrenamiento
6637,prueba
6638,prueba
6639,validacion
6640,entrenamiento
6641,prueba
6642,validacion
6643,prueba
6644,entrenamiento
6645,prueba
6646,entrenamiento
6647,entrenamiento
6648,entrenamiento
6649,validacion
6650,validacion
6651,validacion
6652,prueba
6653,prueba
6654,entrenamiento
6655,entrenamiento
6656,entrenamiento
6657,prueba
6658,entrenamiento
6659,entrenamiento
6660,entrenamiento
6661,validacion
6662,entrenamiento
6663,entrenamiento
6664,entrenamiento
6665,prueba
6666,validacion
6667,entrenamiento
6668,prueba
6669,entrenamiento
6670,entrenamiento
6671,entrenamiento
6672,entrenamiento
6673,entrenamiento
6674,prueba
6675,entrenamiento
6676,validacion
6677,entrenamiento
6678,prueba
6679,entrenamiento
6680,prueba
6681,prueba
6682,entrenamiento
6683,entrenamiento
6684,prueba
6685,entrenamiento
6686,prueba
6687,entrenamiento
6688,prueba
6689,validacion
6690,entrenamiento
6691,entrenamiento
6692,prueba
6693,validacion
6694,prueba
6695,entrenamiento
6696,validacion
6697,prueba
6698,prueba
6699,validacion
6700,entrenamiento
6701,entrenamiento
6702,entrenamiento
6703,entrenamiento
6704,entrenamiento
6705,entrenamiento
6706,prueba
6707,validacion
6708,entrenamiento
6709,entrenamiento
6710,validacion
6711,validacion
6712,entrenamiento
6713,entrenamiento
6714,entrenamiento
6715,validacion
6716,entrenamiento
6717,entrenamiento
6718,validacion
6719,entrenamiento
6720,entrenamiento
6721,entrenamiento
6722,entrenamiento
6723,validacion
6724,validacion
6725,entrenamiento
6726,entrenamiento
6727,validacion
6728,entrenamiento
6729,prueba
6730,entrenamiento
6731,entrenamiento
6732,entrenamiento
6733,validacion
6734,entrenamiento
6735,prueba
6736,entrenamiento
6737,entrenamiento
6738,prueba
6739,entrenamiento
6740,entrenamiento
6741,prueba
6742,entrenamiento
6743,entrenamiento
6744,prueba
6745,entrenamiento
6746,prueba
6747,prueba
6748,validacion
6749,prueba
6750,entrenamiento
6751,prueba
6752,validacion
6753,prueba
6754,validacion
6755,prueba
6756,entrenamiento
6757,prueba
6758,entrenamiento
6759,prueba
6760,entrenamiento
6761,entrenamiento
6762,entrenamiento
6763,entrenamiento
6764,entrenamiento
6765,entrenamiento
6766,entrenamiento
6767,prueba
6768,entrenamiento
6769,entrenamiento
6770,entrenamiento
6771,prueba
6772,entrenamiento
6773,prueba
6774,entrenamiento
6775,validacion
6776,prueba
6777,entrenamiento
6778,entrenamiento
6779,entrenamiento
6780,entrenamiento
6781,entrenamiento
6782,entrenamiento
6783,validacion
6784,entrenamiento
6785,prueba
6786,entrenamiento
6787,prueba
6788,entrenamiento
6789,entrenamiento
6790,validacion
6791,entrenamiento
6792,entrenamiento
6793,entrenamiento
6794,prueba
6795,validacion
6796,entrenamiento
6797,entrenamiento
6798,entrenamiento
6799,prueba
6800,prueba
6801,validacion
6802,entrenamiento
6803,entrenamiento
6804,prueba
6805,entrenamiento
6806,validacion
6807,entrenamiento
6808,validacion
6809,entrenamiento
6810,entrenamiento
6811,entrenamiento
6812,entrenamiento
6813,entrenamiento
6814,entrenamiento
6815,entrenamiento
6816,prueba
6817,prueba
6818,entrenamiento
6819,prueba
6820,entrenamiento
6821,prueba
6822,entrenamiento
6823,entrenamiento
6824,entrenamiento
6825,entrenamiento
6826,entrenamiento
6827,entrenamiento
6828,validacion
6829,entrenamiento
6830,entrenamiento
6831,validacion
6832,entrenamiento
6833,entrenamiento
6834,entrenamiento
6835,entrenamiento
6836,prueba
6837,entrenamiento
6838,prueba
6839,entrenamiento
6840,entrenamiento
6841,entrenamiento
6842,entrenamiento
6843,entrenamiento
6844,entrenamiento
6845,entrenamiento
6846,entrenamiento
6847,entrenamiento
6848,entrenamiento
6849,prueba
6850,prueba
6851,entrenamiento
6852,entrenamiento
6853,validacion
6854,prueba
6855,entrenamiento
6856,validacion
6857,entrenamiento
6858,entrenamiento
6859,entrenamiento
6860,entrenamiento
6861,entrenamiento
6862,validacion
6863,prueba
6864,entrenamiento
6865,entrenamiento
6866,entrenamiento
6867,entrenamiento
6868,validacion
6869,entrenamiento
6870,entrenamiento
6871,prueba
6872,entrenamiento
6873,entrenamiento
6874,validacion
6875,entrenamiento
6876,prueba
6877,entrenamiento
6878,validacion
6879,prueba
6880,entrenamiento
6881,prueba
6882,entrenamiento
6883,entrenamiento
6884,entrenamiento
6885,entrenamiento
6886,entrenamiento
6887,entrenamiento
6888,validacion
6889,validacion
6890,validacion
6891,entrenamiento
6892,prueba
6893,prueba
6894,validacion
6895,entrenamiento
6896,prueba
6897,entrenamiento
6898,entrenamiento
6899,entrenamiento
6900,entrenamiento
6901,entrenamiento
6902,entrenamiento
6903,entrenamiento
6904,prueba
6905,entrenamiento
6906,prueba
6907,validacion
6908,entrenamiento
6909,entrenamiento
6910,entrenamiento
6911,entrenamiento
6912,entrenamiento
6913,entrenamiento
6914,entrenamiento
6915,prueba
6916,entrenamiento
6917,validacion
6918,entrenamiento
6919,entrenamiento
6920,validacion
6921,entrenamiento
6922,entrenamiento
6923,validacion
6924,entrenamiento
6925,entrenamiento
6926,entrenamiento
6927,entrenamiento
6928,entrenamiento
6929,entrenamiento
6930,entrenamiento
6931,entrenamiento
6932,entrenamiento
6933,entrenamiento
6934,entrenamiento
6935,prueba
6936,entrenamiento
6937,entrenamiento
6938,entrenamiento
6939,prueba
6940,entrenamiento
6941,entrenamiento
6942,entrenamiento
6943,entrenamiento
6944,entrenamiento
6945,prueba
6946,prueba
6947,entrenamiento
6948,prueba
6949,validacion
6950,prueba
6951,entrenamiento
6952,entrenamiento
6953,entrenamiento
6954,prueba
6955,entrenamiento
6956,entrenamiento
6957,entrenamiento
6958,validacion
6959,entrenamiento
6960,prueba
6961,prueba
6962,entrenamiento
6963,entrenamiento
6964,entrenamiento
6965,prueba
6966,validacion
6967,entrenamiento
6968,validacion
6969,entrenamiento
6970,entrenamiento
6971,prueba
6972,prueba
6973,validacion
6974,validacion
6975,entrenamiento
6976,validacion
6977,prueba
6978,entrenamiento
6979,validacion
6980,entrenamiento
6981,prueba
6982,entrenamiento
6983,validacion
6984,entrenamiento
6985,validacion
6986,entrenamiento
6987,validacion
6988,entrenamiento
6989,entrenamiento
6990,validacion
6991,prueba
6992,entrenamiento
6993,entrenamiento
6994,entrenamiento
6995,prueba
6996,validacion
6997,entrenamiento
6998,entrenamiento
6999,prueba
7000,entrenamiento
7001,entrenamiento
7002,entrenamiento
7003,entrenamiento
7004,entrenamiento
7005,prueba
7006,entrenamiento
7007,entrenamiento
7008,entrenamiento
7009,prueba
7010,entrenamiento
7011,prueba
7012,entrenamiento
7013,entrenamiento
7014,prueba
7015,validacion
7016,entrenamiento
7017,prueba
7018,prueba
7019,validacion
7020,validacion
7021,prueba
7022,entrenamiento
7023,entrenamiento
7024,entrenamiento
7025,entrenamiento
7026,prueba
7027,entrenamiento
7028,entrenamiento
7029,entrenamiento
7030,entrenamiento
7031,entrenamiento
7032,validacion
7033,entrenamiento
7034,prueba
7035,validacion
7036,entrenamiento
7037,entrenamiento
7038,prueba
7039,entrenamiento
7040,entrenamiento
7041,entrenamiento
7042,entrenamiento
7043,entrenamiento
7044,validacion
7045,entrenamiento
7046,entrenamiento
7047,validacion
7048,entrenamiento
7049,entrenamiento
7050,entrenamiento
7051,entrenamiento
7052,entrenamiento
7053,entrenamiento
7054,entrenamiento
7055,entrenamiento
7056,entrenamiento
7057,entrenamiento
7058,entrenamiento
7059,entrenamiento
7060,entrenamiento
7061,entrenamiento
7062,entrenamiento
7063,entrenamiento
7064,validacion
7065,validacion
7066,entrenamiento
7067,entrenamiento
7068,entrenamiento
7069,entrenamiento
7070,entrenamiento
7071,validacion
7072,prueba
7073,entrenamiento
7074,entrenamiento
7075,validacion
7076,validacion
7077,validacion
7078,entrenamiento
7079,validacion
7080,entrenamiento
7081,entrenamiento
7082,entrenamiento
7083,entrenamiento
7084,entrenamiento
7085,validacion
7086,entrenamiento
7087,entrenamiento
7088,entrenamiento
7089,entrenamiento
7090,entrenamiento
7091,entrenamiento
7092,entrenamiento
7093,entrenamiento
7094,prueba
7095,entrenamiento
7096,entrenamiento
7097,prueba
7098,entrenamiento
7099,entrenamiento
7100,entrenamiento
7101,prueba
7102,entrenamiento
7103,entrenamiento
7104,prueba
7105,entrenamiento
7106,prueba
7107,entrenamiento
7108,entrenamiento
7109,entrenamiento
7110,entrenamiento
7111,entrenamiento
7112,prueba
7113,entrenamiento
7114,validacion
7115,entrenamiento
7116,entrenamiento
7117,entrenamiento
7118,entrenamiento
7119,validacion
7120,entrenamiento
7121,validacion
7122,entrenamiento
7123,entrenamiento
7124,entrenamiento
7125,validacion
7126,entrenamiento
7127,entrenamiento
7128,prueba
7129,prueba
7130,prueba
7131,entrenamiento
7132,entrenamiento
7133,entrenamiento
7134,entrenamiento
7135,entrenamiento
7136,entrenamiento
7137,entrenamiento
7138,prueba
7139,entrenamiento
7140,entrenamiento
7141,entrenamiento
7142,prueba
7143,entrenamiento
7144,validacion
7145,validacion
7146,entrenamiento
7147,entrenamiento
7148,entrenamiento
7149,entrenamiento
7150,entrenamiento
7151,validacion
7152,entrenamiento
7153,validacion
7154,entrenamiento
7155,entrenamiento
7156,entrenamiento
7157,entrenamiento
7158,entrenamiento
7159,entrenamiento
7160,prueba
7161,entrenamiento
7162,prueba
7163,prueba
7164,entrenamiento
7165,prueba
7166,entrenamiento
7167,entrenamiento
7168,validacion
7169,prueba
7170,entrenamiento
7171,validacion
7172,entrenamiento
7173,entrenamiento
7174,prueba
7175,entrenamiento
7176,entrenamiento
7177,prueba
7178,entrenamiento
7179,entrenamiento
7180,prueba
7181,prueba
7182,entrenamiento
7183,entrenamiento
7184,validacion
7185,entrenamiento
7186,entrenamiento
7187,validacion
7188,validacion
7189,entrenamiento
7190,entrenamiento
7191,validacion
7192,entrenamiento
7193,prueba
7194,entrenamiento
7195,prueba
7196,validacion
7197,entrenamiento
7198,entrenamiento
7199,entrenamiento
7200,entrenamiento
7201,prueba
7202,entrenamiento
7203,entrenamiento
7204,entrenamiento
7205,prueba
7206,entrenamiento
7207,entrenamiento
7208,entrenamiento
7209,entrenamiento
7210,validacion
7211,prueba
7212,prueba
7213,prueba
7214,entrenamiento
7215,entrenamiento
7216,entrenamiento
7217,prueba
7218,entrenamiento
7219,validacion
7220,entrenamiento
7221,entrenamiento
7222,entrenamiento
7223,entrenamiento
7224,entrenamiento
7225,entrenamiento
7226,entrenamiento
7227,entrenamiento
7228,prueba
7229,validacion
7230,entrenamiento
7231,prueba
7232,entrenamiento
7233,entrenamiento
7234,entrenamiento
7235,entrenamiento
7236,entrenamiento
7237,prueba
7238,validacion
7239,entrenamiento
7240,prueba
7241,entrenamiento
7242,entrenamiento
7243,entrenamiento
7244,entrenamiento
7245,validacion
7246,entrenamiento
7247,entrenamiento
7248,entrenamiento
7249,entrenamiento
7250,entrenamiento
7251,entrenamiento
7252,validacion
7253,entrenamiento
7254,entrenamiento
7255,entrenamiento
7256,validacion
7257,validacion
7258,prueba
7259,entrenamiento
7260,validacion
7261,entrenamiento
7262,prueba
7263,prueba
7264,prueba
7265,entrenamiento
7266,validacion
7267,entrenamiento
7268,entrenamiento
7269,validacion
7270,prueba
7271,entrenamiento
7272,entrenamiento
7273,entrenamiento
7274,validacion
7275,validacion
7276,entrenamiento
7277,entrenamiento
7278,entrenamiento
7279,entrenamiento
7280,entrenamiento
7281,entrenamiento
7282,entrenamiento
7283,entrenamiento
7284,entrenamiento
7285,entrenamiento
7286,entrenamiento
7287,prueba
7288,entrenamiento
7289,prueba
7290,validacion
7291,entrenamiento
7292,entrenamiento
7293,entrenamiento
7294,entrenamiento
7295,prueba
7296,entrenamiento
7297,validacion
7298,entrenamiento
7299,entrenamiento
7300,validacion
7301,entrenamiento
7302,prueba
7303,entrenamiento
7304,entrenamiento
7305,entrenamiento
7306,validacion
7307,validacion
7308,prueba
7309,entrenamiento
7310,prueba
7311,entrenamiento
7312,entrenamiento
7313,entrenamiento
7314,prueba
7315,entrenamiento
7316,entrenamiento
7317,validacion
7318,entrenamiento
7319,validacion
7320,validacion
7321,entrenamiento
7322,entrenamiento
7323,entrenamiento
7324,prueba
7325,entrenamiento
7326,validacion
7327,entrenamiento
7328,entrenamiento
7329,validacion
7330,validacion
7331,entrenamiento
7332,entrenamiento
7333,validacion
7334,entrenamiento
7335,entrenamiento
7336,entrenamiento
7337,validacion
7338,validacion
7339,validacion
7340,prueba
7341,entrenamiento
7342,entrenamiento
7343,entrenamiento
7344,entrenamiento
7345,entrenamiento
7346,entrenamiento
7347,entrenamiento
7348,prueba
7349,entrenamiento
7350,validacion
7351,entrenamiento
7352,prueba
7353,entrenamiento
7354,entrenamiento
7355,entrenamiento
7356,entrenamiento
7357,entrenamiento
7358,entrenamiento
7359,entrenamiento
7360,entrenamiento
7361,entrenamiento
7362,prueba
7363,entrenamiento
7364,validacion
7365,prueba
7366,entrenamiento
7367,entrenamiento
7368,entrenamiento
7369,entrenamiento
7370,entrenamiento
7371,entrenamiento
7372,entrenamiento
7373,validacion
7374,entrenamiento
7375,entrenamiento
7376,entrenamiento
7377,prueba
7378,entrenamiento
7379,entrenamiento
7380,entrenamiento
7381,entrenamiento
7382,entrenamiento
7383,entrenamiento
7384,entrenamiento
7385,entrenamiento
7386,entrenamiento
7387,entrenamiento
7388,entrenamiento
7389,entrenamiento
7390,entrenamiento
7391,prueba
7392,entrenamiento
7393,entrenamiento
7394,entrenamiento
7395,entrenamiento
7396,entrenamiento
7397,entrenamiento
7398,entrenamiento
7399,entrenamiento
7400,validacion
7401,prueba
7402,prueba
7403,entrenamiento
7404,entrenamiento
7405,entrenamiento
7406,entrenamiento
7407,prueba
7408,entrenamiento
7409,validacion
7410,validacion
7411,entrenamiento
7412,entrenamiento
7413,entrenamiento
7414,entrenamiento
7415,entrenamiento
7416,entrenamiento
7417,entrenamiento
7418,entrenamiento
7419,prueba
7420,entrenamiento
7421,validacion
7422,entrenamiento
7423,entrenamiento
7424,entrenamiento
7425,validacion
7426,entrenamiento
7427,entrenamiento
7428,entrenamiento
7429,validacion
7430,entrenamiento
7431,validacion
7432,validacion
7433,prueba
7434,prueba
7435,entrenamiento
7436,prueba
7437,entrenamiento
7438,prueba
7439,entrenamiento
7440,validacion
7441,prueba
7442,entrenamiento
7443,entrenamiento
7444,validacion
7445,entrenamiento
7446,prueba
7447,entrenamiento
7448,prueba
7449,entrenamiento
7450,entrenamiento
7451,entrenamiento
7452,validacion
7453,prueba
7454,entrenamiento
7455,entrenamiento
7456,entrenamiento
7457,entrenamiento
7458,entrenamiento
7459,entrenamiento
7460,prueba
7461,validacion
7462,entrenamiento
7463,prueba
7464,entrenamiento
7465,prueba
7466,entrenamiento
7467,entrenamiento
7468,validacion
7469,entrenamiento
7470,entrenamiento
7471,entrenamiento
7472,entrenamiento
7473,entrenamiento
7474,entrenamiento
7475,entrenamiento
7476,prueba
7477,prueba
7478,entrenamiento
7479,entrenamiento
7480,prueba
7481,validacion
7482,entrenamiento
7483,entrenamiento
7484,prueba
7485,entrenamiento
7486,validacion
7487,entrenamiento
7488,validacion
7489,validacion
7490,entrenamiento
7491,entrenamiento
7492,validacion
7493,entrenamiento
7494,validacion
7495,prueba
7496,entrenamiento
7497,entrenamiento
7498,entrenamiento
7499,entrenamiento
7500,entrenamiento
7501,validacion
7502,entrenamiento
7503,prueba
7504,validacion
7505,entrenamiento
7506,entrenamiento
7507,entrenamiento
7508,entrenamiento
7509,validacion
7510,entrenamiento
7511,entrenamiento
7512,entrenamiento
7513,entrenamiento
7514,entrenamiento
7515,validacion
7516,entrenamiento
7517,prueba
7518,prueba
7519,entrenamiento
7520,entrenamiento
7521,entrenamiento
7522,entrenamiento
7523,entrenamiento
7524,prueba
7525,prueba
7526,prueba
7527,prueba
7528,entrenamiento
7529,validacion
7530,prueba
7531,entrenamiento
7532,validacion
7533,prueba
7534,entrenamiento
7535,entrenamiento
7536,prueba
7537,validacion
7538,entrenamiento
7539,prueba
7540,prueba
7541,entrenamiento
7542,entrenamiento
7543,entrenamiento
7544,entrenamiento
7545,validacion
7546,validacion
7547,entrenamiento
7548,prueba
7549,prueba
7550,validacion
7551,validacion
7552,entrenamiento
7553,entrenamiento
7554,entrenamiento
7555,entrenamiento
7556,entrenamiento
7557,prueba
7558,prueba
7559,entrenamiento
7560,prueba
7561,entrenamiento
7562,entrenamiento
7563,validacion
7564,validacion
7565,prueba
7566,entrenamiento
7567,entrenamiento
7568,validacion
7569,entrenamiento
7570,prueba
7571,prueba
7572,entrenamiento
7573,prueba
7574,entrenamiento
7575,validacion
7576,entrenamiento
7577,validacion
7578,entrenamiento
7579,entrenamiento
7580,entrenamiento
7581,prueba
7582,entrenamiento
7583,entrenamiento
7584,entrenamiento
7585,entrenamiento
7586,entrenamiento
7587,validacion
7588,prueba
7589,entrenamiento
7590,entrenamiento
7591,entrenamiento
7592,entrenamiento
7593,entrenamiento
7594,entrenamiento
7595,entrenamiento
7596,entrenamiento
7597,entrenamiento
7598,entrenamiento
7599,entrenamiento
7600,validacion
7601,entrenamiento
7602,entrenamiento
7603,prueba
7604,prueba
7605,prueba
7606,prueba
7607,prueba
7608,entrenamiento
7609,entrenamiento
7610,entrenamiento
7611,prueba
7612,entrenamiento
7613,validacion
7614,prueba
7615,validacion
7616,entrenamiento
7617,entrenamiento
7618,entrenamiento
7619,entrenamiento
7620,entrenamiento
7621,validacion
7622,prueba
7623,entrenamiento
7624,entrenamiento
7625,entrenamiento
7626,entrenamiento
7627,prueba
7628,entrenamiento
7629,entrenamiento
7630,entrenamiento
7631,entrenamiento
7632,entrenamiento
7633,entrenamiento
7634,entrenamiento
7635,entrenamiento
7636,prueba
7637,entrenamiento
7638,entrenamiento
7639,entrenamiento
7640,entrenamiento
7641,entrenamiento
7642,prueba
7643,prueba
7644,validacion
7645,validacion
7646,entrenamiento
7647,entrenamiento
7648,validacion
7649,entrenamiento
7650,prueba
7651,entrenamiento
7652,prueba
7653,entrenamiento
7654,entrenamiento
7655,entrenamiento
7656,entrenamiento
7657,entrenamiento
7658,entrenamiento
7659,entrenamiento
7660,validacion
7661,validacion
7662,prueba
7663,entrenamiento
7664,entrenamiento
7665,entrenamiento
7666,entrenamiento
7667,prueba
7668,prueba
7669,entrenamiento
7670,entrenamiento
7671,entrenamiento
7672,prueba
7673,entrenamiento
7674,entrenamiento
7675,entrenamiento
7676,entrenamiento
7677,entrenamiento
7678,entrenamiento
7679,entrenamiento
7680,entrenamiento
7681,entrenamiento
7682,prueba
7683,entrenamiento
7684,entrenamiento
7685,prueba
7686,validacion
7687,prueba
7688,validacion
7689,entrenamiento
7690,entrenamiento
7691,entrenamiento
7692,entrenamiento
7693,entrenamiento
7694,validacion
7695,validacion
7696,entrenamiento
7697,prueba
7698,entrenamiento
7699,entrenamiento
7700,entrenamiento
7701,entrenamiento
7702,validacion
7703,entrenamiento
7704,validacion
7705,entrenamiento
7706,entrenamiento
7707,entrenamiento
7708,validacion
7709,validacion
7710,prueba
7711,entrenamiento
7712,entrenamiento
7713,entrenamiento
7714,entrenamiento
7715,entrenamiento
7716,prueba
7717,entrenamiento
7718,entrenamiento
7719,validacion
7720,entrenamiento
7721,entrenamiento
7722,entrenamiento
7723,entrenamiento
7724,entrenamiento
7725,entrenamiento
7726,validacion
7727,entrenamiento
7728,entrenamiento
7729,entrenamiento
7730,prueba
7731,entrenamiento
7732,entrenamiento
7733,entrenamiento
7734,entrenamiento
7735,prueba
7736,entrenamiento
7737,entrenamiento
7738,validacion
7739,entrenamiento
7740,validacion
7741,entrenamiento
7742,entrenamiento
7743,entrenamiento
7744,prueba
7745,entrenamiento
7746,prueba
7747,entrenamiento
7748,entrenamiento
7749,entrenamiento
7750,entrenamiento
7751,prueba
7752,prueba
7753,entrenamiento
7754,entrenamiento
7755,prueba
7756,prueba
7757,entrenamiento
7758,entrenamiento
7759,validacion
7760,entrenamiento
7761,prueba
7762,entrenamiento
7763,entrenamiento
7764,entrenamiento
7765,entrenamiento
7766,entrenamiento
7767,prueba
7768,prueba
7769,entrenamiento
7770,prueba
7771,validacion
7772,validacion
7773,entrenamiento
7774,prueba
7775,entrenamiento
7776,entrenamiento
7777,entrenamiento
7778,entrenamiento
7779,entrenamiento
7780,prueba
7781,entrenamiento
7782,entrenamiento
7783,entrenamiento
7784,entrenamiento
7785,prueba
7786,entrenamiento
7787,prueba
7788,entrenamiento
7789,validacion
7790,entrenamiento
7791,prueba
7792,prueba
7793,validacion
7794,prueba
7795,entrenamiento
7796,prueba
7797,entrenamiento
7798,entrenamiento
7799,entrenamiento
7800,entrenamiento
7801,validacion
7802,entrenamiento
7803,prueba
7804,entrenamiento
7805,validacion
7806,entrenamiento
7807,entrenamiento
7808,prueba
7809,validacion
7810,entrenamiento
7811,entrenamiento
7812,prueba
7813,entrenamiento
7814,entrenamiento
7815,prueba
7816,entrenamiento
7817,prueba
7818,entrenamiento
7819,entrenamiento
7820,entrenamiento
7821,prueba
7822,entrenamiento
7823,prueba
7824,validacion
7825,prueba
7826,entrenamiento
7827,entrenamiento
7828,entrenamiento
7829,entrenamiento
7830,entrenamiento
7831,entrenamiento
7832,validacion
7833,validacion
7834,entrenamiento
7835,entrenamiento
7836,entrenamiento
7837,entrenamiento
7838,validacion
7839,validacion
7840,validacion
7841,validacion
7842,entrenamiento
7843,entrenamiento
7844,entrenamiento
7845,validacion
7846,validacion
7847,entrenamiento
7848,entrenamiento
7849,prueba
7850,prueba
7851,entrenamiento
7852,entrenamiento
7853,entrenamiento
7854,entrenamiento
7855,entrenamiento
7856,prueba
7857,validacion
7858,entrenamiento
7859,entrenamiento
7860,entrenamiento
7861,entrenamiento
7862,entrenamiento
7863,entrenamiento
7864,entrenamiento
7865,entrenamiento
7866,prueba
7867,validacion
7868,entrenamiento
7869,entrenamiento
7870,entrenamiento
7871,entrenamiento
7872,prueba
7873,entrenamiento
7874,entrenamiento
7875,validacion
7876,entrenamiento
7877,entrenamiento
7878,entrenamiento
7879,entrenamiento
7880,validacion
7881,validacion
7882,prueba
7883,prueba
7884,prueba
7885,entrenamiento
7886,entrenamiento
7887,entrenamiento
7888,entrenamiento
7889,prueba
7890,entrenamiento
7891,prueba
7892,prueba
7893,prueba
7894,entrenamiento
7895,entrenamiento
7896,entrenamiento
7897,entrenamiento
7898,entrenamiento
7899,entrenamiento
7900,validacion
7901,validacion
7902,entrenamiento
7903,entrenamiento
7904,validacion
7905,entrenamiento
7906,prueba
7907,entrenamiento
7908,entrenamiento
7909,entrenamiento
7910,entrenamiento
7911,entrenamiento
7912,entrenamiento
7913,entrenamiento
7914,entrenamiento
7915,entrenamiento
7916,validacion
7917,prueba
7918,validacion
7919,entrenamiento
7920,entrenamiento
7921,prueba
7922,prueba
7923,entrenamiento
7924,entrenamiento
7925,entrenamiento
7926,entrenamiento
7927,entrenamiento
7928,entrenamiento
7929,entrenamiento
7930,entrenamiento
7931,entrenamiento
7932,prueba
7933,entrenamiento
7934,entrenamiento
7935,entrenamiento
7936,entrenamiento
7937,validacion
7938,entrenamiento
7939,prueba
7940,prueba
7941,entrenamiento
7942,entrenamiento
7943,prueba
7944,entrenamiento
7945,entrenamiento
7946,validacion
7947,entrenamiento
7948,entrenamiento
7949,entrenamiento
7950,validacion
7951,entrenamiento
7952,validacion
7953,entrenamiento
7954,prueba
7955,entrenamiento
7956,validacion
7957,validacion
7958,entrenamiento
7959,prueba
7960,validacion
7961,prueba
7962,prueba
7963,entrenamiento
7964,prueba
7965,prueba
7966,entrenamiento
7967,prueba
7968,entrenamiento
7969,entrenamiento
7970,entrenamiento
7971,entrenamiento
7972,prueba
7973,prueba
7974,prueba
7975,entrenamiento
7976,entrenamiento
7977,prueba
7978,validacion
7979,entrenamiento
7980,prueba
7981,validacion
7982,prueba
7983,validacion
7984,entrenamiento
7985,validacion
7986,entrenamiento
7987,validacion
7988,entrenamiento
7989,entrenamiento
7990,validacion
7991,entrenamiento
7992,prueba
7993,entrenamiento
7994,entrenamiento
7995,entrenamiento
7996,entrenamiento
7997,entrenamiento
7998,entrenamiento
7999,entrenamiento
8000,prueba
8001,entrenamiento
8002,entrenamiento
8003,entrenamiento
8004,entrenamiento
8005,prueba
8006,entrenamiento
8007,entrenamiento
8008,entrenamiento
8009,prueba
8010,entrenamiento
8011,prueba
8012,entrenamiento
8013,entrenamiento
8014,entrenamiento
8015,entrenamiento
8016,entrenamiento
8017,entrenamiento
8018,prueba
8019,entrenamiento
8020,entrenamiento
8021,entrenamiento
8022,entrenamiento
8023,entrenamiento
8024,prueba
8025,entrenamiento
8026,entrenamiento
8027,entrenamiento
8028,entrenamiento
8029,entrenamiento
8030,entrenamiento
8031,entrenamiento
8032,entrenamiento
8033,prueba
8034,prueba
8035,prueba
8036,validacion
8037,prueba
8038,prueba
8039,entrenamiento
8040,entrenamiento
8041,entrenamiento
8042,entrenamiento
8043,entrenamiento
8044,prueba
8045,prueba
8046,entrenamiento
8047,entrenamiento
8048,entrenamiento
8049,validacion
8050,prueba
8051,validacion
8052,entrenamiento
8053,validacion
8054,entrenamiento
8055,entrenamiento
8056,entrenamiento
8057,prueba
8058,entrenamiento
8059,prueba
8060,validacion
8061,entrenamiento
8062,entrenamiento
8063,entrenamiento
8064,entrenamiento
8065,entrenamiento
8066,prueba
8067,entrenamiento
8068,validacion
8069,validacion
8070,validacion
8071,prueba
8072,entrenamiento
8073,entrenamiento
8074,entrenamiento
8075,prueba
8076,validacion
8077,entrenamiento
8078,entrenamiento
8079,entrenamiento
8080,entrenamiento
8081,entrenamiento
8082,entrenamiento
8083,prueba
8084,entrenamiento
8085,entrenamiento
8086,prueba
8087,entrenamiento
8088,entrenamiento
8089,entrenamiento
8090,validacion
8091,entrenamiento
8092,entrenamiento
8093,entrenamiento
8094,entrenamiento
8095,entrenamiento
8096,entrenamiento
8097,validacion
8098,entrenamiento
8099,entrenamiento
8100,validacion
8101,prueba
8102,entrenamiento
8103,validacion
8104,prueba
8105,entrenamiento
8106,entrenamiento
8107,entrenamiento
8108,entrenamiento
8109,prueba
8110,prueba
8111,entrenamiento
8112,entrenamiento
8113,entrenamiento
8114,prueba
8115,entrenamiento
8116,entrenamiento
8117,prueba
8118,entrenamiento
8119,prueba
8120,validacion
8121,entrenamiento
8122,entrenamiento
8123,entrenamiento
8124,prueba
8125,entrenamiento
8126,prueba
8127,prueba
8128,entrenamiento
8129,entrenamiento
8130,entrenamiento
8131,prueba
8132,entrenamiento
8133,entrenamiento
8134,prueba
8135,entrenamiento
8136,entrenamiento
8137,entrenamiento
8138,prueba
8139,entrenamiento
8140,entrenamiento
8141,prueba
8142,entrenamiento
8143,entrenamiento
8144,prueba
8145,prueba
8146,prueba
8147,prueba
8148,prueba
8149,entrenamiento
8150,validacion
8151,validacion
8152,entrenamiento
8153,entrenamiento
8154,entrenamiento
8155,entrenamiento
8156,validacion
8157,entrenamiento
8158,prueba
8159,entrenamiento
8160,prueba
8161,validacion
8162,validacion
8163,entrenamiento
8164,validacion
8165,entrenamiento
8166,entrenamiento
8167,validacion
8168,prueba
8169,entrenamiento
8170,validacion
8171,entrenamiento
8172,entrenamiento
8173,entrenamiento
8174,prueba
8175,entrenamiento
8176,entrenamiento
8177,entrenamiento
8178,prueba
8179,validacion
8180,entrenamiento
8181,entrenamiento
8182,entrenamiento
8183,prueba
8184,entrenamiento
8185,entrenamiento
8186,entrenamiento
8187,entrenamiento
8188,validacion
8189,entrenamiento
8190,entrenamiento
8191,entrenamiento
8192,entrenamiento
8193,entrenamiento
8194,prueba
8195,prueba
8196,validacion
8197,entrenamiento
8198,entrenamiento
8199,entrenamiento
8200,entrenamiento
8201,validacion
8202,prueba
8203,entrenamiento
8204,entrenamiento
8205,prueba
8206,prueba
8207,prueba
8208,entrenamiento
8209,entrenamiento
8210,entrenamiento
8211,entrenamiento
8212,prueba
8213,entrenamiento
8214,entrenamiento
8215,entrenamiento
8216,prueba
8217,prueba
8218,entrenamiento
8219,validacion
8220,entrenamiento
8221,entrenamiento
8222,entrenamiento
8223,prueba
8224,entrenamiento
8225,validacion
8226,validacion
8227,entrenamiento
8228,entrenamiento
8229,validacion
8230,prueba
8231,prueba
8232,entrenamiento
8233,entrenamiento
8234,entrenamiento
8235,entrenamiento
8236,entrenamiento
8237,prueba
8238,entrenamiento
8239,entrenamiento
8240,entrenamiento
8241,entrenamiento
8242,prueba
8243,entrenamiento
8244,entrenamiento
8245,entrenamiento
8246,prueba
8247,validacion
8248,entrenamiento
8249,validacion
8250,entrenamiento
8251,entrenamiento
8252,entrenamiento
8253,validacion
8254,prueba
8255,entrenamiento
8256,entrenamiento
8257,prueba
8258,entrenamiento
8259,entrenamiento
8260,entrenamiento
8261,entrenamiento
8262,entrenamiento
8263,entrenamiento
8264,entrenamiento
8265,entrenamiento
8266,entrenamiento
8267,entrenamiento
8268,entrenamiento
8269,entrenamiento
8270,entrenamiento
8271,validacion
8272,prueba
8273,prueba
8274,entrenamiento
8275,entrenamiento
8276,prueba
8277,prueba
8278,entrenamiento
8279,prueba
8280,prueba
8281,entrenamiento
8282,entrenamiento
8283,entrenamiento
8284,entrenamiento
8285,entrenamiento
8286,entrenamiento
8287,entrenamiento
8288,entrenamiento
8289,entrenamiento
8290,entrenamiento
8291,validacion
8292,entrenamiento
8293,entrenamiento
8294,entrenamiento
8295,entrenamiento
8296,entrenamiento
8297,entrenamiento
8298,prueba
8299,prueba
8300,prueba
8301,entrenamiento
8302,entrenamiento
8303,prueba
8304,entrenamiento
8305,entrenamiento
8306,entrenamiento
8307,validacion
8308,entrenamiento
8309,entrenamiento
8310,validacion
8311,prueba
8312,prueba
8313,entrenamiento
8314,entrenamiento
8315,entrenamiento
8316,validacion
8317,entrenamiento
8318,entrenamiento
8319,entrenamiento
8320,entrenamiento
8321,prueba
8322,prueba
8323,entrenamiento
8324,entrenamiento
8325,entrenamiento
8326,prueba
8327,entrenamiento
8328,entrenamiento
8329,entrenamiento
8330,entrenamiento
8331,entrenamiento
8332,prueba
8333,prueba
8334,prueba
8335,prueba
8336,entrenamiento
8337,entrenamiento
8338,entrenamiento
8339,entrenamiento
8340,prueba
8341,entrenamiento
8342,prueba
8343,validacion
8344,entrenamiento
8345,entrenamiento
8346,entrenamiento
8347,validacion
8348,entrenamiento
8349,entrenamiento
8350,validacion
8351,entrenamiento
8352,entrenamiento
8353,entrenamiento
8354,entrenamiento
8355,prueba
8356,entrenamiento
8357,entrenamiento
8358,prueba
8359,validacion
8360,prueba
8361,validacion
8362,prueba
8363,prueba
8364,validacion
8365,validacion
8366,entrenamiento
8367,entrenamiento
8368,entrenamiento
8369,prueba
8370,entrenamiento
8371,entrenamiento
8372,entrenamiento
8373,prueba
8374,entrenamiento
8375,entrenamiento
8376,entrenamiento
8377,entrenamiento
8378,validacion
8379,prueba
8380,entrenamiento
8381,entrenamiento
8382,entrenamiento
8383,entrenamiento
8384,entrenamiento
8385,entrenamiento
8386,validacion
8387,validacion
8388,entrenamiento
8389,entrenamiento
8390,entrenamiento
8391,entrenamiento
8392,entrenamiento
8393,validacion
8394,entrenamiento
8395,entrenamiento
8396,entrenamiento
8397,entrenamiento
8398,entrenamiento
8399,entrenamiento
8400,entrenamiento
8401,entrenamiento
8402,entrenamiento
8403,entrenamiento
8404,validacion
8405,prueba
8406,prueba
8407,entrenamiento
8408,entrenamiento
8409,validacion
8410,validacion
8411,entrenamiento
8412,entrenamiento
8413,validacion
8414,validacion
8415,validacion
8416,entrenamiento
8417,validacion
8418,entrenamiento
8419,validacion
8420,entrenamiento
8421,entrenamiento
8422,validacion
8423,entrenamiento
8424,entrenamiento
8425,prueba
8426,prueba
8427,entrenamiento
8428,prueba
8429,entrenamiento
8430,entrenamiento
8431,entrenamiento
8432,entrenamiento
8433,entrenamiento
8434,entrenamiento
8435,prueba
8436,entrenamiento
8437,entrenamiento
8438,entrenamiento
8439,prueba
8440,entrenamiento
8441,validacion
8442,validacion
8443,entrenamiento
8444,validacion
8445,entrenamiento
8446,validacion
8447,validacion
8448,validacion
8449,entrenamiento
8450,validacion
8451,entrenamiento
8452,entrenamiento
8453,validacion
8454,entrenamiento
8455,entrenamiento
8456,entrenamiento
8457,validacion
8458,entrenamiento
8459,entrenamiento
8460,entrenamiento
8461,validacion
8462,entrenamiento
8463,entrenamiento
8464,entrenamiento
8465,entrenamiento
8466,validacion
8467,prueba
8468,entrenamiento
8469,entrenamiento
8470,validacion
8471,entrenamiento
8472,entrenamiento
8473,validacion
8474,prueba
8475,prueba
8476,entrenamiento
8477,entrenamiento
8478,entrenamiento
8479,entrenamiento
8480,entrenamiento
8481,entrenamiento
8482,entrenamiento
8483,entrenamiento
8484,entrenamiento
8485,entrenamiento
8486,prueba
8487,entrenamiento
8488,validacion
8489,entrenamiento
8490,entrenamiento
8491,entrenamiento
8492,validacion
8493,entrenamiento
8494,prueba
8495,entrenamiento
8496,entrenamiento
8497,entrenamiento
8498,prueba
8499,prueba
8500,prueba
8501,entrenamiento
8502,validacion
8503,entrenamiento
8504,entrenamiento
8505,entrenamiento
8506,validacion
8507,prueba
8508,prueba
8509,entrenamiento
8510,entrenamiento
8511,prueba
8512,prueba
8513,entrenamiento
8514,prueba
8515,entrenamiento
8516,prueba
8517,prueba
8518,entrenamiento
8519,entrenamiento
8520,entrenamiento
8521,entrenamiento
8522,entrenamiento
8523,entrenamiento
8524,prueba
8525,validacion
8526,prueba
8527,entrenamiento
8528,entrenamiento
8529,entrenamiento
8530,validacion
8531,entrenamiento
8532,entrenamiento
8533,entrenamiento
8534,prueba
8535,entrenamiento
8536,prueba
8537,entrenamiento
8538,validacion
8539,entrenamiento
8540,entrenamiento
8541,validacion
8542,entrenamiento
8543,entrenamiento
8544,validacion
8545,entrenamiento
8546,entrenamiento
8547,entrenamiento
8548,entrenamiento
8549,entrenamiento
8550,entrenamiento
8551,entrenamiento
8552,entrenamiento
8553,entrenamiento
8554,entrenamiento
8555,validacion
8556,validacion
8557,entrenamiento
8558,prueba
8559,entrenamiento
8560,entrenamiento
8561,entrenamiento
8562,entrenamiento
8563,entrenamiento
8564,entrenamiento
8565,entrenamiento
8566,entrenamiento
8567,prueba
8568,validacion
8569,prueba
8570,entrenamiento
8571,prueba
8572,entrenamiento
8573,entrenamiento
8574,validacion
8575,entrenamiento
8576,prueba
8577,entrenamiento
8578,validacion
8579,entrenamiento
8580,entrenamiento
8581,validacion
8582,prueba
8583,validacion
8584,validacion
8585,entrenamiento
8586,prueba
8587,validacion
8588,prueba
8589,validacion
8590,validacion
8591,entrenamiento
8592,entrenamiento
8593,validacion
8594,entrenamiento
8595,prueba
8596,entrenamiento
8597,validacion
8598,validacion
8599,prueba
8600,prueba
8601,validacion
8602,entrenamiento
8603,entrenamiento
8604,entrenamiento
8605,entrenamiento
8606,entrenamiento
8607,entrenamiento
8608,entrenamiento
8609,entrenamiento
8610,prueba
8611,prueba
8612,entrenamiento
8613,entrenamiento
8614,validacion
8615,entrenamiento
8616,entrenamiento
8617,validacion
8618,entrenamiento
8619,entrenamiento
8620,entrenamiento
8621,entrenamiento
8622,entrenamiento
8623,entrenamiento
8624,prueba
8625,entrenamiento
8626,entrenamiento
8627,validacion
8628,prueba
8629,prueba
8630,entrenamiento
8631,entrenamiento
8632,entrenamiento
8633,entrenamiento
8634,entrenamiento
8635,entrenamiento
8636,validacion
8637,prueba
8638,validacion
8639,entrenamiento
8640,entrenamiento
8641,entrenamiento
8642,entrenamiento
8643,entrenamiento
8644,prueba
8645,entrenamiento
8646,validacion
8647,validacion
8648,entrenamiento
8649,entrenamiento
8650,entrenamiento
8651,validacion
8652,validacion
8653,prueba
8654,entrenamiento
8655,entrenamiento
8656,entrenamiento
8657,validacion
8658,entrenamiento
8659,entrenamiento
8660,validacion
8661,entrenamiento
8662,entrenamiento
8663,validacion
8664,prueba
8665,entrenamiento
8666,entrenamiento
8667,entrenamiento
8668,prueba
8669,entrenamiento
8670,entrenamiento
8671,prueba
8672,prueba
8673,entrenamiento
8674,entrenamiento
8675,entrenamiento
8676,entrenamiento
8677,entrenamiento
8678,validacion
8679,entrenamiento
8680,entrenamiento
8681,entrenamiento
8682,entrenamiento
8683,entrenamiento
8684,entrenamiento
8685,entrenamiento
8686,prueba
8687,entrenamiento
8688,entrenamiento
8689,prueba
8690,entrenamiento
8691,validacion
8692,entrenamiento
8693,entrenamiento
8694,entrenamiento
8695,validacion
8696,prueba
8697,prueba
8698,validacion
8699,entrenamiento
8700,entrenamiento
8701,entrenamiento
8702,entrenamiento
8703,prueba
8704,entrenamiento
8705,entrenamiento
8706,entrenamiento
8707,entrenamiento
8708,entrenamiento
8709,entrenamiento
8710,entrenamiento
8711,entrenamiento
8712,entrenamiento
8713,entrenamiento
8714,validacion
8715,prueba
8716,validacion
8717,prueba
8718,entrenamiento
8719,entrenamiento
8720,entrenamiento
8721,entrenamiento
8722,entrenamiento
8723,validacion
8724,prueba
8725,prueba
8726,entrenamiento
8727,prueba
8728,entrenamiento
8729,entrenamiento
8730,entrenamiento
8731,entrenamiento
8732,entrenamiento
8733,entrenamiento
8734,entrenamiento
8735,entrenamiento
8736,prueba
8737,entrenamiento
8738,validacion
8739,validacion
8740,entrenamiento
8741,entrenamiento
8742,entrenamiento
8743,prueba
8744,entrenamiento
8745,validacion
8746,entrenamiento
8747,entrenamiento
8748,prueba
8749,prueba
8750,prueba
8751,entrenamiento
8752,prueba
8753,entrenamiento
8754,entrenamiento
8755,entrenamiento
8756,entrenamiento
8757,prueba
8758,entrenamiento
8759,entrenamiento
8760,entrenamiento
8761,prueba
8762,prueba
8763,validacion
8764,prueba
8765,entrenamiento
8766,prueba
8767,prueba
8768,entrenamiento
8769,prueba
8770,prueba
8771,prueba
8772,entrenamiento
8773,entrenamiento
8774,entrenamiento
8775,entrenamiento
8776,entrenamiento
8777,prueba
8778,entrenamiento
8779,validacion
8780,entrenamiento
8781,entrenamiento
8782,prueba
8783,prueba
8784,prueba
8785,entrenamiento
8786,entrenamiento
8787,entrenamiento
8788,entrenamiento
8789,validacion
8790,entrenamiento
8791,prueba
8792,entrenamiento
8793,entrenamiento
8794,entrenamiento
8795,entrenamiento
8796,entrenamiento
8797,entrenamiento
8798,entrenamiento
8799,validacion
8800,prueba
8801,validacion
8802,prueba
8803,entrenamiento
8804,entrenamiento
8805,entrenamiento
8806,prueba
8807,entrenamiento
8808,entrenamiento
8809,entrenamiento
8810,entrenamiento
8811,prueba
8812,entrenamiento
8813,entrenamiento
8814,entrenamiento
8815,prueba
8816,entrenamiento
8817,prueba
8818,prueba
8819,entrenamiento
8820,prueba
8821,entrenamiento
8822,validacion
8823,entrenamiento
8824,entrenamiento
8825,prueba
8826,entrenamiento
8827,entrenamiento
8828,entrenamiento
8829,prueba
8830,entrenamiento
8831,entrenamiento
8832,validacion
8833,entrenamiento
8834,entrenamiento
8835,entrenamiento
8836,entrenamiento
8837,validacion
8838,entrenamiento
8839,entrenamiento
8840,prueba
8841,prueba
8842,prueba
8843,entrenamiento
8844,entrenamiento
8845,entrenamiento
8846,validacion
8847,validacion
8848,entrenamiento
8849,entrenamiento
8850,entrenamiento
8851,entrenamiento
8852,prueba
8853,entrenamiento
8854,prueba
8855,entrenamiento
8856,validacion
8857,validacion
8858,entrenamiento
8859,entrenamiento
8860,validacion
8861,entrenamiento
8862,entrenamiento
8863,entrenamiento
8864,entrenamiento
8865,entrenamiento
8866,validacion
8867,prueba
8868,validacion
8869,entrenamiento
8870,entrenamiento
8871,entrenamiento
8872,entrenamiento
8873,entrenamiento
8874,prueba
8875,entrenamiento
8876,entrenamiento
8877,prueba
8878,entrenamiento
8879,validacion
8880,prueba
8881,entrenamiento
8882,entrenamiento
8883,entrenamiento
8884,validacion
8885,prueba
8886,entrenamiento
8887,entrenamiento
8888,entrenamiento
8889,prueba
8890,entrenamiento
8891,validacion
8892,entrenamiento
8893,entrenamiento
8894,prueba
8895,entrenamiento
8896,entrenamiento
8897,entrenamiento
8898,entrenamiento
8899,entrenamiento
8900,entrenamiento
8901,prueba
8902,entrenamiento
8903,prueba
8904,validacion
8905,validacion
8906,entrenamiento
8907,entrenamiento
8908,prueba
8909,entrenamiento
8910,entrenamiento
8911,validacion
8912,prueba
8913,entrenamiento
8914,entrenamiento
8915,prueba
8916,entrenamiento
8917,entrenamiento
8918,prueba
8919,validacion
8920,entrenamiento
8921,validacion
8922,prueba
8923,entrenamiento
8924,validacion
8925,validacion
8926,validacion
8927,entrenamiento
8928,validacion
8929,validacion
8930,validacion
8931,entrenamiento
8932,validacion
8933,entrenamiento
8934,entrenamiento
8935,prueba
8936,validacion
8937,entrenamiento
8938,prueba
8939,prueba
8940,validacion
8941,prueba
8942,entrenamiento
8943,prueba
8944,entrenamiento
8945,entrenamiento
8946,entrenamiento
8947,validacion
8948,entrenamiento
8949,entrenamiento
8950,entrenamiento
8951,prueba
8952,entrenamiento
8953,validacion
8954,entrenamiento
8955,entrenamiento
8956,validacion
8957,entrenamiento
8958,prueba
8959,entrenamiento
8960,entrenamiento
8961,entrenamiento
8962,entrenamiento
8963,validacion
8964,entrenamiento
8965,validacion
8966,validacion
8967,entrenamiento
8968,entrenamiento
8969,entrenamiento
8970,entrenamiento
8971,entrenamiento
8972,prueba
8973,prueba
8974,entrenamiento
8975,entrenamiento
8976,entrenamiento
8977,prueba
8978,entrenamiento
8979,prueba
8980,entrenamiento
8981,prueba
8982,validacion
8983,entrenamiento
8984,entrenamiento
8985,prueba
8986,entrenamiento
8987,entrenamiento
8988,entrenamiento
8989,entrenamiento
8990,entrenamiento
8991,entrenamiento
8992,prueba
8993,prueba
8994,entrenamiento
8995,entrenamiento
8996,prueba
8997,entrenamiento
8998,entrenamiento
8999,entrenamiento
9000,validacion
9001,entrenamiento
9002,entrenamiento
9003,validacion
9004,prueba
9005,prueba
9006,entrenamiento
9007,entrenamiento
9008,entrenamiento
9009,validacion
9010,entrenamiento
9011,entrenamiento
9012,entrenamiento
9013,validacion
9014,entrenamiento
9015,validacion
9016,entrenamiento
9017,entrenamiento
9018,entrenamiento
9019,prueba
9020,prueba
9021,validacion
9022,entrenamiento
9023,entrenamiento
9024,entrenamiento
9025,prueba
9026,prueba
9027,entrenamiento
9028,entrenamiento
9029,prueba
9030,entrenamiento
9031,entrenamiento
9032,entrenamiento
9033,entrenamiento
9034,entrenamiento
9035,entrenamiento
9036,prueba
9037,prueba
9038,entrenamiento
9039,entrenamiento
9040,entrenamiento
9041,entrenamiento
9042,entrenamiento
9043,prueba
9044,entrenamiento
9045,prueba
9046,entrenamiento
9047,entrenamiento
9048,validacion
9049,entrenamiento
9050,entrenamiento
9051,entrenamiento
9052,entrenamiento
9053,validacion
9054,entrenamiento
9055,validacion
9056,entrenamiento
9057,prueba
9058,entrenamiento
9059,entrenamiento
9060,entrenamiento
9061,prueba
9062,entrenamiento
9063,entrenamiento
9064,entrenamiento
9065,prueba
9066,prueba
9067,entrenamiento
9068,prueba
9069,validacion
9070,validacion
9071,entrenamiento
9072,entrenamiento
9073,entrenamiento
9074,validacion
9075,prueba
9076,entrenamiento
9077,validacion
9078,validacion
9079,prueba
9080,entrenamiento
9081,validacion
9082,entrenamiento
9083,prueba
9084,entrenamiento
9085,entrenamiento
9086,prueba
9087,entrenamiento
9088,entrenamiento
9089,entrenamiento
9090,entrenamiento
9091,entrenamiento
9092,entrenamiento
9093,prueba
9094,entrenamiento
9095,prueba
9096,entrenamiento
9097,entrenamiento
9098,entrenamiento
9099,entrenamiento
9100,prueba
9101,entrenamiento
9102,validacion
9103,validacion
9104,entrenamiento
9105,entrenamiento
9106,entrenamiento
9107,entrenamiento
9108,validacion
9109,validacion
9110,entrenamiento
9111,validacion
9112,entrenamiento
9113,prueba
9114,validacion
9115,prueba
9116,entrenamiento
9117,validacion
9118,prueba
9119,entrenamiento
9120,entrenamiento
9121,entrenamiento
9122,prueba
9123,entrenamiento
9124,validacion
9125,entrenamiento
9126,entrenamiento
9127,entrenamiento
9128,entrenamiento
9129,entrenamiento
9130,validacion
9131,entrenamiento
9132,entrenamiento
9133,prueba
9134,entrenamiento
9135,entrenamiento
9136,prueba
9137,validacion
9138,validacion
9139,entrenamiento
9140,prueba
9141,entrenamiento
9142,prueba
9143,entrenamiento
9144,entrenamiento
9145,entrenamiento
9146,entrenamiento
9147,validacion
9148,entrenamiento
9149,validacion
9150,prueba
9151,entrenamiento
9152,entrenamiento
9153,entrenamiento
9154,prueba
9155,entrenamiento
9156,entrenamiento
9157,prueba
9158,validacion
9159,prueba
9160,entrenamiento
9161,entrenamiento
9162,prueba
9163,entrenamiento
9164,entrenamiento
9165,entrenamiento
9166,entrenamiento
9167,entrenamiento
9168,entrenamiento
9169,entrenamiento
9170,validacion
9171,entrenamiento
9172,entrenamiento
9173,entrenamiento
9174,entrenamiento
9175,entrenamiento
9176,entrenamiento
9177,entrenamiento
9178,prueba
9179,entrenamiento
9180,prueba
9181,entrenamiento
9182,validacion
9183,entrenamiento
9184,entrenamiento
9185,validacion
9186,entrenamiento
9187,prueba
9188,entrenamiento
9189,entrenamiento
9190,entrenamiento
9191,prueba
9192,entrenamiento
9193,entrenamiento
9194,prueba
9195,validacion
9196,entrenamiento
9197,entrenamiento
9198,entrenamiento
9199,entrenamiento
9200,entrenamiento
9201,prueba
9202,entrenamiento
9203,entrenamiento
9204,prueba
9205,entrenamiento
9206,prueba
9207,entrenamiento
9208,validacion
9209,entrenamiento
9210,prueba
9211,entrenamiento
9212,entrenamiento
9213,entrenamiento
9214,prueba
9215,validacion
9216,entrenamiento
9217,entrenamiento
9218,entrenamiento
9219,entrenamiento
9220,prueba
9221,entrenamiento
9222,entrenamiento
9223,entrenamiento
9224,entrenamiento
9225,entrenamiento
9226,prueba
9227,entrenamiento
9228,prueba
9229,validacion
9230,entrenamiento
9231,entrenamiento
9232,entrenamiento
9233,validacion
9234,entrenamiento
9235,validacion
9236,entrenamiento
9237,entrenamiento
9238,prueba
9239,entrenamiento
9240,entrenamiento
9241,entrenamiento
9242,entrenamiento
9243,validacion
9244,entrenamiento
9245,entrenamiento
9246,validacion
9247,prueba
9248,validacion
9249,entrenamiento
9250,entrenamiento
9251,entrenamiento
9252,prueba
9253,entrenamiento
9254,entrenamiento
9255,entrenamiento
9256,prueba
9257,entrenamiento
9258,prueba
9259,entrenamiento
9260,prueba
9261,entrenamiento
9262,entrenamiento
9263,entrenamiento
9264,entrenamiento
9265,validacion
9266,entrenamiento
9267,prueba
9268,entrenamiento
9269,entrenamiento
9270,prueba
9271,entrenamiento
9272,validacion
9273,entrenamiento
9274,entrenamiento
9275,prueba
9276,entrenamiento
9277,entrenamiento
9278,entrenamiento
9279,entrenamiento
9280,entrenamiento
9281,prueba
9282,prueba
9283,entrenamiento
9284,entrenamiento
9285,entrenamiento
9286,entrenamiento
9287,entrenamiento
9288,entrenamiento
9289,entrenamiento
9290,entrenamiento
9291,entrenamiento
9292,entrenamiento
9293,validacion
9294,entrenamiento
9295,entrenamiento
9296,prueba
9297,validacion
9298,validacion
9299,entrenamiento
9300,prueba
9301,entrenamiento
9302,entrenamiento
9303,entrenamiento
9304,entrenamiento
9305,entrenamiento
9306,entrenamiento
9307,entrenamiento
9308,entrenamiento
9309,prueba
9310,entrenamiento
9311,entrenamiento
9312,entrenamiento
9313,prueba
9314,entrenamiento
9315,entrenamiento
9316,validacion
9317,entrenamiento
9318,entrenamiento
9319,entrenamiento
9320,entrenamiento
9321,entrenamiento
9322,prueba
9323,entrenamiento
9324,prueba
9325,prueba
9326,entrenamiento
9327,entrenamiento
9328,validacion
9329,prueba
9330,entrenamiento
9331,entrenamiento
9332,entrenamiento
9333,entrenamiento
9334,validacion
9335,entrenamiento
9336,prueba
9337,entrenamiento
9338,validacion
9339,entrenamiento
9340,entrenamiento
9341,prueba
9342,prueba
9343,prueba
9344,entrenamiento
9345,entrenamiento
9346,entrenamiento
9347,entrenamiento
9348,entrenamiento
9349,entrenamiento
9350,validacion
9351,entrenamiento
9352,entrenamiento
9353,entrenamiento
9354,entrenamiento
9355,validacion
9356,entrenamiento
9357,validacion
9358,entrenamiento
9359,entrenamiento
9360,entrenamiento
9361,entrenamiento
9362,entrenamiento
9363,prueba
9364,entrenamiento
9365,entrenamiento
9366,entrenamiento
9367,entrenamiento
9368,entrenamiento
9369,entrenamiento
9370,entrenamiento
9371,prueba
9372,entrenamiento
9373,entrenamiento
9374,entrenamiento
9375,entrenamiento
9376,validacion
9377,prueba
9378,entrenamiento
9379,entrenamiento
9380,prueba
9381,entrenamiento
9382,entrenamiento
9383,prueba
9384,entrenamiento
9385,validacion
9386,entrenamiento
9387,prueba
9388,entrenamiento
9389,entrenamiento
9390,entrenamiento
9391,prueba
9392,validacion
9393,validacion
9394,validacion
9395,validacion
9396,entrenamiento
9397,prueba
9398,entrenamiento
9399,prueba
9400,entrenamiento
9401,entrenamiento
9402,validacion
9403,entrenamiento
9404,entrenamiento
9405,validacion
9406,validacion
9407,entrenamiento
9408,prueba
9409,validacion
9410,entrenamiento
9411,validacion
9412,entrenamiento
9413,entrenamiento
9414,entrenamiento
9415,entrenamiento
9416,entrenamiento
9417,entrenamiento
9418,entrenamiento
9419,entrenamiento
9420,entrenamiento
9421,entrenamiento
9422,entrenamiento
9423,entrenamiento
9424,prueba
9425,entrenamiento
9426,entrenamiento
9427,validacion
9428,validacion
9429,entrenamiento
9430,entrenamiento
9431,prueba
9432,entrenamiento
9433,entrenamiento
9434,entrenamiento
9435,entrenamiento
9436,entrenamiento
9437,prueba
9438,entrenamiento
9439,prueba
9440,entrenamiento
9441,validacion
9442,prueba
9443,prueba
9444,entrenamiento
9445,prueba
9446,entrenamiento
9447,entrenamiento
9448,entrenamiento
9449,validacion
9450,entrenamiento
9451,entrenamiento
9452,entrenamiento
9453,entrenamiento
9454,prueba
9455,entrenamiento
9456,entrenamiento
9457,entrenamiento
9458,validacion
9459,entrenamiento
9460,entrenamiento
9461,entrenamiento
9462,entrenamiento
9463,entrenamiento
9464,entrenamiento
9465,entrenamiento
9466,entrenamiento
9467,entrenamiento
9468,entrenamiento
9469,entrenamiento
9470,validacion
9471,entrenamiento
9472,entrenamiento
9473,entrenamiento
9474,validacion
9475,prueba
9476,entrenamiento
9477,entrenamiento
9478,entrenamiento
9479,validacion
9480,entrenamiento
9481,entrenamiento
9482,entrenamiento
9483,validacion
9484,prueba
9485,entrenamiento
9486,entrenamiento
9487,entrenamiento
9488,entrenamiento
9489,entrenamiento
9490,entrenamiento
9491,validacion
9492,entrenamiento
9493,entrenamiento
9494,entrenamiento
9495,entrenamiento
9496,prueba
9497,entrenamiento
9498,prueba
9499,entrenamiento
9500,entrenamiento
9501,validacion
9502,entrenamiento
9503,entrenamiento
9504,entrenamiento
9505,entrenamiento
9506,entrenamiento
9507,prueba
9508,prueba
9509,entrenamiento
9510,entrenamiento
9511,prueba
9512,entrenamiento
9513,entrenamiento
9514,validacion
9515,entrenamiento
9516,entrenamiento
9517,entrenamiento
9518,entrenamiento
9519,entrenamiento
9520,entrenamiento
9521,validacion
9522,entrenamiento
9523,validacion
9524,validacion
9525,prueba
9526,entrenamiento
9527,entrenamiento
9528,validacion
9529,entrenamiento
9530,entrenamiento
9531,entrenamiento
9532,entrenamiento
9533,entrenamiento
9534,entrenamiento
9535,entrenamiento
9536,entrenamiento
9537,entrenamiento
9538,entrenamiento
9539,entrenamiento
9540,validacion
9541,prueba
9542,prueba
9543,entrenamiento
9544,entrenamiento
9545,entrenamiento
9546,validacion
9547,entrenamiento
9548,entrenamiento
9549,entrenamiento
9550,prueba
9551,entrenamiento
9552,entrenamiento
9553,entrenamiento
9554,prueba
9555,entrenamiento
9556,entrenamiento
9557,validacion
9558,validacion
9559,entrenamiento
9560,entrenamiento
9561,entrenamiento
9562,entrenamiento
9563,prueba
9564,entrenamiento
9565,entrenamiento
9566,entrenamiento
9567,prueba
9568,prueba
9569,entrenamiento
9570,entrenamiento
9571,entrenamiento
9572,validacion
9573,entrenamiento
9574,validacion
9575,entrenamiento
9576,prueba
9577,entrenamiento
9578,entrenamiento
9579,prueba
9580,validacion
9581,entrenamiento
9582,entrenamiento
9583,entrenamiento
9584,entrenamiento
9585,entrenamiento
9586,entrenamiento
9587,entrenamiento
9588,entrenamiento
9589,validacion
9590,entrenamiento
9591,entrenamiento
9592,entrenamiento
9593,prueba
9594,entrenamiento
9595,entrenamiento
9596,validacion
9597,entrenamiento
9598,entrenamiento
9599,prueba
9600,prueba
9601,validacion
9602,entrenamiento
9603,entrenamiento
9604,validacion
9605,entrenamiento
9606,entrenamiento
9607,prueba
9608,entrenamiento
9609,prueba
9610,validacion
9611,validacion
9612,prueba
9613,entrenamiento
9614,entrenamiento
9615,entrenamiento
9616,entrenamiento
9617,entrenamiento
9618,entrenamiento
9619,validacion
9620,entrenamiento
9621,entrenamiento
9622,entrenamiento
9623,validacion
9624,entrenamiento
9625,entrenamiento
9626,entrenamiento
9627,prueba
9628,validacion
9629,prueba
9630,entrenamiento
9631,prueba
9632,validacion
9633,entrenamiento
9634,entrenamiento
9635,entrenamiento
9636,entrenamiento
9637,validacion
9638,entrenamiento
9639,entrenamiento
9640,entrenamiento
9641,prueba
9642,entrenamiento
9643,validacion
9644,entrenamiento
9645,entrenamiento
9646,entrenamiento
9647,prueba
9648,prueba
9649,validacion
9650,entrenamiento
9651,entrenamiento
9652,entrenamiento
9653,prueba
9654,validacion
9655,entrenamiento
9656,entrenamiento
9657,entrenamiento
9658,entrenamiento
9659,prueba
9660,entrenamiento
9661,entrenamiento
9662,prueba
9663,entrenamiento
9664,prueba
9665,entrenamiento
9666,prueba
9667,prueba
9668,entrenamiento
9669,validacion
9670,validacion
9671,entrenamiento
9672,entrenamiento
9673,entrenamiento
9674,validacion
9675,entrenamiento
9676,entrenamiento
9677,entrenamiento
9678,entrenamiento
9679,prueba
9680,prueba
9681,validacion
9682,entrenamiento
9683,entrenamiento
9684,entrenamiento
9685,entrenamiento
9686,prueba
9687,entrenamiento
9688,entrenamiento
9689,entrenamiento
9690,entrenamiento
9691,validacion
9692,prueba
9693,entrenamiento
9694,validacion
9695,entrenamiento
9696,validacion
9697,entrenamiento
9698,validacion
9699,validacion
9700,entrenamiento
9701,entrenamiento
9702,entrenamiento
9703,validacion
9704,prueba
9705,entrenamiento
9706,entrenamiento
9707,entrenamiento
9708,validacion
9709,entrenamiento
9710,entrenamiento
9711,entrenamiento
9712,entrenamiento
9713,validacion
9714,entrenamiento
9715,entrenamiento
9716,entrenamiento
9717,entrenamiento
9718,prueba
9719,validacion
9720,entrenamiento
9721,entrenamiento
9722,validacion
9723,entrenamiento
9724,entrenamiento
9725,validacion
9726,entrenamiento
9727,validacion
9728,entrenamiento
9729,entrenamiento
9730,entrenamiento
9731,prueba
9732,validacion
9733,entrenamiento
9734,entrenamiento
9735,entrenamiento
9736,prueba
9737,entrenamiento
9738,prueba
9739,entrenamiento
9740,validacion
9741,prueba
9742,entrenamiento
9743,prueba
9744,entrenamiento
9745,entrenamiento
9746,entrenamiento
9747,prueba
9748,validacion
9749,validacion
9750,entrenamiento
9751,validacion
9752,entrenamiento
9753,entrenamiento
9754,entrenamiento
9755,entrenamiento
9756,entrenamiento
9757,validacion
9758,prueba
9759,entrenamiento
9760,validacion
9761,entrenamiento
9762,prueba
9763,entrenamiento
9764,prueba
9765,entrenamiento
9766,entrenamiento
9767,entrenamiento
9768,entrenamiento
9769,prueba
9770,validacion
9771,prueba
9772,entrenamiento
9773,entrenamiento
9774,prueba
9775,entrenamiento
9776,validacion
9777,entrenamiento
9778,entrenamiento
9779,entrenamiento
9780,prueba
9781,validacion
9782,entrenamiento
9783,entrenamiento
9784,entrenamiento
9785,prueba
9786,entrenamiento
9787,entrenamiento
9788,entrenamiento
9789,validacion
9790,prueba
9791,entrenamiento
9792,entrenamiento
9793,entrenamiento
9794,entrenamiento
9795,validacion
9796,entrenamiento
9797,prueba
9798,entrenamiento
9799,entrenamiento
9800,entrenamiento
9801,prueba
9802,entrenamiento
9803,prueba
9804,validacion
9805,entrenamiento
9806,entrenamiento
9807,entrenamiento
9808,entrenamiento
9809,entrenamiento
9810,entrenamiento
9811,prueba
9812,entrenamiento
9813,prueba
9814,prueba
9815,prueba
9816,entrenamiento
9817,entrenamiento
9818,entrenamiento
9819,entrenamiento
9820,entrenamiento
9821,entrenamiento
9822,prueba
9823,prueba
9824,validacion
9825,validacion
9826,entrenamiento
9827,entrenamiento
9828,entrenamiento
9829,entrenamiento
9830,entrenamiento
9831,validacion
9832,entrenamiento
9833,prueba
9834,prueba
9835,validacion
9836,validacion
9837,prueba
9838,prueba
9839,validacion
9840,entrenamiento
9841,entrenamiento
9842,entrenamiento
9843,entrenamiento
9844,entrenamiento
9845,entrenamiento
9846,entrenamiento
9847,entrenamiento
9848,entrenamiento
9849,validacion
9850,entrenamiento
9851,entrenamiento
9852,prueba
9853,entrenamiento
9854,entrenamiento
9855,validacion
9856,entrenamiento
9857,validacion
9858,prueba
9859,prueba
9860,entrenamiento
9861,entrenamiento
9862,entrenamiento
9863,entrenamiento
9864,prueba
9865,entrenamiento
9866,entrenamiento
9867,entrenamiento
9868,validacion
9869,prueba
9870,entrenamiento
9871,prueba
9872,entrenamiento
9873,entrenamiento
9874,entrenamiento
9875,entrenamiento
9876,entrenamiento
9877,entrenamiento
9878,entrenamiento
9879,entrenamiento
9880,validacion
9881,validacion
9882,prueba
9883,entrenamiento
9884,validacion
9885,entrenamiento
9886,entrenamiento
9887,entrenamiento
9888,prueba
9889,entrenamiento
9890,prueba
9891,entrenamiento
9892,entrenamiento
9893,validacion
9894,entrenamiento
9895,entrenamiento
9896,entrenamiento
9897,validacion
9898,entrenamiento
9899,prueba
9900,entrenamiento
9901,prueba
9902,prueba
9903,entrenamiento
9904,entrenamiento
9905,entrenamiento
9906,prueba
9907,entrenamiento
9908,entrenamiento
9909,prueba
9910,entrenamiento
9911,validacion
9912,entrenamiento
9913,validacion
9914,entrenamiento
9915,entrenamiento
9916,entrenamiento
9917,entrenamiento
9918,entrenamiento
9919,entrenamiento
9920,entrenamiento
9921,entrenamiento
9922,entrenamiento
9923,entrenamiento
9924,validacion
9925,validacion
9926,entrenamiento
9927,entrenamiento
9928,entrenamiento
9929,entrenamiento
9930,validacion
9931,entrenamiento
9932,entrenamiento
9933,entrenamiento
9934,validacion
9935,validacion
9936,prueba
9937,entrenamiento
9938,prueba
9939,entrenamiento
9940,entrenamiento
9941,entrenamiento
9942,entrenamiento
9943,entrenamiento
9944,prueba
9945,entrenamiento
9946,entrenamiento
9947,entrenamiento
9948,entrenamiento
9949,entrenamiento
9950,prueba
9951,entrenamiento
9952,validacion
9953,entrenamiento
9954,prueba
9955,entrenamiento
9956,prueba
9957,validacion
9958,entrenamiento
9959,validacion
9960,entrenamiento
9961,prueba
9962,validacion
9963,validacion
9964,entrenamiento
9965,validacion
9966,prueba
9967,entrenamiento
9968,entrenamiento
9969,entrenamiento
9970,prueba
9971,entrenamiento
9972,validacion
9973,entrenamiento
9974,entrenamiento
9975,validacion
9976,prueba
9977,entrenamiento
9978,validacion
9979,entrenamiento
9980,prueba
9981,entrenamiento
9982,prueba
9983,entrenamiento
9984,entrenamiento
9985,validacion
9986,entrenamiento
9987,entrenamiento
9988,validacion
9989,entrenamiento
9990,prueba
9991,entrenamiento
9992,entrenamiento
9993,prueba
9994,entrenamiento
9995,entrenamiento
9996,validacion
9997,prueba
9998,prueba
9999,validacion
10000,entrenamiento
10001,entrenamiento
10002,prueba
10003,entrenamiento
10004,entrenamiento
10005,prueba
10006,entrenamiento
10007,entrenamiento
10008,entrenamiento
10009,validacion
10010,entrenamiento
10011,prueba
10012,validacion
10013,entrenamiento
10014,validacion
10015,validacion
10016,entrenamiento
10017,entrenamiento
10018,entrenamiento
10019,entrenamiento
10020,entrenamiento
10021,validacion
10022,prueba
10023,validacion
10024,entrenamiento
10025,entrenamiento
10026,entrenamiento
10027,prueba
10028,prueba
10029,entrenamiento
10030,prueba
10031,validacion
10032,entrenamiento
10033,prueba
10034,entrenamiento
10035,prueba
10036,entrenamiento
10037,prueba
10038,entrenamiento
10039,entrenamiento
10040,entrenamiento
10041,entrenamiento
10042,validacion
10043,validacion
10044,entrenamiento
10045,entrenamiento
10046,entrenamiento
10047,entrenamiento
10048,entrenamiento
10049,entrenamiento
10050,prueba
10051,entrenamiento
10052,validacion
10053,entrenamiento
10054,validacion
10055,entrenamiento
10056,prueba
10057,entrenamiento
10058,entrenamiento
10059,entrenamiento
10060,entrenamiento
10061,entrenamiento
10062,entrenamiento
10063,entrenamiento
10064,entrenamiento
10065,entrenamiento
10066,entrenamiento
10067,entrenamiento
10068,entrenamiento
10069,entrenamiento
10070,entrenamiento
10071,entrenamiento
10072,validacion
10073,validacion
10074,entrenamiento
10075,entrenamiento
10076,entrenamiento
10077,entrenamiento
10078,prueba
10079,prueba
10080,entrenamiento
10081,validacion
10082,prueba
10083,entrenamiento
10084,entrenamiento
10085,entrenamiento
10086,validacion
10087,entrenamiento
10088,prueba
10089,entrenamiento
10090,entrenamiento
10091,entrenamiento
10092,entrenamiento
10093,validacion
10094,validacion
10095,entrenamiento
10096,entrenamiento
10097,entrenamiento
10098,validacion
10099,entrenamiento
10100,entrenamiento
10101,entrenamiento
10102,entrenamiento
10103,prueba
10104,entrenamiento
10105,entrenamiento
10106,entrenamiento
10107,validacion
10108,entrenamiento
10109,entrenamiento
10110,entrenamiento
10111,entrenamiento
10112,prueba
10113,prueba
10114,entrenamiento
10115,prueba
10116,entrenamiento
10117,entrenamiento
10118,entrenamiento
10119,prueba
10120,entrenamiento
10121,prueba
10122,prueba
10123,entrenamiento
10124,entrenamiento
10125,validacion
10126,entrenamiento
10127,entrenamiento
10128,entrenamiento
10129,validacion
10130,entrenamiento
10131,prueba
10132,entrenamiento
10133,prueba
10134,entrenamiento
10135,validacion
10136,validacion
10137,validacion
10138,entrenamiento
10139,validacion
10140,entrenamiento
10141,prueba
10142,prueba
10143,prueba
10144,entrenamiento
10145,entrenamiento
10146,entrenamiento
10147,validacion
10148,validacion
10149,prueba
10150,validacion
10151,validacion
10152,entrenamiento
10153,prueba
10154,entrenamiento
10155,entrenamiento
10156,entrenamiento
10157,entrenamiento
10158,entrenamiento
10159,entrenamiento
10160,validacion
10161,validacion
10162,prueba
10163,prueba
10164,entrenamiento
10165,entrenamiento
10166,prueba
10167,entrenamiento
10168,entrenamiento
10169,entrenamiento
10170,prueba
10171,prueba
10172,validacion
10173,entrenamiento
10174,prueba
10175,entrenamiento
10176,entrenamiento
10177,entrenamiento
10178,entrenamiento
10179,entrenamiento
10180,entrenamiento
10181,entrenamiento
10182,entrenamiento
10183,entrenamiento
10184,validacion
10185,entrenamiento
10186,entrenamiento
10187,entrenamiento
10188,entrenamiento
10189,entrenamiento
10190,entrenamiento
10191,entrenamiento
10192,entrenamiento
10193,entrenamiento
10194,entrenamiento
10195,entrenamiento
10196,entrenamiento
10197,entrenamiento
10198,prueba
10199,entrenamiento
10200,entrenamiento
10201,entrenamiento
10202,prueba
10203,entrenamiento
10204,entrenamiento
10205,prueba
10206,entrenamiento
10207,entrenamiento
10208,entrenamiento
10209,entrenamiento
10210,entrenamiento
10211,prueba
10212,validacion
10213,prueba
10214,prueba
10215,validacion
10216,entrenamiento
10217,validacion
10218,entrenamiento
10219,entrenamiento
10220,prueba
10221,entrenamiento
10222,entrenamiento
10223,entrenamiento
10224,entrenamiento
10225,entrenamiento
10226,entrenamiento
10227,entrenamiento
10228,entrenamiento
10229,validacion
10230,entrenamiento
10231,prueba
10232,entrenamiento
10233,prueba
10234,entrenamiento
10235,entrenamiento
10236,prueba
10237,prueba
10238,prueba
10239,prueba
10240,entrenamiento
10241,validacion
10242,validacion
10243,entrenamiento
10244,entrenamiento
10245,entrenamiento
10246,prueba
10247,entrenamiento
10248,entrenamiento
10249,entrenamiento
10250,prueba
10251,prueba
10252,entrenamiento
10253,entrenamiento
10254,entrenamiento
10255,entrenamiento
10256,entrenamiento
10257,entrenamiento
10258,validacion
10259,entrenamiento
10260,entrenamiento
10261,entrenamiento
10262,entrenamiento
10263,entrenamiento
10264,entrenamiento
10265,validacion
10266,entrenamiento
10267,entrenamiento
10268,entrenamiento
10269,validacion
10270,entrenamiento
10271,entrenamiento
10272,validacion
10273,entrenamiento
10274,entrenamiento
10275,prueba
10276,validacion
10277,entrenamiento
10278,entrenamiento
10279,validacion
10280,validacion
10281,validacion
10282,entrenamiento
10283,prueba
10284,validacion
10285,entrenamiento
10286,validacion
10287,entrenamiento
10288,entrenamiento
10289,entrenamiento
10290,validacion
10291,entrenamiento
10292,entrenamiento
10293,entrenamiento
10294,entrenamiento
10295,entrenamiento
10296,validacion
10297,validacion
10298,validacion
10299,entrenamiento
10300,validacion
10301,prueba
10302,entrenamiento
10303,entrenamiento
10304,validacion
10305,entrenamiento
10306,entrenamiento
10307,prueba
10308,validacion
10309,entrenamiento
10310,prueba
10311,entrenamiento
10312,entrenamiento
10313,validacion
10314,validacion
10315,entrenamiento
10316,entrenamiento
10317,prueba
10318,entrenamiento
10319,validacion
10320,entrenamiento
10321,entrenamiento
10322,entrenamiento
10323,prueba
10324,validacion
10325,entrenamiento
10326,prueba
10327,entrenamiento
10328,validacion
10329,prueba
10330,prueba
10331,prueba
10332,entrenamiento
10333,entrenamiento
10334,entrenamiento
10335,entrenamiento
10336,entrenamiento
10337,validacion
10338,entrenamiento
10339,entrenamiento
10340,entrenamiento
10341,entrenamiento
10342,entrenamiento
10343,prueba
10344,entrenamiento
10345,entrenamiento
10346,entrenamiento
10347,entrenamiento
10348,prueba
10349,prueba
10350,prueba
10351,prueba
10352,entrenamiento
10353,entrenamiento
10354,validacion
10355,validacion
10356,entrenamiento
10357,entrenamiento
10358,entrenamiento
10359,entrenamiento
10360,entrenamiento
10361,entrenamiento
10362,entrenamiento
10363,entrenamiento
10364,entrenamiento
10365,entrenamiento
10366,prueba
10367,entrenamiento
10368,validacion
10369,entrenamiento
10370,entrenamiento
10371,entrenamiento
10372,entrenamiento
10373,entrenamiento
10374,entrenamiento
10375,prueba
10376,entrenamiento
10377,entrenamiento
10378,entrenamiento
10379,entrenamiento
10380,validacion
10381,entrenamiento
10382,prueba
10383,entrenamiento
10384,entrenamiento
10385,validacion
10386,entrenamiento
10387,validacion
10388,prueba
10389,entrenamiento
10390,entrenamiento
10391,entrenamiento
10392,entrenamiento
10393,prueba
10394,prueba
10395,entrenamiento
10396,prueba
10397,prueba
10398,entrenamiento
10399,prueba
10400,entrenamiento
10401,entrenamiento
10402,entrenamiento
10403,validacion
10404,entrenamiento
10405,entrenamiento
10406,entrenamiento
10407,entrenamiento
10408,entrenamiento
10409,validacion
10410,prueba
10411,entrenamiento
10412,entrenamiento
10413,entrenamiento
10414,entrenamiento
10415,entrenamiento
10416,validacion
10417,entrenamiento
10418,entrenamiento
10419,validacion
10420,validacion
10421,entrenamiento
10422,entrenamiento
10423,validacion
10424,entrenamiento
10425,prueba
10426,entrenamiento
10427,entrenamiento
10428,entrenamiento
10429,prueba
10430,entrenamiento
10431,entrenamiento
10432,prueba
10433,entrenamiento
10434,prueba
10435,entrenamiento
10436,entrenamiento
10437,entrenamiento
10438,entrenamiento
10439,entrenamiento
10440,prueba
10441,entrenamiento
10442,entrenamiento
10443,prueba
10444,entrenamiento
10445,prueba
10446,entrenamiento
10447,entrenamiento
10448,entrenamiento
10449,entrenamiento
10450,entrenamiento
10451,prueba
10452,validacion
10453,entrenamiento
10454,prueba
10455,entrenamiento
10456,entrenamiento
10457,entrenamiento
10458,prueba
10459,validacion
10460,entrenamiento
10461,entrenamiento
10462,entrenamiento
10463,entrenamiento
10464,entrenamiento
10465,entrenamiento
10466,entrenamiento
10467,validacion
10468,prueba
10469,validacion
10470,entrenamiento
10471,entrenamiento
10472,prueba
10473,prueba
10474,entrenamiento
10475,prueba
10476,entrenamiento
10477,entrenamiento
10478,entrenamiento
10479,entrenamiento
10480,entrenamiento
10481,validacion
10482,entrenamiento
10483,entrenamiento
10484,validacion
10485,entrenamiento
10486,entrenamiento
10487,entrenamiento
10488,entrenamiento
10489,prueba
10490,prueba
10491,entrenamiento
10492,entrenamiento
10493,entrenamiento
10494,entrenamiento
10495,entrenamiento
10496,prueba
10497,entrenamiento
10498,entrenamiento
10499,entrenamiento
10500,prueba
10501,entrenamiento
10502,prueba
10503,entrenamiento
10504,entrenamiento
10505,entrenamiento
10506,entrenamiento
10507,entrenamiento
10508,entrenamiento
10509,entrenamiento
10510,entrenamiento
10511,validacion
10512,validacion
10513,entrenamiento
10514,entrenamiento
10515,entrenamiento
10516,entrenamiento
10517,prueba
10518,entrenamiento
10519,entrenamiento
10520,entrenamiento
10521,entrenamiento
10522,entrenamiento
10523,entrenamiento
10524,validacion
10525,prueba
10526,prueba
10527,entrenamiento
10528,entrenamiento
10529,validacion
10530,entrenamiento
10531,entrenamiento
10532,entrenamiento
10533,validacion
10534,entrenamiento
10535,entrenamiento
10536,entrenamiento
10537,entrenamiento
10538,entrenamiento
10539,prueba
10540,prueba
10541,prueba
10542,entrenamiento
10543,entrenamiento
10544,entrenamiento
10545,entrenamiento
10546,prueba
10547,entrenamiento
10548,entrenamiento
10549,entrenamiento
10550,entrenamiento
10551,prueba
10552,entrenamiento
10553,prueba
10554,entrenamiento
10555,entrenamiento
10556,prueba
10557,validacion
10558,entrenamiento
10559,prueba
10560,entrenamiento
10561,entrenamiento
10562,entrenamiento
10563,entrenamiento
10564,prueba
10565,entrenamiento
10566,entrenamiento
10567,entrenamiento
10568,entrenamiento
10569,entrenamiento
10570,entrenamiento
10571,entrenamiento
10572,entrenamiento
10573,entrenamiento
10574,prueba
10575,entrenamiento
10576,prueba
10577,validacion
10578,entrenamiento
10579,entrenamiento
10580,entrenamiento
10581,entrenamiento
10582,entrenamiento
10583,validacion
10584,entrenamiento
10585,prueba
10586,entrenamiento
10587,entrenamiento
10588,prueba
10589,entrenamiento
10590,validacion
10591,entrenamiento
10592,entrenamiento
10593,entrenamiento
10594,entrenamiento
10595,entrenamiento
10596,entrenamiento
10597,validacion
10598,entrenamiento
10599,entrenamiento
10600,validacion
10601,prueba
10602,entrenamiento
10603,entrenamiento
10604,prueba
10605,entrenamiento
10606,validacion
10607,prueba
10608,entrenamiento
10609,entrenamiento
10610,entrenamiento
10611,entrenamiento
10612,entrenamiento
10613,prueba
10614,validacion
10615,prueba
10616,entrenamiento
10617,entrenamiento
10618,entrenamiento
10619,entrenamiento
10620,entrenamiento
10621,prueba
10622,prueba
10623,entrenamiento
10624,entrenamiento
10625,entrenamiento
10626,entrenamiento
10627,validacion
10628,entrenamiento
10629,entrenamiento
10630,prueba
10631,entrenamiento
10632,validacion
10633,entrenamiento
10634,entrenamiento
10635,entrenamiento
10636,validacion
10637,entrenamiento
10638,prueba
10639,entrenamiento
10640,prueba
10641,entrenamiento
10642,entrenamiento
10643,prueba
10644,prueba
10645,prueba
10646,entrenamiento
10647,entrenamiento
10648,entrenamiento
10649,validacion
10650,prueba
10651,entrenamiento
10652,entrenamiento
10653,entrenamiento
10654,validacion
10655,prueba
10656,entrenamiento
10657,prueba
10658,prueba
10659,prueba
10660,entrenamiento
10661,entrenamiento
10662,entrenamiento
10663,validacion
10664,entrenamiento
10665,prueba
10666,prueba
10667,prueba
10668,entrenamiento
10669,prueba
10670,validacion
10671,entrenamiento
10672,validacion
10673,entrenamiento
10674,prueba
10675,entrenamiento
10676,entrenamiento
10677,entrenamiento
10678,entrenamiento
10679,validacion
10680,prueba
10681,entrenamiento
10682,entrenamiento
10683,entrenamiento
10684,prueba
10685,prueba
10686,prueba
10687,entrenamiento
10688,entrenamiento
10689,prueba
10690,prueba
10691,prueba
10692,entrenamiento
10693,entrenamiento
10694,entrenamiento
10695,entrenamiento
10696,prueba
10697,entrenamiento
10698,validacion
10699,entrenamiento
10700,validacion
10701,entrenamiento
10702,prueba
10703,entrenamiento
10704,entrenamiento
10705,entrenamiento
10706,entrenamiento
10707,entrenamiento
10708,entrenamiento
10709,entrenamiento
10710,entrenamiento
10711,entrenamiento
10712,prueba
10713,validacion
10714,entrenamiento
10715,entrenamiento
10716,validacion
10717,entrenamiento
10718,entrenamiento
10719,entrenamiento
10720,entrenamiento
10721,prueba
10722,validacion
10723,entrenamiento
10724,entrenamiento
10725,validacion
10726,prueba
10727,entrenamiento
10728,prueba
10729,entrenamiento
10730,entrenamiento
10731,validacion
10732,entrenamiento
10733,entrenamiento
10734,entrenamiento
10735,entrenamiento
10736,entrenamiento
10737,entrenamiento
10738,entrenamiento
10739,prueba
10740,entrenamiento
10741,entrenamiento
10742,entrenamiento
10743,prueba
10744,prueba
10745,validacion
10746,validacion
10747,entrenamiento
10748,prueba
10749,entrenamiento
10750,entrenamiento
10751,entrenamiento
10752,entrenamiento
10753,entrenamiento
10754,prueba
10755,entrenamiento
10756,entrenamiento
10757,entrenamiento
10758,entrenamiento
10759,prueba
10760,entrenamiento
10761,entrenamiento
10762,entrenamiento
10763,entrenamiento
10764,entrenamiento
10765,validacion
10766,validacion
10767,entrenamiento
10768,entrenamiento
10769,entrenamiento
10770,prueba
10771,validacion
10772,prueba
10773,prueba
10774,prueba
10775,prueba
10776,prueba
10777,entrenamiento
10778,entrenamiento
10779,entrenamiento
10780,entrenamiento
10781,validacion
10782,entrenamiento
10783,entrenamiento
10784,validacion
10785,entrenamiento
10786,entrenamiento
10787,entrenamiento
10788,validacion
10789,entrenamiento
10790,entrenamiento
10791,prueba
10792,entrenamiento
10793,entrenamiento
10794,prueba
10795,entrenamiento
10796,entrenamiento
10797,entrenamiento
10798,entrenamiento
10799,prueba
10800,entrenamiento
10801,entrenamiento
10802,entrenamiento
10803,prueba
10804,entrenamiento
10805,entrenamiento
10806,validacion
10807,prueba
10808,entrenamiento
10809,validacion
10810,validacion
10811,entrenamiento
10812,entrenamiento
10813,entrenamiento
10814,entrenamiento
10815,prueba
10816,entrenamiento
10817,entrenamiento
10818,entrenamiento
10819,entrenamiento
10820,prueba
10821,prueba
10822,entrenamiento
10823,entrenamiento
10824,prueba
10825,prueba
10826,prueba
10827,entrenamiento
10828,validacion
10829,entrenamiento
10830,prueba
10831,prueba
10832,entrenamiento
10833,entrenamiento
10834,entrenamiento
10835,entrenamiento
10836,entrenamiento
10837,prueba
10838,entrenamiento
10839,entrenamiento
10840,entrenamiento
10841,validacion
10842,prueba
10843,entrenamiento
10844,entrenamiento
10845,entrenamiento
10846,entrenamiento
10847,entrenamiento
10848,validacion
10849,entrenamiento
10850,validacion
10851,entrenamiento
10852,entrenamiento
10853,prueba
10854,entrenamiento
10855,entrenamiento
10856,entrenamiento
10857,prueba
10858,entrenamiento
10859,entrenamiento
10860,entrenamiento
10861,prueba
10862,validacion
10863,prueba
10864,entrenamiento
10865,prueba
10866,entrenamiento
10867,entrenamiento
10868,entrenamiento
10869,prueba
10870,entrenamiento
10871,entrenamiento
10872,prueba
10873,prueba
10874,entrenamiento
10875,entrenamiento
10876,entrenamiento
10877,entrenamiento
10878,validacion
10879,entrenamiento
10880,entrenamiento
10881,entrenamiento
10882,prueba
10883,entrenamiento
10884,entrenamiento
10885,entrenamiento
10886,validacion
10887,entrenamiento
10888,entrenamiento
10889,prueba
10890,entrenamiento
10891,prueba
10892,entrenamiento
10893,entrenamiento
10894,entrenamiento
10895,prueba
10896,prueba
10897,validacion
10898,prueba
10899,validacion
10900,entrenamiento
10901,entrenamiento
10902,entrenamiento
10903,prueba
10904,entrenamiento
10905,validacion
10906,entrenamiento
10907,entrenamiento
10908,entrenamiento
10909,entrenamiento
10910,prueba
10911,prueba
10912,entrenamiento
10913,entrenamiento
10914,prueba
10915,entrenamiento
10916,validacion
10917,entrenamiento
10918,validacion
10919,entrenamiento
10920,validacion
10921,entrenamiento
10922,entrenamiento
10923,entrenamiento
10924,entrenamiento
10925,validacion
10926,entrenamiento
10927,entrenamiento
10928,prueba
10929,entrenamiento
10930,prueba
10931,entrenamiento
10932,entrenamiento
10933,entrenamiento
10934,entrenamiento
10935,entrenamiento
10936,prueba
10937,entrenamiento
10938,validacion
10939,prueba
10940,validacion
10941,prueba
10942,prueba
10943,entrenamiento
10944,entrenamiento
10945,entrenamiento
10946,entrenamiento
10947,entrenamiento
10948,entrenamiento
10949,entrenamiento
10950,prueba
10951,prueba
10952,entrenamiento
10953,entrenamiento
10954,entrenamiento
10955,entrenamiento
10956,prueba
10957,entrenamiento
10958,validacion
10959,entrenamiento
10960,entrenamiento
10961,prueba
10962,entrenamiento
10963,entrenamiento
10964,validacion
10965,entrenamiento
10966,prueba
10967,validacion
10968,entrenamiento
10969,entrenamiento
10970,prueba
10971,entrenamiento
10972,entrenamiento
10973,entrenamiento
10974,entrenamiento
10975,entrenamiento
10976,entrenamiento
10977,entrenamiento
10978,entrenamiento
10979,entrenamiento
10980,entrenamiento
10981,prueba
10982,entrenamiento
10983,entrenamiento
10984,entrenamiento
10985,entrenamiento
10986,entrenamiento
10987,entrenamiento
10988,entrenamiento
10989,entrenamiento
10990,entrenamiento
10991,prueba
10992,entrenamiento
10993,entrenamiento
10994,prueba
10995,prueba
10996,validacion
10997,entrenamiento
10998,prueba
10999,entrenamiento
11000,entrenamiento
11001,entrenamiento
11002,entrenamiento
11003,entrenamiento
11004,entrenamiento
11005,prueba
11006,entrenamiento
11007,entrenamiento
11008,entrenamiento
11009,entrenamiento
11010,entrenamiento
11011,entrenamiento
11012,entrenamiento
11013,entrenamiento
11014,entrenamiento
11015,entrenamiento
11016,entrenamiento
11017,validacion
11018,entrenamiento
11019,prueba
11020,entrenamiento
11021,prueba
11022,entrenamiento
11023,entrenamiento
11024,entrenamiento
11025,entrenamiento
11026,entrenamiento
11027,prueba
11028,entrenamiento
11029,validacion
11030,entrenamiento
11031,prueba
11032,entrenamiento
11033,prueba
11034,entrenamiento
11035,entrenamiento
11036,entrenamiento
11037,entrenamiento
11038,validacion
11039,validacion
11040,entrenamiento
11041,entrenamiento
11042,validacion
11043,entrenamiento
11044,entrenamiento
11045,entrenamiento
11046,entrenamiento
11047,entrenamiento
11048,entrenamiento
11049,validacion
11050,entrenamiento
11051,entrenamiento
11052,entrenamiento
11053,entrenamiento
11054,entrenamiento
11055,entrenamiento
11056,entrenamiento
11057,prueba
11058,prueba
11059,prueba
11060,entrenamiento
11061,prueba
11062,entrenamiento
11063,entrenamiento
11064,entrenamiento
11065,entrenamiento
11066,entrenamiento
11067,entrenamiento
11068,entrenamiento
11069,entrenamiento
11070,prueba
11071,entrenamiento
11072,entrenamiento
11073,entrenamiento
11074,validacion
11075,prueba
11076,entrenamiento
11077,entrenamiento
11078,entrenamiento
11079,entrenamiento
11080,entrenamiento
11081,prueba
11082,entrenamiento
11083,entrenamiento
11084,entrenamiento
11085,entrenamiento
11086,entrenamiento
11087,entrenamiento
11088,entrenamiento
11089,entrenamiento
11090,prueba
11091,validacion
11092,validacion
11093,entrenamiento
11094,prueba
11095,entrenamiento
11096,prueba
11097,entrenamiento
11098,entrenamiento
11099,entrenamiento
11100,entrenamiento
11101,entrenamiento
11102,entrenamiento
11103,prueba
11104,entrenamiento
11105,prueba
11106,validacion
11107,entrenamiento
11108,prueba
11109,entrenamiento
11110,prueba
11111,entrenamiento
11112,entrenamiento
11113,validacion
11114,validacion
11115,validacion
11116,validacion
11117,entrenamiento
11118,entrenamiento
11119,validacion
11120,entrenamiento
11121,entrenamiento
11122,entrenamiento
11123,prueba
11124,validacion
11125,entrenamiento
11126,entrenamiento
11127,entrenamiento
11128,prueba
11129,prueba
11130,entrenamiento
11131,entrenamiento
11132,entrenamiento
11133,entrenamiento
11134,entrenamiento
11135,entrenamiento
11136,entrenamiento
11137,entrenamiento
11138,prueba
11139,validacion
11140,entrenamiento
11141,validacion
11142,entrenamiento
11143,entrenamiento
11144,entrenamiento
11145,prueba
11146,entrenamiento
11147,prueba
11148,validacion
11149,prueba
11150,entrenamiento
11151,prueba
11152,entrenamiento
11153,entrenamiento
11154,validacion
11155,entrenamiento
11156,entrenamiento
11157,prueba
11158,entrenamiento
11159,entrenamiento
11160,prueba
11161,entrenamiento
11162,entrenamiento
11163,prueba
11164,entrenamiento
11165,entrenamiento
11166,entrenamiento
11167,entrenamiento
11168,validacion
11169,entrenamiento
11170,entrenamiento
11171,validacion
11172,validacion
11173,entrenamiento
11174,validacion
11175,entrenamiento
11176,entrenamiento
11177,prueba
11178,entrenamiento
11179,entrenamiento
11180,entrenamiento
11181,prueba
11182,entrenamiento
11183,entrenamiento
11184,prueba
11185,entrenamiento
11186,validacion
11187,entrenamiento
11188,validacion
11189,prueba
11190,entrenamiento
11191,entrenamiento
11192,prueba
11193,validacion
11194,entrenamiento
11195,prueba
11196,entrenamiento
11197,entrenamiento
11198,entrenamiento
11199,entrenamiento
11200,entrenamiento
11201,validacion
11202,entrenamiento
11203,prueba
11204,entrenamiento
11205,entrenamiento
11206,validacion
11207,entrenamiento
11208,validacion
11209,entrenamiento
11210,entrenamiento
11211,entrenamiento
11212,validacion
11213,entrenamiento
11214,entrenamiento
11215,entrenamiento
11216,entrenamiento
11217,entrenamiento
11218,entrenamiento
11219,validacion
11220,prueba
11221,validacion
11222,entrenamiento
11223,entrenamiento
11224,validacion
11225,entrenamiento
11226,entrenamiento
11227,validacion
11228,entrenamiento
11229,entrenamiento
11230,prueba
11231,validacion
11232,entrenamiento
11233,entrenamiento
11234,entrenamiento
11235,entrenamiento
11236,entrenamiento
11237,validacion
11238,prueba
11239,entrenamiento
11240,entrenamiento
11241,entrenamiento
11242,entrenamiento
11243,entrenamiento
11244,entrenamiento
11245,entrenamiento
11246,validacion
11247,entrenamiento
11248,entrenamiento
11249,entrenamiento
11250,prueba
11251,entrenamiento
11252,entrenamiento
11253,entrenamiento
11254,entrenamiento
11255,entrenamiento
11256,validacion
11257,entrenamiento
11258,entrenamiento
11259,entrenamiento
11260,validacion
11261,prueba
11262,entrenamiento
11263,entrenamiento
11264,validacion
11265,prueba
11266,entrenamiento
11267,prueba
11268,entrenamiento
11269,entrenamiento
11270,entrenamiento
11271,prueba
11272,entrenamiento
11273,validacion
11274,prueba
11275,entrenamiento
11276,validacion
11277,prueba
11278,entrenamiento
11279,entrenamiento
11280,entrenamiento
11281,entrenamiento
11282,entrenamiento
11283,validacion
11284,entrenamiento
11285,entrenamiento
11286,validacion
11287,entrenamiento
11288,entrenamiento
11289,entrenamiento
11290,entrenamiento
11291,entrenamiento
11292,entrenamiento
11293,entrenamiento
11294,validacion
11295,entrenamiento
11296,entrenamiento
11297,entrenamiento
11298,entrenamiento
11299,entrenamiento
11300,entrenamiento
11301,entrenamiento
11302,validacion
11303,entrenamiento
11304,validacion
11305,entrenamiento
11306,entrenamiento
11307,validacion
11308,prueba
11309,entrenamiento
11310,prueba
11311,entrenamiento
11312,validacion
11313,entrenamiento
11314,entrenamiento
11315,entrenamiento
11316,prueba
11317,entrenamiento
11318,validacion
11319,entrenamiento
11320,entrenamiento
11321,prueba
11322,validacion
11323,entrenamiento
11324,prueba
11325,entrenamiento
11326,validacion
11327,entrenamiento
11328,entrenamiento
11329,entrenamiento
11330,entrenamiento
11331,entrenamiento
11332,entrenamiento
11333,entrenamiento
11334,entrenamiento
11335,entrenamiento
11336,entrenamiento
11337,prueba
11338,prueba
11339,entrenamiento
11340,entrenamiento
11341,entrenamiento
11342,validacion
11343,entrenamiento
11344,entrenamiento
11345,validacion
11346,entrenamiento
11347,entrenamiento
11348,entrenamiento
11349,prueba
11350,validacion
11351,validacion
11352,entrenamiento
11353,entrenamiento
11354,entrenamiento
11355,entrenamiento
11356,prueba
11357,prueba
11358,entrenamiento
11359,prueba
11360,validacion
11361,prueba
11362,validacion
11363,entrenamiento
11364,validacion
11365,entrenamiento
11366,entrenamiento
11367,entrenamiento
11368,entrenamiento
11369,validacion
11370,entrenamiento
11371,entrenamiento
11372,entrenamiento
11373,validacion
11374,entrenamiento
11375,prueba
11376,entrenamiento
11377,entrenamiento
11378,prueba
11379,entrenamiento
11380,validacion
11381,entrenamiento
11382,entrenamiento
11383,entrenamiento
11384,validacion
11385,entrenamiento
11386,entrenamiento
11387,entrenamiento
11388,entrenamiento
11389,entrenamiento
11390,entrenamiento
11391,prueba
11392,entrenamiento
11393,entrenamiento
11394,entrenamiento
11395,entrenamiento
11396,entrenamiento
11397,entrenamiento
11398,entrenamiento
11399,entrenamiento
11400,entrenamiento
11401,prueba
11402,entrenamiento
11403,entrenamiento
11404,prueba
11405,entrenamiento
11406,entrenamiento
11407,entrenamiento
11408,validacion
11409,entrenamiento
11410,prueba
11411,entrenamiento
11412,entrenamiento
11413,prueba
11414,prueba
11415,entrenamiento
11416,entrenamiento
11417,entrenamiento
11418,validacion
11419,entrenamiento
11420,entrenamiento
11421,entrenamiento
11422,entrenamiento
11423,entrenamiento
11424,entrenamiento
11425,prueba
11426,prueba
11427,entrenamiento
11428,entrenamiento
11429,entrenamiento
11430,entrenamiento
11431,entrenamiento
11432,validacion
11433,prueba
11434,prueba
11435,prueba
11436,entrenamiento
11437,prueba
11438,entrenamiento
11439,entrenamiento
11440,prueba
11441,entrenamiento
11442,validacion
11443,entrenamiento
11444,entrenamiento
11445,entrenamiento
11446,entrenamiento
11447,validacion
11448,prueba
11449,entrenamiento
11450,entrenamiento
11451,entrenamiento
11452,validacion
11453,prueba
11454,validacion
11455,entrenamiento
11456,entrenamiento
11457,entrenamiento
11458,entrenamiento
11459,entrenamiento
11460,entrenamiento
11461,entrenamiento
11462,entrenamiento
11463,prueba
11464,entrenamiento
11465,entrenamiento
11466,entrenamiento
11467,validacion
11468,entrenamiento
11469,validacion
11470,entrenamiento
11471,prueba
11472,entrenamiento
11473,validacion
11474,entrenamiento
11475,entrenamiento
11476,entrenamiento
11477,entrenamiento
11478,prueba
11479,entrenamiento
11480,entrenamiento
11481,prueba
11482,entrenamiento
11483,entrenamiento
11484,entrenamiento
11485,entrenamiento
11486,prueba
11487,prueba
11488,entrenamiento
11489,entrenamiento
11490,entrenamiento
11491,entrenamiento
11492,entrenamiento
11493,validacion
11494,entrenamiento
11495,entrenamiento
11496,entrenamiento
11497,prueba
11498,prueba
11499,entrenamiento
11500,entrenamiento
11501,validacion
11502,entrenamiento
11503,validacion
11504,prueba
11505,prueba
11506,entrenamiento
11507,entrenamiento
11508,entrenamiento
11509,entrenamiento
11510,entrenamiento
11511,prueba
11512,entrenamiento
11513,entrenamiento
11514,entrenamiento
11515,entrenamiento
11516,prueba
11517,validacion
11518,entrenamiento
11519,entrenamiento
11520,prueba
11521,prueba
11522,entrenamiento
11523,entrenamiento
11524,validacion
11525,prueba
11526,validacion
11527,validacion
11528,validacion
11529,entrenamiento
11530,entrenamiento
11531,entrenamiento
11532,entrenamiento
11533,entrenamiento
11534,entrenamiento
11535,entrenamiento
11536,prueba
11537,entrenamiento
11538,validacion
11539,entrenamiento
11540,entrenamiento
11541,validacion
11542,entrenamiento
11543,prueba
11544,entrenamiento
11545,entrenamiento
11546,validacion
11547,validacion
11548,validacion
11549,prueba
11550,entrenamiento
11551,validacion
11552,prueba
11553,entrenamiento
11554,entrenamiento
11555,validacion
11556,entrenamiento
11557,entrenamiento
11558,entrenamiento
11559,entrenamiento
11560,entrenamiento
11561,entrenamiento
11562,entrenamiento
11563,entrenamiento
11564,entrenamiento
11565,entrenamiento
11566,validacion
11567,validacion
11568,entrenamiento
11569,entrenamiento
11570,prueba
11571,prueba
11572,validacion
11573,entrenamiento
11574,entrenamiento
11575,entrenamiento
11576,prueba
11577,entrenamiento
11578,entrenamiento
11579,validacion
11580,entrenamiento
11581,entrenamiento
11582,validacion
11583,entrenamiento
11584,entrenamiento
11585,entrenamiento
11586,entrenamiento
11587,entrenamiento
11588,entrenamiento
11589,validacion
11590,entrenamiento
11591,entrenamiento
11592,entrenamiento
11593,entrenamiento
11594,entrenamiento
11595,validacion
11596,entrenamiento
11597,entrenamiento
11598,prueba
11599,prueba
11600,entrenamiento
11601,entrenamiento
11602,prueba
11603,entrenamiento
11604,entrenamiento
11605,entrenamiento
11606,validacion
11607,entrenamiento
11608,entrenamiento
11609,entrenamiento
11610,entrenamiento
11611,entrenamiento
11612,entrenamiento
11613,validacion
11614,validacion
11615,validacion
11616,entrenamiento
11617,entrenamiento
11618,entrenamiento
11619,prueba
11620,prueba
11621,validacion
11622,entrenamiento
11623,validacion
11624,entrenamiento
11625,entrenamiento
11626,prueba
11627,validacion
11628,entrenamiento
11629,prueba
11630,entrenamiento
11631,entrenamiento
11632,entrenamiento
11633,validacion
11634,prueba
11635,entrenamiento
11636,entrenamiento
11637,entrenamiento
11638,entrenamiento
11639,entrenamiento
11640,entrenamiento
11641,entrenamiento
11642,entrenamiento
11643,entrenamiento
11644,entrenamiento
11645,entrenamiento
11646,entrenamiento
11647,entrenamiento
11648,entrenamiento
11649,entrenamiento
11650,entrenamiento
11651,entrenamiento
11652,prueba
11653,prueba
11654,entrenamiento
11655,entrenamiento
11656,validacion
11657,entrenamiento
11658,entrenamiento
11659,entrenamiento
11660,entrenamiento
11661,entrenamiento
11662,prueba
11663,prueba
11664,entrenamiento
11665,prueba
11666,validacion
11667,validacion
11668,prueba
11669,prueba
11670,validacion
11671,entrenamiento
11672,entrenamiento
11673,entrenamiento
11674,entrenamiento
11675,prueba
11676,entrenamiento
11677,entrenamiento
11678,entrenamiento
11679,entrenamiento
11680,validacion
11681,entrenamiento
11682,entrenamiento
11683,prueba
11684,entrenamiento
11685,validacion
11686,validacion
11687,prueba
11688,entrenamiento
11689,entrenamiento
11690,entrenamiento
11691,prueba
11692,entrenamiento
11693,entrenamiento
11694,validacion
11695,entrenamiento
11696,entrenamiento
11697,entrenamiento
11698,entrenamiento
11699,entrenamiento
11700,prueba
11701,entrenamiento
11702,validacion
11703,prueba
11704,entrenamiento
11705,prueba
11706,entrenamiento
11707,entrenamiento
11708,prueba
11709,entrenamiento
11710,entrenamiento
11711,entrenamiento
11712,entrenamiento
11713,entrenamiento
11714,validacion
11715,entrenamiento
11716,entrenamiento
11717,entrenamiento
11718,validacion
11719,entrenamiento
11720,entrenamiento
11721,entrenamiento
11722,entrenamiento
11723,prueba
11724,validacion
11725,entrenamiento
11726,prueba
11727,entrenamiento
11728,entrenamiento
11729,entrenamiento
11730,prueba
11731,entrenamiento
11732,entrenamiento
11733,entrenamiento
11734,entrenamiento
11735,entrenamiento
11736,validacion
11737,entrenamiento
11738,validacion
11739,entrenamiento
11740,entrenamiento
11741,entrenamiento
11742,entrenamiento
11743,validacion
11744,entrenamiento
11745,entrenamiento
11746,prueba
11747,entrenamiento
11748,entrenamiento
11749,entrenamiento
11750,entrenamiento
11751,entrenamiento
11752,entrenamiento
11753,entrenamiento
11754,validacion
11755,entrenamiento
11756,validacion
11757,entrenamiento
11758,entrenamiento
11759,validacion
11760,entrenamiento
11761,entrenamiento
11762,prueba
11763,entrenamiento
11764,entrenamiento
11765,entrenamiento
11766,entrenamiento
11767,prueba
11768,validacion
11769,entrenamiento
11770,validacion
11771,entrenamiento
11772,validacion
11773,entrenamiento
11774,entrenamiento
11775,entrenamiento
11776,validacion
11777,prueba
11778,entrenamiento
11779,validacion
11780,entrenamiento
11781,prueba
11782,validacion
11783,entrenamiento
11784,validacion
11785,entrenamiento
11786,entrenamiento
11787,validacion
11788,entrenamiento
11789,entrenamiento
11790,entrenamiento
11791,validacion
11792,entrenamiento
11793,entrenamiento
11794,validacion
11795,validacion
11796,entrenamiento
11797,entrenamiento
11798,entrenamiento
11799,entrenamiento
11800,entrenamiento
11801,entrenamiento
11802,entrenamiento
11803,entrenamiento
11804,prueba
11805,entrenamiento
11806,prueba
11807,entrenamiento
11808,validacion
11809,entrenamiento
11810,entrenamiento
11811,entrenamiento
11812,prueba
11813,validacion
11814,entrenamiento
11815,entrenamiento
11816,validacion
11817,entrenamiento
11818,entrenamiento
11819,prueba
11820,entrenamiento
11821,prueba
11822,validacion
11823,prueba
11824,entrenamiento
11825,entrenamiento
11826,validacion
11827,entrenamiento
11828,validacion
11829,prueba
11830,entrenamiento
11831,prueba
11832,entrenamiento
11833,entrenamiento
11834,entrenamiento
11835,entrenamiento
11836,entrenamiento
11837,validacion
11838,entrenamiento
11839,entrenamiento
11840,prueba
11841,entrenamiento
11842,entrenamiento
11843,prueba
11844,prueba
11845,entrenamiento
11846,entrenamiento
11847,entrenamiento
11848,entrenamiento
11849,validacion
11850,entrenamiento
11851,prueba
11852,entrenamiento
11853,entrenamiento
11854,prueba
11855,entrenamiento
11856,validacion
11857,entrenamiento
11858,prueba
11859,prueba
11860,entrenamiento
11861,entrenamiento
11862,prueba
11863,entrenamiento
11864,validacion
11865,validacion
11866,entrenamiento
11867,entrenamiento
11868,entrenamiento
11869,entrenamiento
11870,prueba
11871,entrenamiento
11872,entrenamiento
11873,entrenamiento
11874,validacion
11875,entrenamiento
11876,entrenamiento
11877,entrenamiento
11878,prueba
11879,validacion
11880,entrenamiento
11881,prueba
11882,validacion
11883,validacion
11884,prueba
11885,entrenamiento
11886,entrenamiento
11887,entrenamiento
11888,prueba
11889,prueba
11890,prueba
11891,entrenamiento
11892,prueba
11893,entrenamiento
11894,entrenamiento
11895,prueba
11896,entrenamiento
11897,entrenamiento
11898,prueba
11899,entrenamiento
11900,entrenamiento
11901,entrenamiento
11902,entrenamiento
11903,prueba
11904,prueba
11905,prueba
11906,validacion
11907,prueba
11908,prueba
11909,validacion
11910,validacion
11911,entrenamiento
11912,entrenamiento
11913,entrenamiento
11914,entrenamiento
11915,entrenamiento
11916,entrenamiento
11917,prueba
11918,prueba
11919,entrenamiento
11920,entrenamiento
11921,entrenamiento
11922,entrenamiento
11923,entrenamiento
11924,entrenamiento
11925,entrenamiento
11926,validacion
11927,prueba
11928,entrenamiento
11929,validacion
11930,prueba
11931,entrenamiento
11932,entrenamiento
11933,entrenamiento
11934,entrenamiento
11935,entrenamiento
11936,entrenamiento
11937,entrenamiento
11938,entrenamiento
11939,entrenamiento
11940,entrenamiento
11941,entrenamiento
11942,prueba
11943,entrenamiento
11944,validacion
11945,prueba
11946,prueba
11947,validacion
11948,entrenamiento
11949,entrenamiento
11950,prueba
11951,entrenamiento
11952,entrenamiento
11953,entrenamiento
11954,entrenamiento
11955,entrenamiento
11956,entrenamiento
11957,validacion
11958,validacion
11959,prueba
11960,validacion
11961,validacion
11962,entrenamiento
11963,prueba
11964,entrenamiento
11965,validacion
11966,validacion
11967,entrenamiento
11968,entrenamiento
11969,entrenamiento
11970,entrenamiento
11971,entrenamiento
11972,entrenamiento
11973,entrenamiento
11974,validacion
11975,entrenamiento
11976,entrenamiento
11977,entrenamiento
11978,entrenamiento
11979,entrenamiento
11980,entrenamiento
11981,validacion
11982,validacion
11983,entrenamiento
11984,prueba
11985,entrenamiento
11986,prueba
11987,validacion
11988,entrenamiento
11989,validacion
11990,validacion
11991,prueba
11992,entrenamiento
11993,validacion
11994,entrenamiento
11995,entrenamiento
11996,prueba
11997,entrenamiento
11998,entrenamiento
11999,prueba
12000,entrenamiento
12001,entrenamiento
12002,entrenamiento
12003,entrenamiento
12004,entrenamiento
12005,entrenamiento
12006,entrenamiento
12007,validacion
12008,entrenamiento
12009,entrenamiento
12010,entrenamiento
12011,entrenamiento
12012,entrenamiento
12013,entrenamiento
12014,entrenamiento
12015,validacion
12016,entrenamiento
12017,entrenamiento
12018,entrenamiento
12019,prueba
12020,entrenamiento
12021,entrenamiento
12022,entrenamiento
12023,validacion
12024,validacion
12025,entrenamiento
12026,entrenamiento
12027,entrenamiento
12028,entrenamiento
12029,entrenamiento
12030,entrenamiento
12031,entrenamiento
12032,entrenamiento
12033,entrenamiento
12034,entrenamiento
12035,validacion
12036,validacion
12037,entrenamiento
12038,validacion
12039,entrenamiento
12040,prueba
12041,entrenamiento
12042,prueba
12043,validacion
12044,entrenamiento
12045,validacion
12046,entrenamiento
12047,entrenamiento
12048,entrenamiento
12049,entrenamiento
12050,entrenamiento
12051,entrenamiento
12052,prueba
12053,entrenamiento
12054,entrenamiento
12055,entrenamiento
12056,validacion
12057,prueba
12058,validacion
12059,prueba
12060,entrenamiento
12061,prueba
12062,entrenamiento
12063,entrenamiento
12064,entrenamiento
12065,prueba
12066,entrenamiento
12067,validacion
12068,entrenamiento
12069,entrenamiento
12070,prueba
12071,entrenamiento
12072,prueba
12073,validacion
12074,prueba
12075,prueba
12076,entrenamiento
12077,validacion
12078,entrenamiento
12079,entrenamiento
12080,entrenamiento
12081,entrenamiento
12082,entrenamiento
12083,entrenamiento
12084,entrenamiento
12085,entrenamiento
12086,entrenamiento
12087,entrenamiento
12088,entrenamiento
12089,entrenamiento
12090,validacion
12091,validacion
12092,validacion
12093,entrenamiento
12094,validacion
12095,entrenamiento
12096,prueba
12097,entrenamiento
12098,prueba
12099,entrenamiento
12100,entrenamiento
12101,entrenamiento
12102,prueba
12103,entrenamiento
12104,entrenamiento
12105,entrenamiento
12106,entrenamiento
12107,prueba
12108,entrenamiento
12109,entrenamiento
12110,prueba
12111,entrenamiento
12112,entrenamiento
12113,entrenamiento
12114,entrenamiento
12115,validacion
12116,entrenamiento
12117,validacion
12118,entrenamiento
12119,entrenamiento
12120,entrenamiento
12121,entrenamiento
12122,prueba
12123,prueba
12124,entrenamiento
12125,entrenamiento
12126,prueba
12127,entrenamiento
12128,entrenamiento
12129,prueba
12130,entrenamiento
12131,prueba
12132,entrenamiento
12133,entrenamiento
12134,validacion
12135,entrenamiento
12136,entrenamiento
12137,prueba
12138,entrenamiento
12139,entrenamiento
12140,entrenamiento
12141,entrenamiento
12142,entrenamiento
12143,prueba
12144,entrenamiento
12145,entrenamiento
12146,validacion
12147,entrenamiento
12148,entrenamiento
12149,entrenamiento
12150,entrenamiento
12151,entrenamiento
12152,entrenamiento
12153,validacion
12154,entrenamiento
12155,prueba
12156,entrenamiento
12157,entrenamiento
12158,entrenamiento
12159,prueba
12160,entrenamiento
12161,validacion
12162,entrenamiento
12163,validacion
12164,entrenamiento
12165,entrenamiento
12166,prueba
12167,entrenamiento
12168,prueba
12169,entrenamiento
12170,entrenamiento
12171,entrenamiento
12172,entrenamiento
12173,entrenamiento
12174,entrenamiento
12175,entrenamiento
12176,validacion
12177,entrenamiento
12178,entrenamiento
12179,entrenamiento
12180,entrenamiento
12181,entrenamiento
12182,entrenamiento
12183,validacion
12184,entrenamiento
12185,entrenamiento
12186,entrenamiento
12187,prueba
12188,validacion
12189,prueba
12190,entrenamiento
12191,prueba
12192,entrenamiento
12193,prueba
12194,entrenamiento
12195,entrenamiento
12196,entrenamiento
12197,prueba
12198,prueba
12199,entrenamiento
12200,prueba
12201,entrenamiento
12202,entrenamiento
12203,entrenamiento
12204,entrenamiento
12205,entrenamiento
12206,entrenamiento
12207,entrenamiento
12208,entrenamiento
12209,entrenamiento
12210,prueba
12211,entrenamiento
12212,entrenamiento
12213,prueba
12214,prueba
12215,entrenamiento
12216,validacion
12217,entrenamiento
12218,entrenamiento
12219,validacion
12220,entrenamiento
12221,entrenamiento
12222,entrenamiento
12223,entrenamiento
12224,prueba
12225,entrenamiento
12226,entrenamiento
12227,validacion
12228,entrenamiento
12229,validacion
12230,entrenamiento
12231,prueba
12232,validacion
12233,entrenamiento
12234,entrenamiento
12235,prueba
12236,prueba
12237,entrenamiento
12238,entrenamiento
12239,prueba
12240,entrenamiento
12241,entrenamiento
12242,prueba
12243,prueba
12244,prueba
12245,validacion
12246,entrenamiento
12247,entrenamiento
12248,entrenamiento
12249,entrenamiento
12250,entrenamiento
12251,validacion
12252,validacion
12253,entrenamiento
12254,validacion
12255,entrenamiento
12256,prueba
12257,entrenamiento
12258,prueba
12259,entrenamiento
12260,prueba
12261,entrenamiento
12262,entrenamiento
12263,entrenamiento
12264,entrenamiento
12265,entrenamiento
12266,entrenamiento
12267,entrenamiento
12268,entrenamiento
12269,prueba
12270,entrenamiento
12271,entrenamiento
12272,entrenamiento
12273,entrenamiento
12274,entrenamiento
12275,entrenamiento
12276,entrenamiento
12277,entrenamiento
12278,entrenamiento
12279,entrenamiento
12280,entrenamiento
12281,entrenamiento
12282,validacion
12283,prueba
12284,entrenamiento
12285,entrenamiento
12286,entrenamiento
12287,entrenamiento
12288,prueba
12289,entrenamiento
12290,entrenamiento
12291,validacion
12292,entrenamiento
12293,prueba
12294,entrenamiento
12295,prueba
12296,prueba
12297,entrenamiento
12298,entrenamiento
12299,prueba
12300,prueba
12301,entrenamiento
12302,validacion
12303,prueba
12304,entrenamiento
12305,validacion
12306,entrenamiento
12307,validacion
12308,validacion
12309,prueba
12310,prueba
12311,entrenamiento
12312,entrenamiento
12313,prueba
12314,prueba
12315,entrenamiento
12316,prueba
12317,prueba
12318,entrenamiento
12319,validacion
12320,entrenamiento
12321,entrenamiento
12322,prueba
12323,entrenamiento
12324,prueba
12325,entrenamiento
12326,entrenamiento
12327,entrenamiento
12328,prueba
12329,entrenamiento
12330,entrenamiento
12331,entrenamiento
12332,entrenamiento
12333,validacion
12334,entrenamiento
12335,entrenamiento
12336,entrenamiento
12337,entrenamiento
12338,entrenamiento
12339,entrenamiento
12340,prueba
12341,entrenamiento
12342,entrenamiento
12343,entrenamiento
12344,entrenamiento
12345,validacion
12346,entrenamiento
12347,entrenamiento
12348,prueba
12349,validacion
12350,prueba
12351,entrenamiento
12352,prueba
12353,prueba
12354,entrenamiento
12355,entrenamiento
12356,entrenamiento
12357,prueba
12358,entrenamiento
12359,entrenamiento
12360,prueba
12361,entrenamiento
12362,entrenamiento
12363,entrenamiento
12364,prueba
12365,entrenamiento
12366,validacion
12367,entrenamiento
12368,entrenamiento
12369,validacion
12370,entrenamiento
12371,validacion
12372,entrenamiento
12373,entrenamiento
12374,entrenamiento
12375,entrenamiento
12376,validacion
12377,entrenamiento
12378,entrenamiento
12379,entrenamiento
12380,entrenamiento
12381,entrenamiento
12382,entrenamiento
12383,validacion
12384,prueba
12385,validacion
12386,entrenamiento
12387,entrenamiento
12388,prueba
12389,entrenamiento
12390,entrenamiento
12391,entrenamiento
12392,prueba
12393,entrenamiento
12394,entrenamiento
12395,entrenamiento
12396,prueba
12397,entrenamiento
12398,entrenamiento
12399,prueba
12400,validacion
12401,validacion
12402,prueba
12403,validacion
12404,validacion
12405,validacion
12406,entrenamiento
12407,entrenamiento
12408,entrenamiento
12409,entrenamiento
12410,entrenamiento
12411,validacion
12412,entrenamiento
12413,entrenamiento
12414,entrenamiento
12415,entrenamiento
12416,entrenamiento
12417,entrenamiento
12418,validacion
12419,entrenamiento
12420,prueba
12421,entrenamiento
12422,validacion
12423,prueba
12424,entrenamiento
12425,entrenamiento
12426,entrenamiento
12427,entrenamiento
12428,entrenamiento
12429,entrenamiento
12430,entrenamiento
12431,entrenamiento
12432,entrenamiento
12433,entrenamiento
12434,prueba
12435,prueba
12436,prueba
12437,entrenamiento
12438,entrenamiento
12439,entrenamiento
12440,prueba
12441,entrenamiento
12442,entrenamiento
12443,prueba
12444,entrenamiento
12445,prueba
12446,prueba
12447,entrenamiento
12448,entrenamiento
12449,entrenamiento
12450,entrenamiento
12451,validacion
12452,entrenamiento
12453,entrenamiento
12454,entrenamiento
12455,validacion
12456,validacion
12457,prueba
12458,entrenamiento
12459,entrenamiento
12460,entrenamiento
12461,entrenamiento
12462,entrenamiento
12463,entrenamiento
12464,entrenamiento
12465,entrenamiento
12466,entrenamiento
12467,entrenamiento
12468,entrenamiento
12469,entrenamiento
12470,entrenamiento
12471,entrenamiento
12472,prueba
12473,entrenamiento
12474,entrenamiento
12475,entrenamiento
12476,entrenamiento
12477,entrenamiento
12478,prueba
12479,validacion
12480,entrenamiento
12481,entrenamiento
12482,validacion
12483,prueba
12484,entrenamiento
12485,validacion
12486,prueba
12487,entrenamiento
12488,prueba
12489,entrenamiento
12490,validacion
12491,entrenamiento
12492,entrenamiento
12493,entrenamiento
12494,prueba
12495,entrenamiento
12496,entrenamiento
12497,validacion
12498,entrenamiento
12499,entrenamiento
12500,entrenamiento
12501,entrenamiento
12502,entrenamiento
12503,entrenamiento
12504,entrenamiento
12505,entrenamiento
12506,entrenamiento
12507,prueba
12508,prueba
12509,entrenamiento
12510,entrenamiento
12511,entrenamiento
12512,entrenamiento
12513,entrenamiento
12514,entrenamiento
12515,entrenamiento
12516,validacion
12517,entrenamiento
12518,validacion
12519,entrenamiento
12520,entrenamiento
12521,validacion
12522,prueba
12523,entrenamiento
12524,validacion
12525,entrenamiento
12526,validacion
12527,entrenamiento
12528,entrenamiento
12529,entrenamiento
12530,validacion
12531,entrenamiento
12532,prueba
12533,entrenamiento
12534,entrenamiento
12535,entrenamiento
12536,entrenamiento
12537,entrenamiento
12538,entrenamiento
12539,entrenamiento
12540,prueba
12541,entrenamiento
12542,entrenamiento
12543,entrenamiento
12544,validacion
12545,prueba
12546,entrenamiento
12547,validacion
12548,entrenamiento
12549,entrenamiento
12550,entrenamiento
12551,validacion
12552,prueba
12553,prueba
12554,entrenamiento
12555,entrenamiento
12556,entrenamiento
12557,prueba
12558,entrenamiento
12559,prueba
12560,entrenamiento
12561,entrenamiento
12562,entrenamiento
12563,entrenamiento
12564,validacion
12565,entrenamiento
12566,validacion
12567,entrenamiento
12568,entrenamiento
12569,validacion
12570,validacion
12571,entrenamiento
12572,prueba
12573,entrenamiento
12574,prueba
12575,prueba
12576,prueba
12577,validacion
12578,entrenamiento
12579,validacion
12580,prueba
12581,entrenamiento
12582,prueba
12583,prueba
12584,entrenamiento
12585,entrenamiento
12586,validacion
12587,prueba
12588,entrenamiento
12589,entrenamiento
12590,validacion
12591,entrenamiento
12592,entrenamiento
12593,entrenamiento
12594,prueba
12595,prueba
12596,entrenamiento
12597,validacion
12598,entrenamiento
12599,validacion
12600,prueba
12601,entrenamiento
12602,validacion
12603,entrenamiento
12604,entrenamiento
12605,entrenamiento
12606,prueba
12607,entrenamiento
12608,prueba
12609,entrenamiento
12610,prueba
12611,entrenamiento
12612,entrenamiento
12613,entrenamiento
12614,validacion
12615,entrenamiento
12616,entrenamiento
12617,entrenamiento
12618,entrenamiento
12619,entrenamiento
12620,entrenamiento
12621,entrenamiento
12622,validacion
12623,prueba
12624,validacion
12625,entrenamiento
12626,entrenamiento
12627,prueba
12628,entrenamiento
12629,prueba
12630,entrenamiento
12631,entrenamiento
12632,entrenamiento
12633,prueba
12634,entrenamiento
12635,entrenamiento
12636,entrenamiento
12637,entrenamiento
12638,validacion
12639,prueba
12640,entrenamiento
12641,validacion
12642,entrenamiento
12643,validacion
12644,entrenamiento
12645,validacion
12646,entrenamiento
12647,entrenamiento
12648,entrenamiento
12649,validacion
12650,entrenamiento
12651,entrenamiento
12652,entrenamiento
12653,validacion
12654,entrenamiento
12655,entrenamiento
12656,entrenamiento
12657,entrenamiento
12658,prueba
12659,entrenamiento
12660,entrenamiento
12661,entrenamiento
12662,entrenamiento
12663,entrenamiento
12664,entrenamiento
12665,entrenamiento
12666,entrenamiento
12667,entrenamiento
12668,entrenamiento
12669,entrenamiento
12670,prueba
12671,entrenamiento
12672,entrenamiento
12673,prueba
12674,entrenamiento
12675,entrenamiento
12676,entrenamiento
12677,prueba
12678,entrenamiento
12679,entrenamiento
12680,entrenamiento
12681,entrenamiento
12682,validacion
12683,entrenamiento
12684,prueba
12685,validacion
12686,entrenamiento
12687,entrenamiento
12688,entrenamiento
12689,validacion
12690,entrenamiento
12691,entrenamiento
12692,prueba
12693,validacion
12694,entrenamiento
12695,entrenamiento
12696,entrenamiento
12697,prueba
12698,entrenamiento
12699,entrenamiento
12700,entrenamiento
12701,prueba
12702,entrenamiento
12703,entrenamiento
12704,entrenamiento
12705,prueba
12706,entrenamiento
12707,entrenamiento
12708,entrenamiento
12709,prueba
12710,entrenamiento
12711,entrenamiento
12712,validacion
12713,entrenamiento
12714,entrenamiento
12715,entrenamiento
12716,entrenamiento
12717,entrenamiento
12718,entrenamiento
12719,entrenamiento
12720,entrenamiento
12721,entrenamiento
12722,entrenamiento
12723,entrenamiento
12724,entrenamiento
12725,entrenamiento
12726,prueba
12727,entrenamiento
12728,prueba
12729,prueba
12730,entrenamiento
12731,entrenamiento
12732,entrenamiento
12733,entrenamiento
12734,entrenamiento
12735,entrenamiento
12736,validacion
12737,entrenamiento
12738,entrenamiento
12739,prueba
12740,prueba
12741,prueba
12742,validacion
12743,entrenamiento
12744,entrenamiento
12745,entrenamiento
12746,entrenamiento
12747,entrenamiento
12748,entrenamiento
12749,entrenamiento
12750,entrenamiento
12751,entrenamiento
12752,entrenamiento
12753,entrenamiento
12754,validacion
12755,prueba
12756,entrenamiento
12757,validacion
12758,prueba
12759,prueba
12760,prueba
12761,entrenamiento
12762,entrenamiento
12763,entrenamiento
12764,entrenamiento
12765,prueba
12766,prueba
12767,prueba
12768,validacion
12769,prueba
12770,entrenamiento
12771,validacion
12772,validacion
12773,entrenamiento
12774,entrenamiento
12775,prueba
12776,entrenamiento
12777,prueba
12778,entrenamiento
12779,entrenamiento
12780,entrenamiento
12781,entrenamiento
12782,entrenamiento
12783,entrenamiento
12784,validacion
12785,validacion
12786,entrenamiento
12787,entrenamiento
12788,entrenamiento
12789,entrenamiento
12790,entrenamiento
12791,entrenamiento
12792,entrenamiento
12793,entrenamiento
12794,entrenamiento
12795,entrenamiento
12796,entrenamiento
12797,entrenamiento
12798,entrenamiento
12799,prueba
12800,entrenamiento
12801,entrenamiento
12802,entrenamiento
12803,entrenamiento
12804,entrenamiento
12805,entrenamiento
12806,entrenamiento
12807,prueba
12808,entrenamiento
12809,entrenamiento
12810,entrenamiento
12811,entrenamiento
12812,entrenamiento
12813,entrenamiento
12814,entrenamiento
12815,entrenamiento
12816,entrenamiento
12817,entrenamiento
12818,entrenamiento
12819,entrenamiento
12820,entrenamiento
12821,validacion
12822,entrenamiento
12823,entrenamiento
12824,prueba
12825,entrenamiento
12826,prueba
12827,prueba
12828,prueba
12829,validacion
12830,entrenamiento
12831,validacion
12832,validacion
12833,entrenamiento
12834,entrenamiento
12835,entrenamiento
12836,entrenamiento
12837,validacion
12838,entrenamiento
12839,entrenamiento
12840,validacion
12841,entrenamiento
12842,prueba
12843,entrenamiento
12844,prueba
12845,entrenamiento
12846,prueba
12847,entrenamiento
12848,prueba
12849,entrenamiento
12850,entrenamiento
12851,entrenamiento
12852,entrenamiento
12853,entrenamiento
12854,validacion
12855,validacion
12856,validacion
12857,entrenamiento
12858,entrenamiento
12859,entrenamiento
12860,entrenamiento
12861,validacion
12862,entrenamiento
12863,prueba
12864,prueba
12865,entrenamiento
12866,entrenamiento
12867,entrenamiento
12868,validacion
12869,prueba
12870,entrenamiento
12871,entrenamiento
12872,entrenamiento
12873,entrenamiento
12874,prueba
12875,entrenamiento
12876,entrenamiento
12877,entrenamiento
12878,prueba
12879,entrenamiento
12880,entrenamiento
12881,entrenamiento
12882,entrenamiento
12883,entrenamiento
12884,entrenamiento
12885,prueba
12886,entrenamiento
12887,entrenamiento
12888,entrenamiento
12889,entrenamiento
12890,prueba
12891,entrenamiento
12892,entrenamiento
12893,entrenamiento
12894,entrenamiento
12895,prueba
12896,prueba
12897,entrenamiento
12898,entrenamiento
12899,entrenamiento
12900,prueba
12901,entrenamiento
12902,entrenamiento
12903,validacion
12904,entrenamiento
12905,entrenamiento
12906,validacion
12907,validacion
12908,entrenamiento
12909,entrenamiento
12910,prueba
12911,entrenamiento
12912,entrenamiento
12913,entrenamiento
12914,entrenamiento
12915,entrenamiento
12916,entrenamiento
12917,entrenamiento
12918,entrenamiento
12919,entrenamiento
12920,entrenamiento
12921,validacion
12922,entrenamiento
12923,entrenamiento
12924,entrenamiento
12925,entrenamiento
12926,validacion
12927,validacion
12928,prueba
12929,prueba
12930,entrenamiento
12931,entrenamiento
12932,prueba
12933,entrenamiento
12934,entrenamiento
12935,prueba
12936,entrenamiento
12937,entrenamiento
12938,validacion
12939,validacion
12940,entrenamiento
12941,validacion
12942,entrenamiento
12943,entrenamiento
12944,validacion
12945,entrenamiento
12946,entrenamiento
12947,entrenamiento
12948,prueba
12949,validacion
12950,validacion
12951,validacion
12952,entrenamiento
12953,entrenamiento
12954,prueba
12955,validacion
12956,validacion
12957,entrenamiento
12958,validacion
12959,entrenamiento
12960,prueba
12961,entrenamiento
12962,entrenamiento
12963,entrenamiento
12964,entrenamiento
12965,entrenamiento
12966,validacion
12967,entrenamiento
12968,entrenamiento
12969,entrenamiento
12970,validacion
12971,prueba
12972,entrenamiento
12973,entrenamiento
12974,validacion
12975,entrenamiento
12976,entrenamiento
12977,validacion
12978,entrenamiento
12979,validacion
12980,entrenamiento
12981,entrenamiento
12982,prueba
12983,entrenamiento
12984,entrenamiento
12985,entrenamiento
12986,entrenamiento
12987,entrenamiento
12988,validacion
12989,validacion
12990,entrenamiento
12991,entrenamiento
12992,prueba
12993,entrenamiento
12994,entrenamiento
12995,entrenamiento
12996,prueba
12997,entrenamiento
12998,entrenamiento
12999,entrenamiento
13000,entrenamiento
13001,entrenamiento
13002,entrenamiento
13003,validacion
13004,validacion
13005,entrenamiento
13006,validacion
13007,entrenamiento
13008,prueba
13009,prueba
13010,entrenamiento
13011,entrenamiento
13012,entrenamiento
13013,entrenamiento
13014,entrenamiento
13015,prueba
13016,entrenamiento
13017,validacion
13018,entrenamiento
13019,entrenamiento
13020,entrenamiento
13021,entrenamiento
13022,validacion
13023,prueba
13024,prueba
13025,prueba
13026,entrenamiento
13027,validacion
13028,entrenamiento
13029,prueba
13030,entrenamiento
13031,entrenamiento
13032,entrenamiento
13033,prueba
13034,entrenamiento
13035,entrenamiento
13036,entrenamiento
13037,entrenamiento
13038,entrenamiento
13039,prueba
13040,entrenamiento
13041,entrenamiento
13042,entrenamiento
13043,entrenamiento
13044,validacion
13045,entrenamiento
13046,entrenamiento
13047,entrenamiento
13048,entrenamiento
13049,entrenamiento
13050,entrenamiento
13051,prueba
13052,entrenamiento
13053,entrenamiento
13054,entrenamiento
13055,prueba
13056,entrenamiento
13057,entrenamiento
13058,entrenamiento
13059,entrenamiento
13060,entrenamiento
13061,entrenamiento
13062,prueba
13063,entrenamiento
13064,entrenamiento
13065,entrenamiento
13066,prueba
13067,entrenamiento
13068,validacion
13069,entrenamiento
13070,entrenamiento
13071,validacion
13072,entrenamiento
13073,entrenamiento
13074,entrenamiento
13075,validacion
13076,entrenamiento
13077,entrenamiento
13078,prueba
13079,prueba
13080,entrenamiento
13081,entrenamiento
13082,validacion
13083,entrenamiento
13084,validacion
13085,entrenamiento
13086,validacion
13087,entrenamiento
13088,entrenamiento
13089,validacion
13090,entrenamiento
13091,entrenamiento
13092,validacion
13093,entrenamiento
13094,entrenamiento
13095,prueba
13096,entrenamiento
13097,validacion
13098,entrenamiento
13099,entrenamiento
13100,validacion
13101,entrenamiento
13102,validacion
13103,entrenamiento
13104,entrenamiento
13105,entrenamiento
13106,prueba
13107,entrenamiento
13108,entrenamiento
13109,entrenamiento
13110,prueba
13111,entrenamiento
13112,entrenamiento
13113,entrenamiento
13114,validacion
13115,entrenamiento
13116,entrenamiento
13117,entrenamiento
13118,entrenamiento
13119,entrenamiento
13120,entrenamiento
13121,validacion
13122,validacion
13123,validacion
13124,prueba
13125,entrenamiento
13126,prueba
13127,entrenamiento
13128,entrenamiento
13129,validacion
13130,entrenamiento
13131,validacion
13132,entrenamiento
13133,entrenamiento
13134,entrenamiento
13135,validacion
13136,prueba
13137,entrenamiento
13138,prueba
13139,entrenamiento
13140,entrenamiento
13141,entrenamiento
13142,entrenamiento
13143,prueba
13144,entrenamiento
13145,prueba
13146,entrenamiento
13147,entrenamiento
13148,validacion
13149,entrenamiento
13150,prueba
13151,prueba
13152,validacion
13153,entrenamiento
13154,entrenamiento
13155,entrenamiento
13156,entrenamiento
13157,entrenamiento
13158,entrenamiento
13159,entrenamiento
13160,entrenamiento
13161,prueba
13162,entrenamiento
13163,entrenamiento
13164,entrenamiento
13165,prueba
13166,prueba
13167,entrenamiento
13168,entrenamiento
13169,entrenamiento
13170,entrenamiento
13171,entrenamiento
13172,entrenamiento
13173,entrenamiento
13174,entrenamiento
13175,entrenamiento
13176,entrenamiento
13177,entrenamiento
13178,entrenamiento
13179,entrenamiento
13180,entrenamiento
13181,entrenamiento
13182,prueba
13183,entrenamiento
13184,validacion
13185,entrenamiento
13186,entrenamiento
13187,entrenamiento
13188,validacion
13189,entrenamiento
13190,entrenamiento
13191,validacion
13192,entrenamiento
13193,entrenamiento
13194,entrenamiento
13195,entrenamiento
13196,entrenamiento
13197,validacion
13198,entrenamiento
13199,validacion
13200,entrenamiento
13201,entrenamiento
13202,entrenamiento
13203,prueba
13204,prueba
13205,entrenamiento
13206,prueba
13207,entrenamiento
13208,validacion
13209,entrenamiento
13210,entrenamiento
13211,entrenamiento
13212,entrenamiento
13213,validacion
13214,prueba
13215,entrenamiento
13216,prueba
13217,entrenamiento
13218,validacion
13219,prueba
13220,prueba
13221,prueba
13222,entrenamiento
13223,entrenamiento
13224,validacion
13225,entrenamiento
13226,validacion
13227,prueba
13228,entrenamiento
13229,entrenamiento
13230,validacion
13231,entrenamiento
13232,prueba
13233,entrenamiento
13234,validacion
13235,entrenamiento
13236,validacion
13237,entrenamiento
13238,entrenamiento
13239,entrenamiento
13240,entrenamiento
13241,prueba
13242,entrenamiento
13243,prueba
13244,entrenamiento
13245,entrenamiento
13246,entrenamiento
13247,entrenamiento
13248,validacion
13249,validacion
13250,prueba
13251,entrenamiento
13252,entrenamiento
13253,entrenamiento
13254,entrenamiento
13255,prueba
13256,prueba
13257,prueba
13258,prueba
13259,prueba
13260,entrenamiento
13261,entrenamiento
13262,validacion
13263,prueba
13264,entrenamiento
13265,prueba
13266,prueba
13267,entrenamiento
13268,entrenamiento
13269,entrenamiento
13270,entrenamiento
13271,entrenamiento
13272,entrenamiento
13273,entrenamiento
13274,validacion
13275,entrenamiento
13276,entrenamiento
13277,entrenamiento
13278,entrenamiento
13279,prueba
13280,entrenamiento
13281,validacion
13282,entrenamiento
13283,entrenamiento
13284,entrenamiento
13285,prueba
13286,entrenamiento
13287,entrenamiento
13288,entrenamiento
13289,prueba
13290,prueba
13291,entrenamiento
13292,entrenamiento
13293,entrenamiento
13294,prueba
13295,entrenamiento
13296,validacion
13297,entrenamiento
13298,entrenamiento
13299,entrenamiento
13300,entrenamiento
13301,entrenamiento
13302,validacion
13303,entrenamiento
13304,validacion
13305,entrenamiento
13306,entrenamiento
13307,entrenamiento
13308,validacion
13309,prueba
13310,validacion
13311,validacion
13312,entrenamiento
13313,entrenamiento
13314,prueba
13315,prueba
13316,validacion
13317,entrenamiento
13318,entrenamiento
13319,entrenamiento
13320,prueba
13321,validacion
13322,entrenamiento
13323,entrenamiento
13324,entrenamiento
13325,entrenamiento
13326,prueba
13327,entrenamiento
13328,prueba
13329,entrenamiento
13330,entrenamiento
13331,entrenamiento
13332,validacion
13333,entrenamiento
13334,entrenamiento
13335,entrenamiento
13336,entrenamiento
13337,entrenamiento
13338,prueba
13339,entrenamiento
13340,entrenamiento
13341,entrenamiento
13342,prueba
13343,entrenamiento
13344,validacion
13345,entrenamiento
13346,entrenamiento
13347,entrenamiento
13348,entrenamiento
13349,validacion
13350,prueba
13351,entrenamiento
13352,entrenamiento
13353,entrenamiento
13354,prueba
13355,entrenamiento
13356,entrenamiento
13357,prueba
13358,entrenamiento
13359,entrenamiento
13360,entrenamiento
13361,entrenamiento
13362,entrenamiento
13363,prueba
13364,entrenamiento
13365,entrenamiento
13366,entrenamiento
13367,entrenamiento
13368,validacion
13369,entrenamiento
13370,validacion
13371,entrenamiento
13372,entrenamiento
13373,prueba
13374,validacion
13375,entrenamiento
13376,validacion
13377,entrenamiento
13378,prueba
13379,validacion
13380,entrenamiento
13381,prueba
13382,prueba
13383,prueba
13384,entrenamiento
13385,validacion
13386,prueba
13387,prueba
13388,prueba
13389,entrenamiento
13390,entrenamiento
13391,entrenamiento
13392,entrenamiento
13393,entrenamiento
13394,entrenamiento
13395,entrenamiento
13396,entrenamiento
13397,entrenamiento
13398,entrenamiento
13399,prueba
13400,entrenamiento
13401,validacion
13402,prueba
13403,validacion
13404,entrenamiento
13405,entrenamiento
13406,entrenamiento
13407,prueba
13408,prueba
13409,entrenamiento
13410,entrenamiento
13411,entrenamiento
13412,entrenamiento
13413,prueba
13414,entrenamiento
13415,entrenamiento
13416,entrenamiento
13417,entrenamiento
13418,entrenamiento
13419,entrenamiento
13420,prueba
13421,entrenamiento
13422,entrenamiento
13423,prueba
13424,entrenamiento
13425,entrenamiento
13426,validacion
13427,validacion
13428,entrenamiento
13429,entrenamiento
13430,entrenamiento
13431,entrenamiento
13432,entrenamiento
13433,entrenamiento
13434,entrenamiento
13435,entrenamiento
13436,validacion
13437,entrenamiento
13438,validacion
13439,entrenamiento
13440,validacion
13441,entrenamiento
13442,entrenamiento
13443,entrenamiento
13444,validacion
13445,entrenamiento
13446,entrenamiento
13447,validacion
13448,entrenamiento
13449,prueba
13450,entrenamiento
13451,prueba
13452,entrenamiento
13453,entrenamiento
13454,entrenamiento
13455,entrenamiento
13456,entrenamiento
13457,entrenamiento
13458,entrenamiento
13459,entrenamiento
13460,entrenamiento
13461,entrenamiento
13462,validacion
13463,entrenamiento
13464,validacion
13465,entrenamiento
13466,prueba
13467,entrenamiento
13468,entrenamiento
13469,entrenamiento
13470,validacion
13471,entrenamiento
13472,entrenamiento
13473,prueba
13474,entrenamiento
13475,prueba
13476,prueba
13477,entrenamiento
13478,entrenamiento
13479,validacion
13480,prueba
13481,entrenamiento
13482,entrenamiento
13483,validacion
13484,prueba
13485,validacion
13486,entrenamiento
13487,entrenamiento
13488,entrenamiento
13489,validacion
13490,entrenamiento
13491,entrenamiento
13492,prueba
13493,entrenamiento
13494,entrenamiento
13495,entrenamiento
13496,entrenamiento
13497,prueba
13498,entrenamiento
13499,entrenamiento
13500,entrenamiento
13501,entrenamiento
13502,entrenamiento
13503,entrenamiento
13504,entrenamiento
13505,entrenamiento
13506,entrenamiento
13507,prueba
13508,prueba
13509,entrenamiento
13510,entrenamiento
13511,entrenamiento
13512,prueba
13513,validacion
13514,validacion
13515,entrenamiento
13516,prueba
13517,entrenamiento
13518,entrenamiento
13519,entrenamiento
13520,prueba
13521,entrenamiento
13522,entrenamiento
13523,validacion
13524,entrenamiento
13525,entrenamiento
13526,entrenamiento
13527,validacion
13528,validacion
13529,entrenamiento
13530,entrenamiento
13531,prueba
13532,prueba
13533,entrenamiento
13534,entrenamiento
13535,entrenamiento
13536,entrenamiento
13537,entrenamiento
13538,entrenamiento
13539,validacion
13540,validacion
13541,prueba
13542,validacion
13543,entrenamiento
13544,entrenamiento
13545,entrenamiento
13546,entrenamiento
13547,entrenamiento
13548,prueba
13549,entrenamiento
13550,prueba
13551,entrenamiento
13552,entrenamiento
13553,prueba
13554,validacion
13555,entrenamiento
13556,entrenamiento
13557,entrenamiento
13558,prueba
13559,prueba
13560,entrenamiento
13561,prueba
13562,entrenamiento
13563,entrenamiento
13564,entrenamiento
13565,entrenamiento
13566,entrenamiento
13567,entrenamiento
13568,entrenamiento
13569,entrenamiento
13570,entrenamiento
13571,entrenamiento
13572,entrenamiento
13573,entrenamiento
13574,entrenamiento
13575,prueba
13576,entrenamiento
13577,entrenamiento
13578,entrenamiento
13579,entrenamiento
13580,entrenamiento
13581,entrenamiento
13582,validacion
13583,entrenamiento
13584,entrenamiento
13585,entrenamiento
13586,entrenamiento
13587,entrenamiento
13588,entrenamiento
13589,prueba
13590,prueba
13591,entrenamiento
13592,entrenamiento
13593,entrenamiento
13594,prueba
13595,validacion
13596,validacion
13597,entrenamiento
13598,entrenamiento
13599,validacion
13600,entrenamiento
13601,entrenamiento
13602,entrenamiento
13603,entrenamiento
13604,entrenamiento
13605,entrenamiento
13606,entrenamiento
13607,entrenamiento
13608,entrenamiento
13609,entrenamiento
13610,entrenamiento
13611,prueba
13612,entrenamiento
13613,entrenamiento
13614,prueba
13615,entrenamiento
13616,entrenamiento
13617,entrenamiento
13618,validacion
13619,entrenamiento
13620,entrenamiento
13621,entrenamiento
13622,entrenamiento
13623,entrenamiento
13624,entrenamiento
13625,validacion
13626,entrenamiento
13627,entrenamiento
13628,entrenamiento
13629,validacion
13630,entrenamiento
13631,validacion
13632,entrenamiento
13633,validacion
13634,entrenamiento
13635,entrenamiento
13636,entrenamiento
13637,entrenamiento
13638,entrenamiento
13639,entrenamiento
13640,entrenamiento
13641,entrenamiento
13642,entrenamiento
13643,entrenamiento
13644,entrenamiento
13645,validacion
13646,entrenamiento
13647,entrenamiento
13648,validacion
13649,validacion
13650,entrenamiento
13651,validacion
13652,entrenamiento
13653,entrenamiento
13654,entrenamiento
13655,validacion
13656,entrenamiento
13657,entrenamiento
13658,entrenamiento
13659,entrenamiento
13660,prueba
13661,prueba
13662,validacion
13663,entrenamiento
13664,entrenamiento
13665,entrenamiento
13666,entrenamiento
13667,entrenamiento
13668,entrenamiento
13669,prueba
13670,entrenamiento
13671,entrenamiento
13672,entrenamiento
13673,validacion
13674,prueba
13675,validacion
13676,validacion
13677,entrenamiento
13678,entrenamiento
13679,entrenamiento
13680,entrenamiento
13681,entrenamiento
13682,prueba
13683,prueba
13684,entrenamiento
13685,entrenamiento
13686,entrenamiento
13687,entrenamiento
13688,entrenamiento
13689,entrenamiento
13690,validacion
13691,validacion
13692,entrenamiento
13693,entrenamiento
13694,entrenamiento
13695,entrenamiento
13696,entrenamiento
13697,entrenamiento
13698,entrenamiento
13699,validacion
13700,entrenamiento
13701,entrenamiento
13702,entrenamiento
13703,prueba
13704,validacion
13705,entrenamiento
13706,entrenamiento
13707,entrenamiento
13708,entrenamiento
13709,validacion
13710,validacion
13711,entrenamiento
13712,entrenamiento
13713,entrenamiento
13714,prueba
13715,prueba
13716,entrenamiento
13717,prueba
13718,entrenamiento
13719,entrenamiento
13720,entrenamiento
13721,entrenamiento
13722,entrenamiento
13723,entrenamiento
13724,validacion
13725,validacion
13726,validacion
13727,entrenamiento
13728,entrenamiento
13729,prueba
13730,entrenamiento
13731,validacion
13732,validacion
13733,entrenamiento
13734,validacion
13735,entrenamiento
13736,validacion
13737,entrenamiento
13738,entrenamiento
13739,entrenamiento
13740,entrenamiento
13741,prueba
13742,entrenamiento
13743,entrenamiento
13744,prueba
13745,validacion
13746,entrenamiento
13747,prueba
13748,entrenamiento
13749,validacion
13750,entrenamiento
13751,prueba
13752,entrenamiento
13753,entrenamiento
13754,entrenamiento
13755,entrenamiento
13756,entrenamiento
13757,validacion
13758,entrenamiento
13759,entrenamiento
13760,prueba
13761,validacion
13762,entrenamiento
13763,entrenamiento
13764,entrenamiento
13765,entrenamiento
13766,entrenamiento
13767,prueba
13768,entrenamiento
13769,entrenamiento
13770,entrenamiento
13771,prueba
13772,prueba
13773,entrenamiento
13774,prueba
13775,prueba
13776,entrenamiento
13777,prueba
13778,prueba
13779,entrenamiento
13780,entrenamiento
13781,entrenamiento
13782,prueba
13783,entrenamiento
13784,validacion
13785,entrenamiento
13786,entrenamiento
13787,entrenamiento
13788,validacion
13789,entrenamiento
13790,entrenamiento
13791,entrenamiento
13792,entrenamiento
13793,validacion
13794,entrenamiento
13795,entrenamiento
13796,prueba
13797,entrenamiento
13798,entrenamiento
13799,entrenamiento
13800,entrenamiento
13801,entrenamiento
13802,entrenamiento
13803,entrenamiento
13804,validacion
13805,validacion
13806,entrenamiento
13807,prueba
13808,validacion
13809,prueba
13810,entrenamiento
13811,entrenamiento
13812,entrenamiento
13813,validacion
13814,prueba
13815,prueba
13816,entrenamiento
13817,entrenamiento
13818,entrenamiento
13819,entrenamiento
13820,entrenamiento
13821,entrenamiento
13822,entrenamiento
13823,entrenamiento
13824,entrenamiento
13825,validacion
13826,entrenamiento
13827,prueba
13828,validacion
13829,entrenamiento
13830,entrenamiento
13831,entrenamiento
13832,prueba
13833,entrenamiento
13834,entrenamiento
13835,entrenamiento
13836,entrenamiento
13837,validacion
13838,entrenamiento
13839,entrenamiento
13840,validacion
13841,prueba
13842,prueba
13843,entrenamiento
13844,entrenamiento
13845,entrenamiento
13846,prueba
13847,validacion
13848,entrenamiento
13849,prueba
13850,validacion
13851,entrenamiento
13852,entrenamiento
13853,prueba
13854,prueba
13855,entrenamiento
13856,entrenamiento
13857,prueba
13858,prueba
13859,entrenamiento
13860,entrenamiento
13861,entrenamiento
13862,entrenamiento
13863,prueba
13864,entrenamiento
13865,entrenamiento
13866,entrenamiento
13867,entrenamiento
13868,validacion
13869,entrenamiento
13870,prueba
13871,validacion
13872,entrenamiento
13873,prueba
13874,entrenamiento
13875,entrenamiento
13876,entrenamiento
13877,validacion
13878,entrenamiento
13879,entrenamiento
13880,entrenamiento
13881,entrenamiento
13882,entrenamiento
13883,entrenamiento
13884,entrenamiento
13885,entrenamiento
13886,entrenamiento
13887,entrenamiento
13888,entrenamiento
13889,entrenamiento
13890,entrenamiento
13891,prueba
13892,entrenamiento
13893,entrenamiento
13894,entrenamiento
13895,entrenamiento
13896,entrenamiento
13897,entrenamiento
13898,entrenamiento
13899,entrenamiento
13900,entrenamiento
13901,entrenamiento
13902,entrenamiento
13903,validacion
13904,entrenamiento
13905,entrenamiento
13906,validacion
13907,entrenamiento
13908,entrenamiento
13909,entrenamiento
13910,validacion
13911,entrenamiento
13912,entrenamiento
13913,entrenamiento
13914,entrenamiento
13915,validacion
13916,entrenamiento
13917,entrenamiento
13918,prueba
13919,entrenamiento
13920,entrenamiento
13921,entrenamiento
13922,prueba
13923,validacion
13924,entrenamiento
13925,entrenamiento
13926,entrenamiento
13927,entrenamiento
13928,validacion
13929,entrenamiento
13930,entrenamiento
13931,validacion
13932,entrenamiento
13933,entrenamiento
13934,validacion
13935,entrenamiento
13936,prueba
13937,prueba
13938,entrenamiento
13939,entrenamiento
13940,entrenamiento
13941,prueba
13942,validacion
13943,validacion
13944,entrenamiento
13945,validacion
13946,validacion
13947,entrenamiento
13948,entrenamiento
13949,validacion
13950,entrenamiento
13951,prueba
13952,entrenamiento
13953,entrenamiento
13954,entrenamiento
13955,entrenamiento
13956,entrenamiento
13957,entrenamiento
13958,prueba
13959,entrenamiento
13960,entrenamiento
13961,entrenamiento
13962,validacion
13963,entrenamiento
13964,prueba
13965,entrenamiento
13966,entrenamiento
13967,entrenamiento
13968,validacion
13969,entrenamiento
13970,entrenamiento
13971,entrenamiento
13972,validacion
13973,entrenamiento
13974,validacion
13975,prueba
13976,entrenamiento
13977,entrenamiento
13978,entrenamiento
13979,entrenamiento
13980,entrenamiento
13981,prueba
13982,entrenamiento
13983,validacion
13984,entrenamiento
13985,prueba
13986,validacion
13987,entrenamiento
13988,prueba
13989,entrenamiento
13990,prueba
13991,validacion
13992,prueba
13993,entrenamiento
13994,validacion
13995,validacion
13996,validacion
13997,entrenamiento
13998,validacion
13999,entrenamiento
14000,prueba
14001,entrenamiento
14002,entrenamiento
14003,entrenamiento
14004,entrenamiento
14005,entrenamiento
14006,entrenamiento
14007,entrenamiento
14008,entrenamiento
14009,entrenamiento
14010,entrenamiento
14011,entrenamiento
14012,entrenamiento
14013,entrenamiento
14014,entrenamiento
14015,entrenamiento
14016,entrenamiento
14017,validacion
14018,prueba
14019,prueba
14020,validacion
14021,entrenamiento
14022,entrenamiento
14023,entrenamiento
14024,entrenamiento
14025,entrenamiento
14026,validacion
14027,entrenamiento
14028,entrenamiento
14029,entrenamiento
14030,entrenamiento
14031,entrenamiento
14032,entrenamiento
14033,entrenamiento
14034,entrenamiento
14035,entrenamiento
14036,entrenamiento
14037,entrenamiento
14038,entrenamiento
14039,prueba
14040,validacion
14041,entrenamiento
14042,entrenamiento
14043,entrenamiento
14044,validacion
14045,prueba
14046,entrenamiento
14047,validacion
14048,entrenamiento
14049,prueba
14050,validacion
14051,entrenamiento
14052,prueba
14053,entrenamiento
14054,validacion
14055,entrenamiento
14056,entrenamiento
14057,entrenamiento
14058,validacion
14059,entrenamiento
14060,prueba
14061,entrenamiento
14062,validacion
14063,validacion
14064,entrenamiento
14065,entrenamiento
14066,entrenamiento
14067,entrenamiento
14068,entrenamiento
14069,entrenamiento
14070,entrenamiento
14071,prueba
14072,validacion
14073,prueba
14074,prueba
14075,prueba
14076,entrenamiento
14077,entrenamiento
14078,prueba
14079,entrenamiento
14080,prueba
14081,entrenamiento
14082,validacion
14083,entrenamiento
14084,entrenamiento
14085,entrenamiento
14086,entrenamiento
14087,entrenamiento
14088,entrenamiento
14089,entrenamiento
14090,entrenamiento
14091,validacion
14092,validacion
14093,entrenamiento
14094,entrenamiento
14095,entrenamiento
14096,entrenamiento
14097,entrenamiento
14098,entrenamiento
14099,prueba
14100,validacion
14101,entrenamiento
14102,entrenamiento
14103,prueba
14104,prueba
14105,validacion
14106,entrenamiento
14107,entrenamiento
14108,entrenamiento
14109,entrenamiento
14110,prueba
14111,prueba
14112,validacion
14113,prueba
14114,entrenamiento
14115,validacion
14116,entrenamiento
14117,entrenamiento
14118,prueba
14119,entrenamiento
14120,validacion
14121,entrenamiento
14122,entrenamiento
14123,entrenamiento
14124,entrenamiento
14125,entrenamiento
14126,entrenamiento
14127,validacion
14128,entrenamiento
14129,prueba
14130,validacion
14131,entrenamiento
14132,entrenamiento
14133,prueba
14134,entrenamiento
14135,entrenamiento
14136,entrenamiento
14137,entrenamiento
14138,prueba
14139,validacion
14140,prueba
14141,validacion
14142,entrenamiento
14143,entrenamiento
14144,validacion
14145,entrenamiento
14146,entrenamiento
14147,entrenamiento
14148,entrenamiento
14149,validacion
14150,entrenamiento
14151,entrenamiento
14152,prueba
14153,prueba
14154,prueba
14155,validacion
14156,validacion
14157,validacion
14158,prueba
14159,entrenamiento
14160,validacion
14161,entrenamiento
14162,prueba
14163,entrenamiento
14164,prueba
14165,entrenamiento
14166,entrenamiento
14167,entrenamiento
14168,entrenamiento
14169,entrenamiento
14170,prueba
14171,entrenamiento
14172,entrenamiento
14173,prueba
14174,entrenamiento
14175,entrenamiento
14176,entrenamiento
14177,entrenamiento
14178,prueba
14179,validacion
14180,entrenamiento
14181,entrenamiento
14182,entrenamiento
14183,entrenamiento
14184,validacion
14185,entrenamiento
14186,validacion
14187,prueba
14188,prueba
14189,entrenamiento
14190,entrenamiento
14191,entrenamiento
14192,entrenamiento
14193,entrenamiento
14194,prueba
14195,prueba
14196,prueba
14197,entrenamiento
14198,entrenamiento
14199,validacion
14200,entrenamiento
14201,entrenamiento
14202,validacion
14203,entrenamiento
14204,validacion
14205,entrenamiento
14206,entrenamiento
14207,entrenamiento
14208,entrenamiento
14209,prueba
14210,prueba
14211,entrenamiento
14212,entrenamiento
14213,entrenamiento
14214,validacion
14215,prueba
14216,prueba
14217,entrenamiento
14218,entrenamiento
14219,entrenamiento
14220,prueba
14221,entrenamiento
14222,prueba
14223,prueba
14224,validacion
14225,prueba
14226,validacion
14227,validacion
14228,entrenamiento
14229,validacion
14230,validacion
14231,entrenamiento
14232,entrenamiento
14233,entrenamiento
14234,entrenamiento
14235,entrenamiento
14236,entrenamiento
14237,entrenamiento
14238,entrenamiento
14239,prueba
14240,entrenamiento
14241,entrenamiento
14242,prueba
14243,entrenamiento
14244,entrenamiento
14245,entrenamiento
14246,entrenamiento
14247,entrenamiento
14248,prueba
14249,prueba
14250,entrenamiento
14251,entrenamiento
14252,prueba
14253,entrenamiento
14254,entrenamiento
14255,prueba
14256,prueba
14257,prueba
14258,prueba
14259,entrenamiento
14260,validacion
14261,validacion
14262,entrenamiento
14263,validacion
14264,validacion
14265,entrenamiento
14266,entrenamiento
14267,entrenamiento
14268,entrenamiento
14269,entrenamiento
14270,entrenamiento
14271,entrenamiento
14272,entrenamiento
14273,entrenamiento
14274,validacion
14275,validacion
14276,entrenamiento
14277,entrenamiento
14278,entrenamiento
14279,entrenamiento
14280,validacion
14281,entrenamiento
14282,entrenamiento
14283,validacion
14284,validacion
14285,entrenamiento
14286,entrenamiento
14287,validacion
14288,entrenamiento
14289,prueba
14290,entrenamiento
14291,entrenamiento
14292,prueba
14293,entrenamiento
14294,entrenamiento
14295,entrenamiento
14296,entrenamiento
14297,prueba
14298,entrenamiento
14299,prueba
14300,entrenamiento
14301,prueba
14302,validacion
14303,entrenamiento
14304,validacion
14305,entrenamiento
14306,prueba
14307,entrenamiento
14308,entrenamiento
14309,prueba
14310,prueba
14311,entrenamiento
14312,entrenamiento
14313,prueba
14314,validacion
14315,entrenamiento
14316,entrenamiento
14317,entrenamiento
14318,validacion
14319,entrenamiento
14320,entrenamiento
14321,entrenamiento
14322,prueba
14323,entrenamiento
14324,entrenamiento
14325,entrenamiento
14326,validacion
14327,entrenamiento
14328,validacion
14329,entrenamiento
14330,validacion
14331,prueba
14332,validacion
14333,entrenamiento
14334,entrenamiento
14335,entrenamiento
14336,entrenamiento
14337,entrenamiento
14338,entrenamiento
14339,validacion
14340,entrenamiento
14341,entrenamiento
14342,entrenamiento
14343,entrenamiento
14344,entrenamiento
14345,prueba
14346,validacion
14347,entrenamiento
14348,entrenamiento
14349,validacion
14350,entrenamiento
14351,entrenamiento
14352,prueba
14353,entrenamiento
14354,prueba
14355,entrenamiento
14356,entrenamiento
14357,entrenamiento
14358,entrenamiento
14359,prueba
14360,entrenamiento
14361,entrenamiento
14362,entrenamiento
14363,entrenamiento
14364,entrenamiento
14365,entrenamiento
14366,entrenamiento
14367,entrenamiento
14368,entrenamiento
14369,entrenamiento
14370,prueba
14371,entrenamiento
14372,validacion
14373,entrenamiento
14374,entrenamiento
14375,entrenamiento
14376,entrenamiento
14377,entrenamiento
14378,validacion
14379,prueba
14380,prueba
14381,entrenamiento
14382,prueba
14383,entrenamiento
14384,validacion
14385,entrenamiento
14386,prueba
14387,validacion
14388,entrenamiento
14389,validacion
14390,entrenamiento
14391,entrenamiento
14392,entrenamiento
14393,entrenamiento
14394,entrenamiento
14395,entrenamiento
14396,entrenamiento
14397,prueba
14398,validacion
14399,entrenamiento
14400,entrenamiento
14401,validacion
14402,validacion
14403,entrenamiento
14404,entrenamiento
14405,entrenamiento
14406,entrenamiento
14407,entrenamiento
14408,entrenamiento
14409,prueba
14410,entrenamiento
14411,entrenamiento
14412,entrenamiento
14413,entrenamiento
14414,entrenamiento
14415,entrenamiento
14416,entrenamiento
14417,validacion
14418,entrenamiento
14419,prueba
14420,validacion
14421,entrenamiento
14422,entrenamiento
14423,entrenamiento
14424,validacion
14425,entrenamiento
14426,prueba
14427,entrenamiento
14428,prueba
14429,entrenamiento
14430,prueba
14431,entrenamiento
14432,entrenamiento
14433,prueba
14434,entrenamiento
14435,prueba
14436,entrenamiento
14437,entrenamiento
14438,entrenamiento
14439,validacion
14440,entrenamiento
14441,prueba
14442,prueba
14443,entrenamiento
14444,entrenamiento
14445,entrenamiento
14446,prueba
14447,entrenamiento
14448,prueba
14449,entrenamiento
14450,entrenamiento
14451,entrenamiento
14452,entrenamiento
14453,entrenamiento
14454,validacion
14455,entrenamiento
14456,prueba
14457,entrenamiento
14458,entrenamiento
14459,entrenamiento
14460,entrenamiento
14461,prueba
14462,validacion
14463,entrenamiento
14464,entrenamiento
14465,entrenamiento
14466,entrenamiento
14467,entrenamiento
14468,prueba
14469,prueba
14470,entrenamiento
14471,entrenamiento
14472,entrenamiento
14473,entrenamiento
14474,validacion
14475,entrenamiento
14476,entrenamiento
14477,prueba
14478,validacion
14479,entrenamiento
14480,prueba
14481,entrenamiento
14482,entrenamiento
14483,entrenamiento
14484,entrenamiento
14485,entrenamiento
14486,entrenamiento
14487,entrenamiento
14488,prueba
14489,prueba
14490,entrenamiento
14491,entrenamiento
14492,prueba
14493,prueba
14494,entrenamiento
14495,entrenamiento
14496,entrenamiento
14497,entrenamiento
14498,entrenamiento
14499,prueba
14500,entrenamiento
14501,entrenamiento
14502,prueba
14503,validacion
14504,validacion
14505,entrenamiento
14506,entrenamiento
14507,entrenamiento
14508,entrenamiento
14509,entrenamiento
14510,validacion
14511,validacion
14512,entrenamiento
14513,entrenamiento
14514,entrenamiento
14515,entrenamiento
14516,prueba
14517,entrenamiento
14518,entrenamiento
14519,validacion
14520,entrenamiento
14521,validacion
14522,entrenamiento
14523,entrenamiento
14524,entrenamiento
14525,entrenamiento
14526,entrenamiento
14527,entrenamiento
14528,prueba
14529,validacion
14530,entrenamiento
14531,prueba
14532,entrenamiento
14533,entrenamiento
14534,entrenamiento
14535,prueba
14536,prueba
14537,entrenamiento
14538,entrenamiento
14539,entrenamiento
14540,entrenamiento
14541,entrenamiento
14542,entrenamiento
14543,validacion
14544,prueba
14545,entrenamiento
14546,entrenamiento
14547,entrenamiento
14548,prueba
14549,entrenamiento
14550,prueba
14551,entrenamiento
14552,validacion
14553,prueba
14554,entrenamiento
14555,entrenamiento
14556,entrenamiento
14557,entrenamiento
14558,entrenamiento
14559,entrenamiento
14560,entrenamiento
14561,entrenamiento
14562,validacion
14563,validacion
14564,entrenamiento
14565,validacion
14566,prueba
14567,prueba
14568,entrenamiento
14569,validacion
14570,entrenamiento
14571,entrenamiento
14572,prueba
14573,entrenamiento
14574,entrenamiento
14575,entrenamiento
14576,prueba
14577,entrenamiento
14578,validacion
14579,entrenamiento
14580,validacion
14581,prueba
14582,entrenamiento
14583,prueba
14584,entrenamiento
14585,entrenamiento
14586,entrenamiento
14587,prueba
14588,prueba
14589,prueba
14590,prueba
14591,prueba
14592,validacion
14593,entrenamiento
14594,validacion
14595,entrenamiento
14596,prueba
14597,entrenamiento
14598,prueba
14599,entrenamiento
14600,entrenamiento
14601,entrenamiento
14602,entrenamiento
14603,entrenamiento
14604,entrenamiento
14605,prueba
14606,entrenamiento
14607,validacion
14608,entrenamiento
14609,entrenamiento
14610,entrenamiento
14611,entrenamiento
14612,prueba
14613,entrenamiento
14614,prueba
14615,entrenamiento
14616,entrenamiento
14617,entrenamiento
14618,entrenamiento
14619,entrenamiento
14620,entrenamiento
14621,entrenamiento
14622,entrenamiento
14623,entrenamiento
14624,entrenamiento
14625,prueba
14626,validacion
14627,entrenamiento
14628,prueba
14629,entrenamiento
14630,entrenamiento
14631,entrenamiento
14632,prueba
14633,validacion
14634,entrenamiento
14635,prueba
14636,entrenamiento
14637,entrenamiento
14638,entrenamiento
14639,entrenamiento
14640,entrenamiento
14641,validacion
14642,entrenamiento
14643,entrenamiento
14644,prueba
14645,prueba
14646,entrenamiento
14647,entrenamiento
14648,entrenamiento
14649,entrenamiento
14650,prueba
14651,entrenamiento
14652,entrenamiento
14653,entrenamiento
14654,entrenamiento
14655,validacion
14656,prueba
14657,entrenamiento
14658,entrenamiento
14659,prueba
14660,entrenamiento
14661,entrenamiento
14662,entrenamiento
14663,validacion
14664,entrenamiento
14665,prueba
14666,entrenamiento
14667,entrenamiento
14668,entrenamiento
14669,entrenamiento
14670,entrenamiento
14671,entrenamiento
14672,entrenamiento
14673,entrenamiento
14674,entrenamiento
14675,entrenamiento
14676,entrenamiento
14677,validacion
14678,prueba
14679,entrenamiento
14680,prueba
14681,validacion
14682,entrenamiento
14683,entrenamiento
14684,entrenamiento
14685,prueba
14686,entrenamiento
14687,entrenamiento
14688,entrenamiento
14689,validacion
14690,entrenamiento
14691,prueba
14692,validacion
14693,entrenamiento
14694,validacion
14695,entrenamiento
14696,validacion
14697,entrenamiento
14698,entrenamiento
14699,entrenamiento
14700,prueba
14701,entrenamiento
14702,entrenamiento
14703,entrenamiento
14704,entrenamiento
14705,prueba
14706,entrenamiento
14707,entrenamiento
14708,entrenamiento
14709,entrenamiento
14710,entrenamiento
14711,entrenamiento
14712,prueba
14713,prueba
14714,entrenamiento
14715,entrenamiento
14716,entrenamiento
14717,entrenamiento
14718,validacion
14719,entrenamiento
14720,entrenamiento
14721,entrenamiento
14722,entrenamiento
14723,entrenamiento
14724,entrenamiento
14725,prueba
14726,validacion
14727,entrenamiento
14728,entrenamiento
14729,entrenamiento
14730,prueba
14731,validacion
14732,prueba
14733,validacion
14734,entrenamiento
14735,entrenamiento
14736,entrenamiento
14737,entrenamiento
14738,validacion
14739,validacion
14740,entrenamiento
14741,entrenamiento
14742,validacion
14743,entrenamiento
14744,entrenamiento
14745,entrenamiento
14746,validacion
14747,entrenamiento
14748,entrenamiento
14749,entrenamiento
14750,entrenamiento
14751,entrenamiento
14752,entrenamiento
14753,validacion
14754,prueba
14755,entrenamiento
14756,entrenamiento
14757,validacion
14758,entrenamiento
14759,entrenamiento
14760,validacion
14761,entrenamiento
14762,prueba
14763,entrenamiento
14764,entrenamiento
14765,entrenamiento
14766,entrenamiento
14767,entrenamiento
14768,entrenamiento
14769,prueba
14770,entrenamiento
14771,validacion
14772,entrenamiento
14773,validacion
14774,entrenamiento
14775,prueba
14776,entrenamiento
14777,entrenamiento
14778,prueba
14779,entrenamiento
14780,entrenamiento
14781,entrenamiento
14782,entrenamiento
14783,entrenamiento
14784,prueba
14785,prueba
14786,entrenamiento
14787,entrenamiento
14788,validacion
14789,prueba
14790,prueba
14791,prueba
14792,validacion
14793,entrenamiento
14794,entrenamiento
14795,entrenamiento
14796,prueba
14797,entrenamiento
14798,entrenamiento
14799,entrenamiento
14800,entrenamiento
14801,entrenamiento
14802,entrenamiento
14803,entrenamiento
14804,entrenamiento
14805,entrenamiento
14806,prueba
14807,entrenamiento
14808,entrenamiento
14809,entrenamiento
14810,prueba
14811,entrenamiento
14812,entrenamiento
14813,entrenamiento
14814,entrenamiento
14815,entrenamiento
14816,entrenamiento
14817,validacion
14818,entrenamiento
14819,entrenamiento
14820,entrenamiento
14821,validacion
14822,validacion
14823,entrenamiento
14824,entrenamiento
14825,entrenamiento
14826,validacion
14827,prueba
14828,validacion
14829,entrenamiento
14830,entrenamiento
14831,entrenamiento
14832,prueba
14833,entrenamiento
14834,prueba
14835,prueba
14836,validacion
14837,entrenamiento
14838,entrenamiento
14839,validacion
14840,entrenamiento
14841,prueba
14842,entrenamiento
14843,entrenamiento
14844,entrenamiento
14845,entrenamiento
14846,entrenamiento
14847,entrenamiento
14848,prueba
14849,entrenamiento
14850,entrenamiento
14851,entrenamiento
14852,validacion
14853,entrenamiento
14854,entrenamiento
14855,validacion
14856,entrenamiento
14857,prueba
14858,prueba
14859,entrenamiento
14860,entrenamiento
14861,entrenamiento
14862,entrenamiento
14863,entrenamiento
14864,validacion
14865,validacion
14866,prueba
14867,entrenamiento
14868,entrenamiento
14869,entrenamiento
14870,entrenamiento
14871,prueba
14872,entrenamiento
14873,prueba
14874,prueba
14875,entrenamiento
14876,validacion
14877,prueba
14878,entrenamiento
14879,entrenamiento
14880,entrenamiento
14881,validacion
14882,entrenamiento
14883,entrenamiento
14884,entrenamiento
14885,entrenamiento
14886,validacion
14887,validacion
14888,entrenamiento
14889,entrenamiento
14890,entrenamiento
14891,entrenamiento
14892,entrenamiento
14893,entrenamiento
14894,entrenamiento
14895,validacion
14896,entrenamiento
14897,prueba
14898,validacion
14899,entrenamiento
14900,validacion
14901,entrenamiento
14902,entrenamiento
14903,validacion
14904,prueba
14905,validacion
14906,entrenamiento
14907,entrenamiento
14908,entrenamiento
14909,entrenamiento
14910,entrenamiento
14911,entrenamiento
14912,entrenamiento
14913,validacion
14914,entrenamiento
14915,entrenamiento
14916,prueba
14917,entrenamiento
14918,entrenamiento
14919,entrenamiento
14920,entrenamiento
14921,entrenamiento
14922,entrenamiento
14923,prueba
14924,validacion
14925,prueba
14926,entrenamiento
14927,entrenamiento
14928,entrenamiento
14929,validacion
14930,prueba
14931,validacion
14932,entrenamiento
14933,entrenamiento
14934,prueba
14935,entrenamiento
14936,entrenamiento
14937,entrenamiento
14938,prueba
14939,entrenamiento
14940,validacion
14941,entrenamiento
14942,entrenamiento
14943,validacion
14944,prueba
14945,entrenamiento
14946,prueba
14947,entrenamiento
14948,entrenamiento
14949,entrenamiento
14950,entrenamiento
14951,entrenamiento
14952,entrenamiento
14953,entrenamiento
14954,validacion
14955,prueba
14956,entrenamiento
14957,entrenamiento
14958,entrenamiento
14959,entrenamiento
14960,entrenamiento
14961,entrenamiento
14962,prueba
14963,entrenamiento
14964,entrenamiento
14965,entrenamiento
14966,entrenamiento
14967,entrenamiento
14968,prueba
14969,validacion
14970,validacion
14971,prueba
14972,entrenamiento
14973,prueba
14974,prueba
14975,entrenamiento
14976,entrenamiento
14977,entrenamiento
14978,entrenamiento
14979,entrenamiento
14980,prueba
14981,entrenamiento
14982,entrenamiento
14983,validacion
14984,validacion
14985,entrenamiento
14986,entrenamiento
14987,entrenamiento
14988,entrenamiento
14989,entrenamiento
14990,entrenamiento
14991,entrenamiento
14992,prueba
14993,entrenamiento
14994,entrenamiento
14995,entrenamiento
14996,entrenamiento
14997,entrenamiento
14998,entrenamiento
14999,entrenamiento
15000,entrenamiento
15001,entrenamiento
15002,entrenamiento
15003,entrenamiento
15004,validacion
15005,entrenamiento
15006,prueba
15007,prueba
15008,prueba
15009,entrenamiento
15010,entrenamiento
15011,prueba
15012,entrenamiento
15013,entrenamiento
15014,validacion
15015,entrenamiento
15016,prueba
15017,entrenamiento
15018,entrenamiento
15019,entrenamiento
15020,entrenamiento
15021,prueba
15022,entrenamiento
15023,entrenamiento
15024,entrenamiento
15025,prueba
15026,entrenamiento
15027,entrenamiento
15028,entrenamiento
15029,entrenamiento
15030,prueba
15031,entrenamiento
15032,prueba
15033,entrenamiento
15034,entrenamiento
15035,entrenamiento
15036,entrenamiento
15037,entrenamiento
15038,entrenamiento
15039,entrenamiento
15040,entrenamiento
15041,entrenamiento
15042,entrenamiento
15043,prueba
15044,entrenamiento
15045,prueba
15046,entrenamiento
15047,prueba
15048,prueba
15049,entrenamiento
15050,entrenamiento
15051,entrenamiento
15052,prueba
15053,prueba
15054,entrenamiento
15055,entrenamiento
15056,entrenamiento
15057,entrenamiento
15058,prueba
15059,entrenamiento
15060,entrenamiento
15061,entrenamiento
15062,entrenamiento
15063,entrenamiento
15064,validacion
15065,validacion
15066,validacion
15067,prueba
15068,entrenamiento
15069,prueba
15070,entrenamiento
15071,entrenamiento
15072,entrenamiento
15073,entrenamiento
15074,entrenamiento
15075,entrenamiento
15076,validacion
15077,prueba
15078,prueba
15079,entrenamiento
15080,entrenamiento
15081,prueba
15082,validacion
15083,entrenamiento
15084,validacion
15085,prueba
15086,entrenamiento
15087,entrenamiento
15088,entrenamiento
15089,entrenamiento
15090,entrenamiento
15091,prueba
15092,entrenamiento
15093,entrenamiento
15094,prueba
15095,entrenamiento
15096,validacion
15097,prueba
15098,prueba
15099,entrenamiento
15100,prueba
15101,entrenamiento
15102,entrenamiento
15103,entrenamiento
15104,entrenamiento
15105,entrenamiento
15106,entrenamiento
15107,entrenamiento
15108,prueba
15109,entrenamiento
15110,prueba
15111,prueba
15112,validacion
15113,entrenamiento
15114,entrenamiento
15115,entrenamiento
15116,entrenamiento
15117,entrenamiento
15118,entrenamiento
15119,entrenamiento
15120,entrenamiento
15121,prueba
15122,entrenamiento
15123,entrenamiento
15124,entrenamiento
15125,entrenamiento
15126,entrenamiento
15127,entrenamiento
15128,prueba
15129,prueba
15130,validacion
15131,entrenamiento
15132,entrenamiento
15133,entrenamiento
15134,entrenamiento
15135,validacion
15136,validacion
15137,validacion
15138,entrenamiento
15139,entrenamiento
15140,prueba
15141,prueba
15142,prueba
15143,entrenamiento
15144,entrenamiento
15145,entrenamiento
15146,entrenamiento
15147,prueba
15148,entrenamiento
15149,validacion
15150,entrenamiento
15151,prueba
15152,entrenamiento
15153,entrenamiento
15154,prueba
15155,entrenamiento
15156,entrenamiento
15157,validacion
15158,entrenamiento
15159,entrenamiento
15160,entrenamiento
15161,entrenamiento
15162,prueba
15163,entrenamiento
15164,prueba
15165,entrenamiento
15166,validacion
15167,entrenamiento
15168,entrenamiento
15169,prueba
15170,entrenamiento
15171,entrenamiento
15172,entrenamiento
15173,prueba
15174,entrenamiento
15175,entrenamiento
15176,entrenamiento
15177,entrenamiento
15178,prueba
15179,entrenamiento
15180,validacion
15181,entrenamiento
15182,entrenamiento
15183,validacion
15184,prueba
15185,entrenamiento
15186,validacion
15187,entrenamiento
15188,entrenamiento
15189,entrenamiento
15190,entrenamiento
15191,entrenamiento
15192,entrenamiento
15193,entrenamiento
15194,entrenamiento
15195,entrenamiento
15196,entrenamiento
15197,prueba
15198,entrenamiento
15199,entrenamiento
15200,prueba
15201,entrenamiento
15202,entrenamiento
15203,prueba
15204,entrenamiento
15205,entrenamiento
15206,entrenamiento
15207,entrenamiento
15208,prueba
15209,entrenamiento
15210,entrenamiento
15211,prueba
15212,entrenamiento
15213,validacion
15214,validacion
15215,validacion
15216,entrenamiento
15217,validacion
15218,prueba
15219,prueba
15220,validacion
15221,prueba
15222,entrenamiento
15223,entrenamiento
15224,validacion
15225,prueba
15226,prueba
15227,entrenamiento
15228,prueba
15229,entrenamiento
15230,entrenamiento
15231,entrenamiento
15232,prueba
15233,entrenamiento
15234,prueba
15235,entrenamiento
15236,entrenamiento
15237,entrenamiento
15238,entrenamiento
15239,entrenamiento
15240,validacion
15241,validacion
15242,entrenamiento
15243,entrenamiento
15244,prueba
15245,prueba
15246,entrenamiento
15247,entrenamiento
15248,validacion
15249,entrenamiento
15250,prueba
15251,entrenamiento
15252,validacion
15253,entrenamiento
15254,validacion
15255,prueba
15256,prueba
15257,entrenamiento
15258,entrenamiento
15259,entrenamiento
15260,prueba
15261,prueba
15262,entrenamiento
15263,entrenamiento
15264,validacion
15265,entrenamiento
15266,entrenamiento
15267,entrenamiento
15268,prueba
15269,entrenamiento
15270,entrenamiento
15271,prueba
15272,validacion
15273,entrenamiento
15274,entrenamiento
15275,entrenamiento
15276,entrenamiento
15277,entrenamiento
15278,entrenamiento
15279,entrenamiento
15280,entrenamiento
15281,prueba
15282,prueba
15283,entrenamiento
15284,validacion
15285,validacion
15286,prueba
15287,entrenamiento
15288,prueba
15289,entrenamiento
15290,validacion
15291,prueba
15292,entrenamiento
15293,entrenamiento
15294,validacion
15295,prueba
15296,validacion
15297,prueba
15298,prueba
15299,prueba
15300,entrenamiento
15301,prueba
15302,entrenamiento
15303,entrenamiento
15304,entrenamiento
15305,entrenamiento
15306,entrenamiento
15307,entrenamiento
15308,entrenamiento
15309,validacion
15310,validacion
15311,entrenamiento
15312,entrenamiento
15313,entrenamiento
15314,entrenamiento
15315,entrenamiento
15316,entrenamiento
15317,entrenamiento
15318,prueba
15319,entrenamiento
15320,prueba
15321,prueba
15322,prueba
15323,entrenamiento
15324,entrenamiento
15325,validacion
15326,validacion
15327,entrenamiento
15328,prueba
15329,entrenamiento
15330,entrenamiento
15331,entrenamiento
15332,prueba
15333,entrenamiento
15334,prueba
15335,entrenamiento
15336,entrenamiento
15337,prueba
15338,entrenamiento
15339,entrenamiento
15340,entrenamiento
15341,prueba
15342,validacion
15343,entrenamiento
15344,entrenamiento
15345,entrenamiento
15346,entrenamiento
15347,entrenamiento
15348,prueba
15349,prueba
15350,entrenamiento
15351,validacion
15352,entrenamiento
15353,prueba
15354,entrenamiento
15355,prueba
15356,entrenamiento
15357,entrenamiento
15358,entrenamiento
15359,prueba
15360,entrenamiento
15361,entrenamiento
15362,validacion
15363,entrenamiento
15364,entrenamiento
15365,validacion
15366,entrenamiento
15367,entrenamiento
15368,validacion
15369,entrenamiento
15370,prueba
15371,validacion
15372,prueba
15373,prueba
15374,entrenamiento
15375,entrenamiento
15376,validacion
15377,entrenamiento
15378,prueba
15379,validacion
15380,entrenamiento
15381,entrenamiento
15382,validacion
15383,prueba
15384,entrenamiento
15385,entrenamiento
15386,entrenamiento
15387,prueba
15388,entrenamiento
15389,entrenamiento
15390,entrenamiento
15391,prueba
15392,entrenamiento
15393,entrenamiento
15394,entrenamiento
15395,prueba
15396,entrenamiento
15397,entrenamiento
15398,prueba
15399,validacion
15400,validacion
15401,validacion
15402,validacion
15403,validacion
15404,entrenamiento
15405,entrenamiento
15406,validacion
15407,entrenamiento
15408,prueba
15409,entrenamiento
15410,prueba
15411,entrenamiento
15412,prueba
15413,entrenamiento
15414,entrenamiento
15415,entrenamiento
15416,validacion
15417,entrenamiento
15418,entrenamiento
15419,entrenamiento
15420,entrenamiento
15421,validacion
15422,prueba
15423,validacion
15424,prueba
15425,entrenamiento
15426,prueba
15427,entrenamiento
15428,entrenamiento
15429,entrenamiento
15430,entrenamiento
15431,entrenamiento
15432,entrenamiento
15433,validacion
15434,entrenamiento
15435,entrenamiento
15436,entrenamiento
15437,entrenamiento
15438,entrenamiento
15439,validacion
15440,validacion
15441,entrenamiento
15442,validacion
15443,entrenamiento
15444,prueba
15445,validacion
15446,validacion
15447,entrenamiento
15448,prueba
15449,entrenamiento
15450,entrenamiento
15451,entrenamiento
15452,entrenamiento
15453,entrenamiento
15454,validacion
15455,entrenamiento
15456,entrenamiento
15457,entrenamiento
15458,prueba
15459,validacion
15460,validacion
15461,entrenamiento
15462,entrenamiento
15463,entrenamiento
15464,entrenamiento
15465,entrenamiento
15466,entrenamiento
15467,prueba
15468,prueba
15469,entrenamiento
15470,entrenamiento
15471,prueba
15472,prueba
15473,entrenamiento
15474,entrenamiento
15475,entrenamiento
15476,prueba
15477,entrenamiento
15478,entrenamiento
15479,entrenamiento
15480,entrenamiento
15481,entrenamiento
15482,entrenamiento
15483,validacion
15484,entrenamiento
15485,entrenamiento
15486,validacion
15487,entrenamiento
15488,entrenamiento
15489,validacion
15490,entrenamiento
15491,prueba
15492,entrenamiento
15493,entrenamiento
15494,validacion
15495,validacion
15496,prueba
15497,entrenamiento
15498,entrenamiento
15499,entrenamiento
15500,prueba
15501,entrenamiento
15502,prueba
15503,validacion
15504,prueba
15505,entrenamiento
15506,validacion
15507,entrenamiento
15508,validacion
15509,validacion
15510,prueba
15511,entrenamiento
15512,entrenamiento
15513,entrenamiento
15514,entrenamiento
15515,entrenamiento
15516,entrenamiento
15517,entrenamiento
15518,entrenamiento
15519,validacion
15520,entrenamiento
15521,entrenamiento
15522,entrenamiento
15523,prueba
15524,entrenamiento
15525,entrenamiento
15526,entrenamiento
15527,entrenamiento
15528,entrenamiento
15529,entrenamiento
15530,entrenamiento
15531,entrenamiento
15532,entrenamiento
15533,prueba
15534,entrenamiento
15535,entrenamiento
15536,entrenamiento
15537,validacion
15538,entrenamiento
15539,entrenamiento
15540,entrenamiento
15541,entrenamiento
15542,entrenamiento
15543,prueba
15544,entrenamiento
15545,entrenamiento
15546,validacion
15547,entrenamiento
15548,entrenamiento
15549,entrenamiento
15550,entrenamiento
15551,entrenamiento
15552,entrenamiento
15553,entrenamiento
15554,prueba
15555,prueba
15556,entrenamiento
15557,prueba
15558,entrenamiento
15559,entrenamiento
15560,entrenamiento
15561,validacion
15562,entrenamiento
15563,entrenamiento
15564,validacion
15565,entrenamiento
15566,validacion
15567,prueba
15568,entrenamiento
15569,entrenamiento
15570,prueba
15571,validacion
15572,entrenamiento
15573,entrenamiento
15574,validacion
15575,entrenamiento
15576,entrenamiento
15577,entrenamiento
15578,validacion
15579,prueba
15580,entrenamiento
15581,prueba
15582,validacion
15583,entrenamiento
15584,entrenamiento
15585,validacion
15586,entrenamiento
15587,validacion
15588,entrenamiento
15589,entrenamiento
15590,validacion
15591,entrenamiento
15592,entrenamiento
15593,entrenamiento
15594,validacion
15595,prueba
15596,prueba
15597,prueba
15598,entrenamiento
15599,validacion
15600,prueba
15601,prueba
15602,prueba
15603,entrenamiento
15604,prueba
15605,entrenamiento
15606,validacion
15607,entrenamiento
15608,validacion
15609,validacion
15610,entrenamiento
15611,entrenamiento
15612,entrenamiento
15613,entrenamiento
15614,entrenamiento
15615,validacion
15616,entrenamiento
15617,prueba
15618,validacion
15619,entrenamiento
15620,entrenamiento
15621,entrenamiento
15622,entrenamiento
15623,prueba
15624,prueba
15625,validacion
15626,entrenamiento
15627,entrenamiento
15628,validacion
15629,entrenamiento
15630,prueba
15631,entrenamiento
15632,entrenamiento
15633,entrenamiento
15634,prueba
15635,entrenamiento
15636,validacion
15637,prueba
15638,entrenamiento
15639,entrenamiento
15640,prueba
15641,entrenamiento
15642,prueba
15643,entrenamiento
15644,validacion
15645,validacion
15646,validacion
15647,validacion
15648,entrenamiento
15649,entrenamiento
15650,entrenamiento
15651,validacion
15652,entrenamiento
15653,entrenamiento
15654,prueba
15655,validacion
15656,validacion
15657,entrenamiento
15658,entrenamiento
15659,validacion
15660,entrenamiento
15661,prueba
15662,entrenamiento
15663,entrenamiento
15664,entrenamiento
15665,validacion
15666,entrenamiento
15667,entrenamiento
15668,entrenamiento
15669,entrenamiento
15670,entrenamiento
15671,validacion
15672,prueba
15673,entrenamiento
15674,prueba
15675,entrenamiento
15676,entrenamiento
15677,entrenamiento
15678,entrenamiento
15679,prueba
15680,validacion
15681,entrenamiento
15682,entrenamiento
15683,entrenamiento
15684,entrenamiento
15685,entrenamiento
15686,entrenamiento
15687,entrenamiento
15688,validacion
15689,entrenamiento
15690,entrenamiento
15691,entrenamiento
15692,entrenamiento
15693,entrenamiento
15694,entrenamiento
15695,entrenamiento
15696,entrenamiento
15697,prueba
15698,prueba
15699,entrenamiento
15700,entrenamiento
15701,prueba
15702,prueba
15703,prueba
15704,entrenamiento
15705,entrenamiento
15706,entrenamiento
15707,entrenamiento
15708,prueba
15709,entrenamiento
15710,prueba
15711,prueba
15712,entrenamiento
15713,entrenamiento
15714,entrenamiento
15715,entrenamiento
15716,entrenamiento
15717,prueba
15718,prueba
15719,entrenamiento
15720,entrenamiento
15721,entrenamiento
15722,validacion
15723,entrenamiento
15724,validacion
15725,entrenamiento
15726,entrenamiento
15727,prueba
15728,entrenamiento
15729,entrenamiento
15730,entrenamiento
15731,prueba
15732,prueba
15733,entrenamiento
15734,entrenamiento
15735,prueba
15736,entrenamiento
15737,prueba
15738,entrenamiento
15739,entrenamiento
15740,entrenamiento
15741,entrenamiento
15742,prueba
15743,entrenamiento
15744,entrenamiento
15745,validacion
15746,entrenamiento
15747,prueba
15748,entrenamiento
15749,entrenamiento
15750,entrenamiento
15751,entrenamiento
15752,prueba
15753,entrenamiento
15754,prueba
15755,entrenamiento
15756,entrenamiento
15757,entrenamiento
15758,entrenamiento
15759,entrenamiento
15760,validacion
15761,prueba
15762,entrenamiento
15763,prueba
15764,prueba
15765,prueba
15766,entrenamiento
15767,entrenamiento
15768,entrenamiento
15769,entrenamiento
15770,entrenamiento
15771,entrenamiento
15772,entrenamiento
15773,entrenamiento
15774,validacion
15775,prueba
15776,entrenamiento
15777,validacion
15778,validacion
15779,validacion
15780,entrenamiento
15781,entrenamiento
15782,entrenamiento
15783,entrenamiento
15784,validacion
15785,entrenamiento
15786,entrenamiento
15787,entrenamiento
15788,entrenamiento
15789,entrenamiento
15790,validacion
15791,prueba
15792,entrenamiento
15793,validacion
15794,validacion
15795,validacion
15796,prueba
15797,prueba
15798,entrenamiento
15799,entrenamiento
15800,prueba
15801,prueba
15802,validacion
15803,entrenamiento
15804,validacion
15805,validacion
15806,validacion
15807,entrenamiento
15808,entrenamiento
15809,validacion
15810,prueba
15811,entrenamiento
15812,entrenamiento
15813,prueba
15814,entrenamiento
15815,prueba
15816,prueba
15817,validacion
15818,prueba
15819,prueba
15820,prueba
15821,validacion
15822,prueba
15823,validacion
15824,entrenamiento
15825,validacion
15826,entrenamiento
15827,entrenamiento
15828,entrenamiento
15829,entrenamiento
15830,validacion
15831,prueba
15832,prueba
15833,prueba
15834,validacion
15835,entrenamiento
15836,prueba
15837,validacion
15838,entrenamiento
15839,prueba
15840,prueba
15841,entrenamiento
15842,entrenamiento
15843,validacion
15844,entrenamiento
15845,entrenamiento
15846,entrenamiento
15847,prueba
15848,entrenamiento
15849,entrenamiento
15850,entrenamiento
15851,validacion
15852,validacion
15853,entrenamiento
15854,entrenamiento
15855,entrenamiento
15856,entrenamiento
15857,entrenamiento
15858,entrenamiento
15859,entrenamiento
15860,entrenamiento
15861,validacion
15862,entrenamiento
15863,prueba
15864,entrenamiento
15865,prueba
15866,entrenamiento
15867,entrenamiento
15868,entrenamiento
15869,entrenamiento
15870,prueba
15871,entrenamiento
15872,entrenamiento
15873,entrenamiento
15874,entrenamiento
15875,entrenamiento
15876,validacion
15877,entrenamiento
15878,entrenamiento
15879,entrenamiento
15880,validacion
15881,entrenamiento
15882,entrenamiento
15883,validacion
15884,validacion
15885,entrenamiento
15886,validacion
15887,entrenamiento
15888,validacion
15889,entrenamiento
15890,validacion
15891,entrenamiento
15892,entrenamiento
15893,entrenamiento
15894,entrenamiento
15895,validacion
15896,entrenamiento
15897,validacion
15898,entrenamiento
15899,prueba
15900,entrenamiento
15901,entrenamiento
15902,entrenamiento
15903,entrenamiento
15904,entrenamiento
15905,entrenamiento
15906,validacion
15907,entrenamiento
15908,prueba
15909,entrenamiento
15910,entrenamiento
15911,entrenamiento
15912,entrenamiento
15913,entrenamiento
15914,prueba
15915,validacion
15916,entrenamiento
15917,entrenamiento
15918,entrenamiento
15919,entrenamiento
15920,prueba
15921,entrenamiento
15922,prueba
15923,prueba
15924,entrenamiento
15925,entrenamiento
15926,entrenamiento
15927,entrenamiento
15928,entrenamiento
15929,entrenamiento
15930,prueba
15931,prueba
15932,prueba
15933,entrenamiento
15934,entrenamiento
15935,entrenamiento
15936,entrenamiento
15937,entrenamiento
15938,entrenamiento
15939,entrenamiento
15940,entrenamiento
15941,entrenamiento
15942,entrenamiento
15943,prueba
15944,entrenamiento
15945,entrenamiento
15946,entrenamiento
15947,validacion
15948,entrenamiento
15949,entrenamiento
15950,validacion
15951,entrenamiento
15952,entrenamiento
15953,entrenamiento
15954,prueba
15955,prueba
15956,prueba
15957,entrenamiento
15958,entrenamiento
15959,prueba
15960,entrenamiento
15961,entrenamiento
15962,entrenamiento
15963,entrenamiento
15964,entrenamiento
15965,validacion
15966,entrenamiento
15967,validacion
15968,entrenamiento
15969,entrenamiento
15970,validacion
15971,validacion
15972,validacion
15973,prueba
15974,entrenamiento
15975,entrenamiento
15976,entrenamiento
15977,entrenamiento
15978,entrenamiento
15979,entrenamiento
15980,entrenamiento
15981,prueba
15982,entrenamiento
15983,prueba
15984,entrenamiento
15985,entrenamiento
15986,entrenamiento
15987,entrenamiento
15988,entrenamiento
15989,prueba
15990,validacion
15991,prueba
15992,entrenamiento
15993,prueba
15994,validacion
15995,prueba
15996,entrenamiento
15997,entrenamiento
15998,entrenamiento
15999,entrenamiento
16000,entrenamiento
16001,validacion
16002,entrenamiento
16003,entrenamiento
16004,entrenamiento
16005,entrenamiento
16006,entrenamiento
16007,entrenamiento
16008,entrenamiento
16009,entrenamiento
16010,entrenamiento
16011,prueba
16012,validacion
16013,prueba
16014,entrenamiento
16015,entrenamiento
16016,entrenamiento
16017,entrenamiento
16018,validacion
16019,validacion
16020,validacion
16021,entrenamiento
16022,prueba
16023,validacion
16024,prueba
16025,entrenamiento
16026,entrenamiento
16027,entrenamiento
16028,entrenamiento
16029,validacion
16030,prueba
16031,entrenamiento
16032,entrenamiento
16033,entrenamiento
16034,entrenamiento
16035,entrenamiento
16036,prueba
16037,entrenamiento
16038,entrenamiento
16039,validacion
16040,validacion
16041,entrenamiento
16042,entrenamiento
16043,entrenamiento
16044,validacion
16045,entrenamiento
16046,entrenamiento
16047,validacion
16048,entrenamiento
16049,entrenamiento
16050,entrenamiento
16051,entrenamiento
16052,prueba
16053,entrenamiento
16054,prueba
16055,prueba
16056,validacion
16057,entrenamiento
16058,entrenamiento
16059,entrenamiento
16060,entrenamiento
16061,entrenamiento
16062,entrenamiento
16063,prueba
16064,prueba
16065,entrenamiento
16066,entrenamiento
16067,entrenamiento
16068,entrenamiento
16069,entrenamiento
16070,validacion
16071,prueba
16072,entrenamiento
16073,entrenamiento
16074,entrenamiento
16075,prueba
16076,prueba
16077,entrenamiento
16078,prueba
16079,validacion
16080,entrenamiento
16081,entrenamiento
16082,entrenamiento
16083,validacion
16084,entrenamiento
16085,prueba
16086,entrenamiento
16087,entrenamiento
16088,entrenamiento
16089,prueba
16090,prueba
16091,entrenamiento
16092,entrenamiento
16093,validacion
16094,entrenamiento
16095,prueba
16096,entrenamiento
16097,entrenamiento
16098,entrenamiento
16099,entrenamiento
16100,entrenamiento
16101,validacion
16102,entrenamiento
16103,entrenamiento
16104,entrenamiento
16105,entrenamiento
16106,entrenamiento
16107,validacion
16108,prueba
16109,entrenamiento
16110,entrenamiento
16111,validacion
16112,prueba
16113,entrenamiento
16114,prueba
16115,entrenamiento
16116,validacion
16117,validacion
16118,entrenamiento
16119,entrenamiento
16120,entrenamiento
16121,entrenamiento
16122,entrenamiento
16123,entrenamiento
16124,entrenamiento
16125,prueba
16126,entrenamiento
16127,entrenamiento
16128,entrenamiento
16129,entrenamiento
16130,prueba
16131,validacion
16132,entrenamiento
16133,validacion
16134,entrenamiento
16135,entrenamiento
16136,prueba
16137,validacion
16138,entrenamiento
16139,entrenamiento
16140,prueba
16141,entrenamiento
16142,entrenamiento
16143,entrenamiento
16144,prueba
16145,validacion
16146,entrenamiento
16147,prueba
16148,entrenamiento
16149,validacion
16150,entrenamiento
16151,entrenamiento
16152,prueba
16153,entrenamiento
16154,entrenamiento
16155,entrenamiento
16156,entrenamiento
16157,entrenamiento
16158,entrenamiento
16159,entrenamiento
16160,validacion
16161,validacion
16162,entrenamiento
16163,validacion
16164,entrenamiento
16165,validacion
16166,entrenamiento
16167,entrenamiento
16168,entrenamiento
16169,entrenamiento
16170,entrenamiento
16171,entrenamiento
16172,entrenamiento
16173,entrenamiento
16174,entrenamiento
16175,entrenamiento
16176,validacion
16177,validacion
16178,prueba
16179,entrenamiento
16180,entrenamiento
16181,prueba
16182,entrenamiento
16183,prueba
16184,validacion
16185,prueba
16186,entrenamiento
16187,prueba
16188,entrenamiento
16189,entrenamiento
16190,validacion
16191,entrenamiento
16192,prueba
16193,entrenamiento
16194,prueba
16195,prueba
16196,validacion
16197,entrenamiento
16198,validacion
16199,validacion
16200,entrenamiento
16201,validacion
16202,entrenamiento
16203,prueba
16204,prueba
16205,entrenamiento
16206,entrenamiento
16207,entrenamiento
16208,validacion
16209,entrenamiento
16210,entrenamiento
16211,entrenamiento
16212,validacion
16213,entrenamiento
16214,prueba
16215,entrenamiento
16216,entrenamiento
16217,entrenamiento
16218,entrenamiento
16219,prueba
16220,entrenamiento
16221,entrenamiento
16222,entrenamiento
16223,entrenamiento
16224,entrenamiento
16225,entrenamiento
16226,entrenamiento
16227,prueba
16228,validacion
16229,entrenamiento
16230,entrenamiento
16231,entrenamiento
16232,prueba
16233,validacion
16234,prueba
16235,validacion
16236,entrenamiento
16237,validacion
16238,entrenamiento
16239,entrenamiento
16240,prueba
16241,entrenamiento
16242,entrenamiento
16243,entrenamiento
16244,entrenamiento
16245,entrenamiento
16246,entrenamiento
16247,entrenamiento
16248,prueba
16249,validacion
16250,prueba
16251,prueba
16252,entrenamiento
16253,entrenamiento
16254,prueba
16255,validacion
16256,prueba
16257,entrenamiento
16258,entrenamiento
16259,entrenamiento
16260,entrenamiento
16261,entrenamiento
16262,entrenamiento
16263,prueba
16264,validacion
16265,validacion
16266,prueba
16267,prueba
16268,entrenamiento
16269,entrenamiento
16270,entrenamiento
16271,entrenamiento
16272,entrenamiento
16273,validacion
16274,entrenamiento
16275,entrenamiento
16276,prueba
16277,prueba
16278,entrenamiento
16279,prueba
16280,entrenamiento
16281,prueba
16282,entrenamiento
16283,entrenamiento
16284,prueba
16285,entrenamiento
16286,entrenamiento
16287,prueba
16288,entrenamiento
16289,prueba
16290,entrenamiento
16291,entrenamiento
16292,entrenamiento
16293,entrenamiento
16294,entrenamiento
16295,entrenamiento
16296,entrenamiento
16297,entrenamiento
16298,entrenamiento
16299,entrenamiento
16300,validacion
16301,entrenamiento
16302,prueba
16303,entrenamiento
16304,entrenamiento
16305,entrenamiento
16306,prueba
16307,entrenamiento
16308,entrenamiento
16309,entrenamiento
16310,entrenamiento
16311,entrenamiento
16312,entrenamiento
16313,validacion
16314,validacion
16315,validacion
16316,entrenamiento
16317,prueba
16318,prueba
16319,entrenamiento
16320,entrenamiento
16321,validacion
16322,prueba
16323,entrenamiento
16324,prueba
16325,validacion
16326,validacion
16327,entrenamiento
16328,prueba
16329,validacion
16330,prueba
16331,entrenamiento
16332,entrenamiento
16333,entrenamiento
16334,entrenamiento
16335,entrenamiento
16336,entrenamiento
16337,entrenamiento
16338,entrenamiento
16339,entrenamiento
16340,validacion
16341,entrenamiento
16342,entrenamiento
16343,entrenamiento
16344,entrenamiento
16345,prueba
16346,entrenamiento
16347,entrenamiento
16348,entrenamiento
16349,entrenamiento
16350,prueba
16351,validacion
16352,entrenamiento
16353,validacion
16354,entrenamiento
16355,entrenamiento
16356,entrenamiento
16357,entrenamiento
16358,entrenamiento
16359,entrenamiento
16360,validacion
16361,entrenamiento
16362,prueba
16363,entrenamiento
16364,entrenamiento
16365,entrenamiento
16366,validacion
16367,validacion
16368,entrenamiento
16369,entrenamiento
16370,validacion
16371,entrenamiento
16372,entrenamiento
16373,entrenamiento
16374,entrenamiento
16375,entrenamiento
16376,entrenamiento
16377,prueba
16378,entrenamiento
16379,entrenamiento
16380,entrenamiento
16381,prueba
16382,entrenamiento
16383,prueba
16384,validacion
16385,entrenamiento
16386,entrenamiento
16387,prueba
16388,entrenamiento
16389,entrenamiento
16390,validacion
16391,entrenamiento
16392,prueba
16393,validacion
16394,entrenamiento
16395,validacion
16396,entrenamiento
16397,entrenamiento
16398,prueba
16399,entrenamiento
16400,entrenamiento
16401,entrenamiento
16402,prueba
16403,entrenamiento
16404,entrenamiento
16405,entrenamiento
16406,entrenamiento
16407,entrenamiento
16408,entrenamiento
16409,entrenamiento
16410,prueba
16411,validacion
16412,validacion
16413,entrenamiento
16414,prueba
16415,validacion
16416,entrenamiento
16417,prueba
16418,entrenamiento
16419,validacion
16420,entrenamiento
16421,prueba
16422,entrenamiento
16423,entrenamiento
16424,entrenamiento
16425,entrenamiento
16426,entrenamiento
16427,entrenamiento
16428,prueba
16429,validacion
16430,entrenamiento
16431,validacion
16432,entrenamiento
16433,entrenamiento
16434,entrenamiento
16435,validacion
16436,prueba
16437,prueba
16438,entrenamiento
16439,entrenamiento
16440,entrenamiento
16441,entrenamiento
16442,validacion
16443,validacion
16444,entrenamiento
16445,prueba
16446,prueba
16447,entrenamiento
16448,entrenamiento
16449,prueba
16450,entrenamiento
16451,prueba
16452,entrenamiento
16453,entrenamiento
16454,validacion
16455,entrenamiento
16456,entrenamiento
16457,prueba
16458,entrenamiento
16459,validacion
16460,entrenamiento
16461,prueba
16462,prueba
16463,prueba
16464,entrenamiento
16465,prueba
16466,entrenamiento
16467,validacion
16468,entrenamiento
16469,entrenamiento
16470,entrenamiento
16471,prueba
16472,prueba
16473,validacion
16474,entrenamiento
16475,prueba
16476,entrenamiento
16477,prueba
16478,validacion
16479,validacion
16480,prueba
16481,entrenamiento
16482,validacion
16483,prueba
16484,entrenamiento
16485,entrenamiento
16486,entrenamiento
16487,entrenamiento
16488,entrenamiento
16489,entrenamiento
16490,entrenamiento
16491,entrenamiento
16492,entrenamiento
16493,entrenamiento
16494,validacion
16495,entrenamiento
16496,entrenamiento
16497,validacion
16498,prueba
16499,prueba
16500,prueba
16501,entrenamiento
16502,entrenamiento
16503,entrenamiento
16504,entrenamiento
16505,validacion
16506,entrenamiento
16507,prueba
16508,validacion
16509,entrenamiento
16510,prueba
16511,prueba
16512,entrenamiento
16513,validacion
16514,entrenamiento
16515,entrenamiento
16516,entrenamiento
16517,prueba
16518,prueba
16519,entrenamiento
16520,prueba
16521,entrenamiento
16522,entrenamiento
16523,validacion
16524,entrenamiento
16525,entrenamiento
16526,validacion
16527,prueba
16528,validacion
16529,entrenamiento
16530,entrenamiento
16531,prueba
16532,entrenamiento
16533,entrenamiento
16534,entrenamiento
16535,validacion
16536,validacion
16537,prueba
16538,prueba
16539,entrenamiento
16540,entrenamiento
16541,validacion
16542,validacion
16543,prueba
16544,entrenamiento
16545,entrenamiento
16546,entrenamiento
16547,entrenamiento
16548,prueba
16549,validacion
16550,prueba
16551,entrenamiento
16552,entrenamiento
16553,entrenamiento
16554,entrenamiento
16555,validacion
16556,validacion
16557,entrenamiento
16558,prueba
16559,entrenamiento
16560,entrenamiento
16561,entrenamiento
16562,entrenamiento
16563,entrenamiento
16564,entrenamiento
16565,entrenamiento
16566,entrenamiento
16567,entrenamiento
16568,validacion
16569,entrenamiento
16570,entrenamiento
16571,validacion
16572,entrenamiento
16573,prueba
16574,entrenamiento
16575,prueba
16576,entrenamiento
16577,prueba
16578,validacion
16579,entrenamiento
16580,entrenamiento
16581,entrenamiento
16582,entrenamiento
16583,entrenamiento
16584,entrenamiento
16585,entrenamiento
16586,validacion
16587,validacion
16588,entrenamiento
16589,entrenamiento
16590,entrenamiento
16591,entrenamiento
16592,prueba
16593,entrenamiento
16594,prueba
16595,validacion
16596,entrenamiento
16597,validacion
16598,entrenamiento
16599,validacion
16600,entrenamiento
16601,prueba
16602,entrenamiento
16603,validacion
16604,prueba
16605,prueba
16606,entrenamiento
16607,prueba
16608,entrenamiento
16609,entrenamiento
16610,entrenamiento
16611,validacion
16612,prueba
16613,entrenamiento
16614,entrenamiento
16615,entrenamiento
16616,entrenamiento
16617,entrenamiento
16618,entrenamiento
16619,entrenamiento
16620,prueba
16621,validacion
16622,prueba
16623,entrenamiento
16624,prueba
16625,entrenamiento
16626,entrenamiento
16627,validacion
16628,entrenamiento
16629,entrenamiento
16630,entrenamiento
16631,entrenamiento
16632,entrenamiento
16633,validacion
16634,entrenamiento
16635,entrenamiento
16636,prueba
16637,entrenamiento
16638,prueba
16639,entrenamiento
16640,entrenamiento
16641,entrenamiento
16642,entrenamiento
16643,prueba
16644,prueba
16645,validacion
16646,validacion
16647,entrenamiento
16648,entrenamiento
16649,entrenamiento
16650,entrenamiento
16651,entrenamiento
16652,prueba
16653,validacion
16654,entrenamiento
16655,entrenamiento
16656,validacion
16657,prueba
16658,entrenamiento
16659,entrenamiento
16660,prueba
16661,validacion
16662,entrenamiento
16663,prueba
16664,prueba
16665,prueba
16666,entrenamiento
16667,prueba
16668,prueba
16669,entrenamiento
16670,entrenamiento
16671,entrenamiento
16672,validacion
16673,entrenamiento
16674,entrenamiento
16675,entrenamiento
16676,entrenamiento
16677,validacion
16678,entrenamiento
16679,entrenamiento
16680,entrenamiento
16681,entrenamiento
16682,entrenamiento
16683,entrenamiento
16684,prueba
16685,entrenamiento
16686,entrenamiento
16687,entrenamiento
16688,entrenamiento
16689,prueba
16690,entrenamiento
16691,validacion
16692,entrenamiento
16693,entrenamiento
16694,entrenamiento
16695,entrenamiento
16696,prueba
16697,entrenamiento
16698,prueba
16699,validacion
16700,entrenamiento
16701,entrenamiento
16702,entrenamiento
16703,prueba
16704,entrenamiento
16705,validacion
16706,entrenamiento
16707,prueba
16708,entrenamiento
16709,entrenamiento
16710,entrenamiento
16711,validacion
16712,entrenamiento
16713,prueba
16714,entrenamiento
16715,entrenamiento
16716,validacion
16717,prueba
16718,validacion
16719,entrenamiento
16720,validacion
16721,prueba
16722,entrenamiento
16723,entrenamiento
16724,validacion
16725,validacion
16726,prueba
16727,entrenamiento
16728,validacion
16729,entrenamiento
16730,validacion
16731,entrenamiento
16732,prueba
16733,entrenamiento
16734,prueba
16735,entrenamiento
16736,entrenamiento
16737,validacion
16738,entrenamiento
16739,entrenamiento
16740,entrenamiento
16741,entrenamiento
16742,validacion
16743,entrenamiento
16744,prueba
16745,prueba
16746,entrenamiento
16747,entrenamiento
16748,entrenamiento
16749,entrenamiento
16750,entrenamiento
16751,prueba
16752,entrenamiento
16753,entrenamiento
16754,entrenamiento
16755,prueba
16756,prueba
16757,prueba
16758,prueba
16759,validacion
16760,validacion
16761,prueba
16762,entrenamiento
16763,prueba
16764,entrenamiento
16765,entrenamiento
16766,prueba
16767,validacion
16768,entrenamiento
16769,entrenamiento
16770,entrenamiento
16771,entrenamiento
16772,entrenamiento
16773,validacion
16774,entrenamiento
16775,entrenamiento
16776,entrenamiento
16777,prueba
16778,entrenamiento
16779,entrenamiento
16780,validacion
16781,entrenamiento
16782,prueba
16783,prueba
16784,entrenamiento
16785,prueba
16786,validacion
16787,entrenamiento
16788,entrenamiento
16789,entrenamiento
16790,prueba
16791,entrenamiento
16792,validacion
16793,entrenamiento
16794,entrenamiento
16795,entrenamiento
16796,validacion
16797,entrenamiento
16798,entrenamiento
16799,entrenamiento
16800,entrenamiento
16801,entrenamiento
16802,entrenamiento
16803,entrenamiento
16804,entrenamiento
16805,prueba
16806,entrenamiento
16807,entrenamiento
16808,entrenamiento
16809,prueba
16810,entrenamiento
16811,entrenamiento
16812,entrenamiento
16813,prueba
16814,validacion
16815,validacion
16816,prueba
16817,entrenamiento
16818,prueba
16819,entrenamiento
16820,entrenamiento
16821,prueba
16822,entrenamiento
16823,entrenamiento
16824,entrenamiento
16825,validacion
16826,entrenamiento
16827,entrenamiento
16828,validacion
16829,entrenamiento
16830,entrenamiento
16831,entrenamiento
16832,entrenamiento
16833,entrenamiento
16834,prueba
16835,entrenamiento
16836,prueba
16837,entrenamiento
16838,entrenamiento
16839,entrenamiento
16840,entrenamiento
16841,entrenamiento
16842,entrenamiento
16843,prueba
16844,validacion
16845,entrenamiento
16846,entrenamiento
16847,validacion
16848,entrenamiento
16849,entrenamiento
16850,entrenamiento
16851,entrenamiento
16852,validacion
16853,validacion
16854,prueba
16855,entrenamiento
16856,entrenamiento
16857,entrenamiento
16858,entrenamiento
16859,validacion
16860,entrenamiento
16861,entrenamiento
16862,prueba
16863,entrenamiento
16864,prueba
16865,validacion
16866,entrenamiento
16867,entrenamiento
16868,prueba
16869,entrenamiento
16870,prueba
16871,prueba
16872,entrenamiento
16873,validacion
16874,prueba
16875,entrenamiento
16876,prueba
16877,entrenamiento
16878,entrenamiento
16879,prueba
16880,validacion
16881,entrenamiento
16882,entrenamiento
16883,entrenamiento
16884,entrenamiento
16885,prueba
16886,entrenamiento
16887,entrenamiento
16888,entrenamiento
16889,entrenamiento
16890,entrenamiento
16891,entrenamiento
16892,entrenamiento
16893,entrenamiento
16894,entrenamiento
16895,entrenamiento
16896,entrenamiento
16897,prueba
16898,validacion
16899,entrenamiento
16900,entrenamiento
16901,entrenamiento
16902,validacion
16903,entrenamiento
16904,entrenamiento
16905,prueba
16906,entrenamiento
16907,entrenamiento
16908,prueba
16909,entrenamiento
16910,entrenamiento
16911,entrenamiento
16912,entrenamiento
16913,validacion
16914,prueba
16915,entrenamiento
16916,entrenamiento
16917,entrenamiento
16918,entrenamiento
16919,entrenamiento
16920,entrenamiento
16921,prueba
16922,entrenamiento
16923,prueba
16924,prueba
16925,entrenamiento
16926,validacion
16927,prueba
16928,entrenamiento
16929,entrenamiento
16930,entrenamiento
16931,entrenamiento
16932,prueba
16933,validacion
16934,entrenamiento
16935,entrenamiento
16936,entrenamiento
16937,entrenamiento
16938,prueba
16939,entrenamiento
16940,validacion
16941,entrenamiento
16942,entrenamiento
16943,entrenamiento
16944,entrenamiento
16945,entrenamiento
16946,prueba
16947,entrenamiento
16948,entrenamiento
16949,prueba
16950,entrenamiento
16951,entrenamiento
16952,prueba
16953,entrenamiento
16954,validacion
16955,prueba
16956,entrenamiento
16957,entrenamiento
16958,entrenamiento
16959,entrenamiento
16960,entrenamiento
16961,entrenamiento
16962,prueba
16963,prueba
16964,validacion
16965,validacion
16966,validacion
16967,entrenamiento
16968,entrenamiento
16969,prueba
16970,entrenamiento
16971,entrenamiento
16972,prueba
16973,entrenamiento
16974,entrenamiento
16975,prueba
16976,entrenamiento
16977,entrenamiento
16978,entrenamiento
16979,entrenamiento
16980,entrenamiento
16981,entrenamiento
16982,entrenamiento
16983,entrenamiento
16984,entrenamiento
16985,prueba
16986,entrenamiento
16987,entrenamiento
16988,entrenamiento
16989,validacion
16990,entrenamiento
16991,entrenamiento
16992,entrenamiento
16993,entrenamiento
16994,validacion
16995,prueba
16996,prueba
16997,entrenamiento
16998,entrenamiento
16999,validacion
17000,entrenamiento
17001,entrenamiento
17002,prueba
17003,entrenamiento
17004,prueba
17005,entrenamiento
17006,entrenamiento
17007,validacion
17008,entrenamiento
17009,entrenamiento
17010,prueba
17011,entrenamiento
17012,validacion
17013,prueba
17014,validacion
17015,entrenamiento
17016,entrenamiento
17017,prueba
17018,entrenamiento
17019,entrenamiento
17020,entrenamiento
17021,entrenamiento
17022,entrenamiento
17023,entrenamiento
17024,entrenamiento
17025,entrenamiento
17026,entrenamiento
17027,prueba
17028,entrenamiento
17029,entrenamiento
17030,entrenamiento
17031,entrenamiento
17032,validacion
17033,validacion
17034,prueba
17035,prueba
17036,prueba
17037,entrenamiento
17038,entrenamiento
17039,prueba
17040,entrenamiento
17041,prueba
17042,validacion
17043,entrenamiento
17044,entrenamiento
17045,validacion
17046,prueba
17047,prueba
17048,entrenamiento
17049,prueba
17050,entrenamiento
17051,validacion
17052,entrenamiento
17053,entrenamiento
17054,entrenamiento
17055,entrenamiento
17056,entrenamiento
17057,prueba
17058,entrenamiento
17059,entrenamiento
17060,entrenamiento
17061,entrenamiento
17062,entrenamiento
17063,entrenamiento
17064,entrenamiento
17065,entrenamiento
17066,prueba
17067,entrenamiento
17068,prueba
17069,entrenamiento
17070,prueba
17071,entrenamiento
17072,validacion
17073,entrenamiento
17074,entrenamiento
17075,entrenamiento
17076,prueba
17077,prueba
17078,validacion
17079,validacion
17080,prueba
17081,entrenamiento
17082,entrenamiento
17083,validacion
17084,entrenamiento
17085,entrenamiento
17086,entrenamiento
17087,entrenamiento
17088,entrenamiento
17089,entrenamiento
17090,entrenamiento
17091,entrenamiento
17092,entrenamiento
17093,prueba
17094,entrenamiento
17095,entrenamiento
17096,entrenamiento
17097,entrenamiento
17098,entrenamiento
17099,entrenamiento
17100,prueba
17101,entrenamiento
17102,entrenamiento
17103,validacion
17104,entrenamiento
17105,entrenamiento
17106,validacion
17107,entrenamiento
17108,entrenamiento
17109,entrenamiento
17110,prueba
17111,entrenamiento
17112,prueba
17113,entrenamiento
17114,prueba
17115,entrenamiento
17116,prueba
17117,validacion
17118,entrenamiento
17119,entrenamiento
17120,entrenamiento
17121,validacion
17122,validacion
17123,validacion
17124,entrenamiento
17125,entrenamiento
17126,entrenamiento
17127,entrenamiento
17128,entrenamiento
17129,entrenamiento
17130,entrenamiento
17131,prueba
17132,validacion
17133,prueba
17134,entrenamiento
17135,prueba
17136,prueba
17137,validacion
17138,validacion
17139,entrenamiento
17140,entrenamiento
17141,entrenamiento
17142,entrenamiento
17143,prueba
17144,entrenamiento
17145,prueba
17146,entrenamiento
17147,entrenamiento
17148,validacion
17149,entrenamiento
17150,entrenamiento
17151,prueba
17152,entrenamiento
17153,entrenamiento
17154,validacion
17155,entrenamiento
17156,entrenamiento
17157,entrenamiento
17158,entrenamiento
17159,entrenamiento
17160,entrenamiento
17161,entrenamiento
17162,entrenamiento
17163,prueba
17164,entrenamiento
17165,entrenamiento
17166,entrenamiento
17167,entrenamiento
17168,entrenamiento
17169,prueba
17170,prueba
17171,entrenamiento
17172,entrenamiento
17173,entrenamiento
17174,entrenamiento
17175,entrenamiento
17176,entrenamiento
17177,entrenamiento
17178,entrenamiento
17179,entrenamiento
17180,validacion
17181,entrenamiento
17182,entrenamiento
17183,entrenamiento
17184,entrenamiento
17185,prueba
17186,validacion
17187,entrenamiento
17188,entrenamiento
17189,entrenamiento
17190,entrenamiento
17191,entrenamiento
17192,entrenamiento
17193,entrenamiento
17194,prueba
17195,entrenamiento
17196,prueba
17197,entrenamiento
17198,entrenamiento
17199,validacion
17200,entrenamiento
17201,prueba
17202,entrenamiento
17203,entrenamiento
17204,validacion
17205,prueba
17206,entrenamiento
17207,entrenamiento
17208,entrenamiento
17209,entrenamiento
17210,entrenamiento
17211,prueba
17212,validacion
17213,entrenamiento
17214,entrenamiento
17215,entrenamiento
17216,prueba
17217,entrenamiento
17218,entrenamiento
17219,entrenamiento
17220,validacion
17221,prueba
17222,entrenamiento
17223,entrenamiento
17224,entrenamiento
17225,entrenamiento
17226,prueba
17227,entrenamiento
17228,entrenamiento
17229,entrenamiento
17230,entrenamiento
17231,prueba
17232,prueba
17233,prueba
17234,entrenamiento
17235,prueba
17236,validacion
17237,validacion
17238,entrenamiento
17239,entrenamiento
17240,entrenamiento
17241,entrenamiento
17242,prueba
17243,prueba
17244,entrenamiento
17245,entrenamiento
17246,prueba
17247,entrenamiento
17248,entrenamiento
17249,validacion
17250,prueba
17251,entrenamiento
17252,entrenamiento
17253,entrenamiento
17254,entrenamiento
17255,prueba
17256,prueba
17257,entrenamiento
17258,entrenamiento
17259,entrenamiento
17260,entrenamiento
17261,validacion
17262,validacion
17263,entrenamiento
17264,entrenamiento
17265,entrenamiento
17266,entrenamiento
17267,entrenamiento
17268,prueba
17269,prueba
17270,entrenamiento
17271,entrenamiento
17272,entrenamiento
17273,prueba
17274,entrenamiento
17275,entrenamiento
17276,entrenamiento
17277,entrenamiento
17278,entrenamiento
17279,entrenamiento
17280,entrenamiento
17281,validacion
17282,entrenamiento
17283,entrenamiento
17284,validacion
17285,entrenamiento
17286,validacion
17287,validacion
17288,validacion
17289,prueba
17290,entrenamiento
17291,entrenamiento
17292,entrenamiento
17293,entrenamiento
17294,entrenamiento
17295,entrenamiento
17296,entrenamiento
17297,entrenamiento
17298,prueba
17299,entrenamiento
17300,entrenamiento
17301,prueba
17302,validacion
17303,validacion
17304,validacion
17305,validacion
17306,entrenamiento
17307,validacion
17308,entrenamiento
17309,entrenamiento
17310,entrenamiento
17311,prueba
17312,entrenamiento
17313,entrenamiento
17314,prueba
17315,entrenamiento
17316,validacion
17317,entrenamiento
17318,entrenamiento
17319,validacion
17320,entrenamiento
17321,entrenamiento
17322,entrenamiento
17323,entrenamiento
17324,entrenamiento
17325,validacion
17326,entrenamiento
17327,entrenamiento
17328,validacion
17329,validacion
17330,entrenamiento
17331,entrenamiento
17332,validacion
17333,entrenamiento
17334,prueba
17335,validacion
17336,prueba
17337,validacion
17338,prueba
17339,entrenamiento
17340,entrenamiento
17341,prueba
17342,prueba
17343,entrenamiento
17344,validacion
17345,entrenamiento
17346,validacion
17347,entrenamiento
17348,prueba
17349,entrenamiento
17350,entrenamiento
17351,entrenamiento
17352,entrenamiento
17353,entrenamiento
17354,entrenamiento
17355,entrenamiento
17356,entrenamiento
17357,validacion
17358,validacion
17359,entrenamiento
17360,entrenamiento
17361,validacion
17362,entrenamiento
17363,entrenamiento
17364,entrenamiento
17365,entrenamiento
17366,validacion
17367,entrenamiento
17368,entrenamiento
17369,entrenamiento
17370,entrenamiento
17371,entrenamiento
17372,entrenamiento
17373,validacion
17374,entrenamiento
17375,validacion
17376,entrenamiento
17377,validacion
17378,prueba
17379,prueba
17380,prueba
17381,validacion
17382,entrenamiento
17383,entrenamiento
17384,entrenamiento
17385,prueba
17386,prueba
17387,entrenamiento
17388,entrenamiento
17389,entrenamiento
17390,entrenamiento
17391,validacion
17392,entrenamiento
17393,entrenamiento
17394,entrenamiento
17395,entrenamiento
17396,validacion
17397,entrenamiento
17398,validacion
17399,prueba
17400,entrenamiento
17401,prueba
17402,entrenamiento
17403,prueba
17404,entrenamiento
17405,entrenamiento
17406,entrenamiento
17407,entrenamiento
17408,prueba
17409,prueba
17410,prueba
17411,entrenamiento
17412,entrenamiento
17413,entrenamiento
17414,validacion
17415,validacion
17416,entrenamiento
17417,entrenamiento
17418,entrenamiento
17419,validacion
17420,entrenamiento
17421,entrenamiento
17422,entrenamiento
17423,validacion
17424,prueba
17425,validacion
17426,validacion
17427,entrenamiento
17428,entrenamiento
17429,entrenamiento
17430,validacion
17431,entrenamiento
17432,validacion
17433,prueba
17434,entrenamiento
17435,validacion
17436,validacion
17437,entrenamiento
17438,entrenamiento
17439,prueba
17440,entrenamiento
17441,entrenamiento
17442,prueba
17443,entrenamiento
17444,prueba
17445,entrenamiento
17446,prueba
17447,validacion
17448,validacion
17449,entrenamiento
17450,prueba
17451,entrenamiento
17452,entrenamiento
17453,validacion
17454,entrenamiento
17455,entrenamiento
17456,entrenamiento
17457,prueba
17458,entrenamiento
17459,entrenamiento
17460,entrenamiento
17461,entrenamiento
17462,entrenamiento
17463,validacion
17464,entrenamiento
17465,validacion
17466,entrenamiento
17467,entrenamiento
17468,entrenamiento
17469,entrenamiento
17470,entrenamiento
17471,entrenamiento
17472,validacion
17473,entrenamiento
17474,entrenamiento
17475,entrenamiento
17476,validacion
17477,entrenamiento
17478,entrenamiento
17479,entrenamiento
17480,entrenamiento
17481,entrenamiento
17482,prueba
17483,entrenamiento
17484,entrenamiento
17485,entrenamiento
17486,entrenamiento
17487,entrenamiento
17488,entrenamiento
17489,entrenamiento
17490,entrenamiento
17491,prueba
17492,entrenamiento
17493,entrenamiento
17494,entrenamiento
17495,entrenamiento
17496,entrenamiento
17497,validacion
17498,entrenamiento
17499,entrenamiento
17500,entrenamiento
17501,entrenamiento
17502,validacion
17503,entrenamiento
17504,entrenamiento
17505,entrenamiento
17506,entrenamiento
17507,entrenamiento
17508,entrenamiento
17509,entrenamiento
17510,entrenamiento
17511,entrenamiento
17512,validacion
17513,validacion
17514,entrenamiento
17515,validacion
17516,entrenamiento
17517,entrenamiento
17518,entrenamiento
17519,entrenamiento
17520,entrenamiento
17521,validacion
17522,entrenamiento
17523,entrenamiento
17524,entrenamiento
17525,entrenamiento
17526,entrenamiento
17527,entrenamiento
17528,validacion
17529,validacion
17530,entrenamiento
17531,entrenamiento
17532,entrenamiento
17533,entrenamiento
17534,entrenamiento
17535,prueba
17536,entrenamiento
17537,entrenamiento
17538,entrenamiento
17539,entrenamiento
17540,entrenamiento
17541,validacion
17542,prueba
17543,prueba
17544,entrenamiento
17545,entrenamiento
17546,entrenamiento
17547,entrenamiento
17548,entrenamiento
17549,prueba
17550,entrenamiento
17551,entrenamiento
17552,entrenamiento
17553,entrenamiento
17554,prueba
17555,entrenamiento
17556,entrenamiento
17557,prueba
17558,entrenamiento
17559,entrenamiento
17560,entrenamiento
17561,entrenamiento
17562,prueba
17563,entrenamiento
17564,prueba
17565,entrenamiento
17566,validacion
17567,prueba
17568,entrenamiento
17569,prueba
17570,entrenamiento
17571,entrenamiento
17572,entrenamiento
17573,entrenamiento
17574,prueba
17575,entrenamiento
17576,entrenamiento
17577,entrenamiento
17578,entrenamiento
17579,validacion
17580,entrenamiento
17581,entrenamiento
17582,prueba
17583,entrenamiento
17584,entrenamiento
17585,entrenamiento
17586,entrenamiento
17587,entrenamiento
17588,entrenamiento
17589,prueba
17590,validacion
17591,entrenamiento
17592,prueba
17593,entrenamiento
17594,entrenamiento
17595,validacion
17596,entrenamiento
17597,entrenamiento
17598,entrenamiento
17599,entrenamiento
17600,validacion
17601,entrenamiento
17602,entrenamiento
17603,entrenamiento
17604,validacion
17605,entrenamiento
17606,entrenamiento
17607,entrenamiento
17608,prueba
17609,entrenamiento
17610,prueba
17611,prueba
17612,entrenamiento
17613,entrenamiento
17614,entrenamiento
17615,entrenamiento
17616,prueba
17617,entrenamiento
17618,entrenamiento
17619,entrenamiento
17620,prueba
17621,entrenamiento
17622,entrenamiento
17623,validacion
17624,entrenamiento
17625,prueba
17626,entrenamiento
17627,entrenamiento
17628,prueba
17629,validacion
17630,entrenamiento
17631,validacion
17632,prueba
17633,entrenamiento
17634,entrenamiento
17635,entrenamiento
17636,entrenamiento
17637,entrenamiento
17638,prueba
17639,entrenamiento
17640,entrenamiento
17641,entrenamiento
17642,entrenamiento
17643,validacion
17644,entrenamiento
17645,entrenamiento
17646,prueba
17647,entrenamiento
17648,entrenamiento
17649,entrenamiento
17650,entrenamiento
17651,entrenamiento
17652,validacion
17653,entrenamiento
17654,entrenamiento
17655,entrenamiento
17656,entrenamiento
17657,validacion
17658,entrenamiento
17659,prueba
17660,entrenamiento
17661,prueba
17662,prueba
17663,entrenamiento
17664,validacion
17665,entrenamiento
17666,entrenamiento
17667,entrenamiento
17668,prueba
17669,entrenamiento
17670,entrenamiento
17671,entrenamiento
17672,prueba
17673,prueba
17674,entrenamiento
17675,entrenamiento
17676,prueba
17677,validacion
17678,entrenamiento
17679,entrenamiento
17680,entrenamiento
17681,prueba
17682,entrenamiento
17683,entrenamiento
17684,entrenamiento
17685,entrenamiento
17686,validacion
17687,validacion
17688,entrenamiento
17689,entrenamiento
17690,entrenamiento
17691,entrenamiento
17692,entrenamiento
17693,entrenamiento
17694,validacion
17695,entrenamiento
17696,entrenamiento
17697,entrenamiento
17698,prueba
17699,validacion
17700,prueba
17701,entrenamiento
17702,entrenamiento
17703,entrenamiento
17704,entrenamiento
17705,entrenamiento
17706,entrenamiento
17707,prueba
17708,entrenamiento
17709,entrenamiento
17710,entrenamiento
17711,entrenamiento
17712,entrenamiento
17713,entrenamiento
17714,prueba
17715,entrenamiento
17716,entrenamiento
17717,prueba
17718,prueba
17719,entrenamiento
17720,entrenamiento
17721,validacion
17722,validacion
17723,entrenamiento
17724,entrenamiento
17725,entrenamiento
17726,validacion
17727,prueba
17728,validacion
17729,entrenamiento
17730,entrenamiento
17731,prueba
17732,entrenamiento
17733,entrenamiento
17734,entrenamiento
17735,entrenamiento
17736,entrenamiento
17737,validacion
17738,prueba
17739,entrenamiento
17740,entrenamiento
17741,validacion
17742,entrenamiento
17743,entrenamiento
17744,prueba
17745,prueba
17746,prueba
17747,entrenamiento
17748,entrenamiento
17749,entrenamiento
17750,entrenamiento
17751,validacion
17752,prueba
17753,entrenamiento
17754,entrenamiento
17755,prueba
17756,entrenamiento
17757,validacion
17758,validacion
17759,entrenamiento
17760,entrenamiento
17761,entrenamiento
17762,prueba
17763,entrenamiento
17764,entrenamiento
17765,entrenamiento
17766,entrenamiento
17767,entrenamiento
17768,entrenamiento
17769,prueba
17770,entrenamiento
17771,prueba
17772,entrenamiento
17773,entrenamiento
17774,validacion
17775,prueba
17776,validacion
17777,entrenamiento
17778,entrenamiento
17779,validacion
17780,prueba
17781,entrenamiento
17782,entrenamiento
17783,prueba
17784,prueba
17785,validacion
17786,entrenamiento
17787,prueba
17788,validacion
17789,entrenamiento
17790,entrenamiento
17791,entrenamiento
17792,entrenamiento
17793,validacion
17794,entrenamiento
17795,entrenamiento
17796,prueba
17797,entrenamiento
17798,entrenamiento
17799,entrenamiento
17800,entrenamiento
17801,entrenamiento
17802,entrenamiento
17803,validacion
17804,prueba
17805,entrenamiento
17806,validacion
17807,prueba
17808,entrenamiento
17809,entrenamiento
17810,entrenamiento
17811,entrenamiento
17812,entrenamiento
17813,entrenamiento
17814,entrenamiento
17815,validacion
17816,entrenamiento
17817,validacion
17818,validacion
17819,entrenamiento
17820,entrenamiento
17821,entrenamiento
17822,validacion
17823,entrenamiento
17824,prueba
17825,entrenamiento
17826,entrenamiento
17827,entrenamiento
17828,entrenamiento
17829,entrenamiento
17830,prueba
17831,entrenamiento
17832,entrenamiento
17833,entrenamiento
17834,prueba
17835,entrenamiento
17836,prueba
17837,entrenamiento
17838,entrenamiento
17839,entrenamiento
17840,entrenamiento
17841,prueba
17842,prueba
17843,entrenamiento
17844,prueba
17845,entrenamiento
17846,entrenamiento
17847,entrenamiento
17848,entrenamiento
17849,entrenamiento
17850,prueba
17851,prueba
17852,entrenamiento
17853,validacion
17854,entrenamiento
17855,entrenamiento
17856,validacion
17857,prueba
17858,entrenamiento
17859,entrenamiento
17860,validacion
17861,entrenamiento
17862,prueba
17863,entrenamiento
17864,entrenamiento
17865,entrenamiento
17866,entrenamiento
17867,entrenamiento
17868,entrenamiento
17869,entrenamiento
17870,prueba
17871,entrenamiento
17872,entrenamiento
17873,entrenamiento
17874,entrenamiento
17875,prueba
17876,entrenamiento
17877,entrenamiento
17878,entrenamiento
17879,entrenamiento
17880,entrenamiento
17881,entrenamiento
17882,entrenamiento
17883,validacion
17884,validacion
17885,validacion
17886,entrenamiento
17887,entrenamiento
17888,validacion
17889,entrenamiento
17890,entrenamiento
17891,prueba
17892,prueba
17893,validacion
17894,entrenamiento
17895,prueba
17896,entrenamiento
17897,entrenamiento
17898,prueba
17899,entrenamiento
17900,entrenamiento
17901,entrenamiento
17902,entrenamiento
17903,validacion
17904,entrenamiento
17905,entrenamiento
17906,entrenamiento
17907,prueba
17908,prueba
17909,entrenamiento
17910,entrenamiento
17911,prueba
17912,prueba
17913,entrenamiento
17914,entrenamiento
17915,prueba
17916,entrenamiento
17917,entrenamiento
17918,prueba
17919,entrenamiento
17920,prueba
17921,entrenamiento
17922,validacion
17923,entrenamiento
17924,validacion
17925,prueba
17926,entrenamiento
17927,entrenamiento
17928,entrenamiento
17929,entrenamiento
17930,entrenamiento
17931,entrenamiento
17932,entrenamiento
17933,entrenamiento
17934,entrenamiento
17935,prueba
17936,entrenamiento
17937,entrenamiento
17938,prueba
17939,entrenamiento
17940,entrenamiento
17941,prueba
17942,validacion
17943,entrenamiento
17944,entrenamiento
17945,validacion
17946,validacion
17947,validacion
17948,validacion
17949,entrenamiento
17950,entrenamiento
17951,validacion
17952,entrenamiento
17953,validacion
17954,prueba
17955,entrenamiento
17956,entrenamiento
17957,prueba
17958,entrenamiento
17959,prueba
17960,validacion
17961,entrenamiento
17962,entrenamiento
17963,entrenamiento
17964,entrenamiento
17965,prueba
17966,entrenamiento
17967,entrenamiento
17968,prueba
17969,entrenamiento
17970,entrenamiento
17971,entrenamiento
17972,entrenamiento
17973,validacion
17974,entrenamiento
17975,entrenamiento
17976,entrenamiento
17977,entrenamiento
17978,validacion
17979,entrenamiento
17980,entrenamiento
17981,prueba
17982,entrenamiento
17983,entrenamiento
17984,entrenamiento
17985,entrenamiento
17986,validacion
17987,entrenamiento
17988,entrenamiento
17989,prueba
17990,validacion
17991,entrenamiento
17992,entrenamiento
17993,entrenamiento
17994,prueba
17995,entrenamiento
17996,entrenamiento
17997,validacion
17998,entrenamiento
17999,prueba
18000,entrenamiento
18001,entrenamiento
18002,prueba
18003,entrenamiento
18004,entrenamiento
18005,entrenamiento
18006,prueba
18007,prueba
18008,entrenamiento
18009,validacion
18010,entrenamiento
18011,prueba
18012,entrenamiento
18013,entrenamiento
18014,entrenamiento
18015,prueba
18016,entrenamiento
18017,entrenamiento
18018,entrenamiento
18019,entrenamiento
18020,entrenamiento
18021,entrenamiento
18022,validacion
18023,entrenamiento
18024,validacion
18025,validacion
18026,entrenamiento
18027,entrenamiento
18028,validacion
18029,entrenamiento
18030,entrenamiento
18031,prueba
18032,prueba
18033,entrenamiento
18034,entrenamiento
18035,validacion
18036,entrenamiento
18037,entrenamiento
18038,entrenamiento
18039,prueba
18040,entrenamiento
18041,entrenamiento
18042,prueba
18043,entrenamiento
18044,prueba
18045,entrenamiento
18046,validacion
18047,entrenamiento
18048,entrenamiento
18049,entrenamiento
18050,entrenamiento
18051,entrenamiento
18052,entrenamiento
18053,prueba
18054,entrenamiento
18055,prueba
18056,prueba
18057,entrenamiento
18058,validacion
18059,prueba
18060,entrenamiento
18061,validacion
18062,prueba
18063,prueba
18064,validacion
18065,entrenamiento
18066,prueba
18067,entrenamiento
18068,entrenamiento
18069,entrenamiento
18070,prueba
18071,prueba
18072,entrenamiento
18073,prueba
18074,entrenamiento
18075,entrenamiento
18076,entrenamiento
18077,entrenamiento
18078,validacion
18079,entrenamiento
18080,entrenamiento
18081,prueba
18082,entrenamiento
18083,entrenamiento
18084,prueba
18085,entrenamiento
18086,entrenamiento
18087,entrenamiento
18088,entrenamiento
18089,entrenamiento
18090,entrenamiento
18091,prueba
18092,validacion
18093,validacion
18094,validacion
18095,entrenamiento
18096,entrenamiento
18097,entrenamiento
18098,entrenamiento
18099,validacion
18100,entrenamiento
18101,validacion
18102,entrenamiento
18103,entrenamiento
18104,entrenamiento
18105,prueba
18106,validacion
18107,entrenamiento
18108,validacion
18109,entrenamiento
18110,validacion
18111,validacion
18112,entrenamiento
18113,validacion
18114,prueba
18115,prueba
18116,entrenamiento
18117,entrenamiento
18118,entrenamiento
18119,validacion
18120,entrenamiento
18121,entrenamiento
18122,validacion
18123,entrenamiento
18124,validacion
18125,validacion
18126,entrenamiento
18127,validacion
18128,entrenamiento
18129,entrenamiento
18130,entrenamiento
18131,entrenamiento
18132,entrenamiento
18133,prueba
18134,prueba
18135,prueba
18136,entrenamiento
18137,entrenamiento
18138,entrenamiento
18139,prueba
18140,prueba
18141,entrenamiento
18142,entrenamiento
18143,validacion
18144,entrenamiento
18145,prueba
18146,validacion
18147,prueba
18148,validacion
18149,entrenamiento
18150,entrenamiento
18151,entrenamiento
18152,entrenamiento
18153,entrenamiento
18154,entrenamiento
18155,prueba
18156,entrenamiento
18157,entrenamiento
18158,prueba
18159,entrenamiento
18160,validacion
18161,prueba
18162,entrenamiento
18163,entrenamiento
18164,entrenamiento
18165,prueba
18166,entrenamiento
18167,validacion
18168,prueba
18169,entrenamiento
18170,entrenamiento
18171,prueba
18172,prueba
18173,entrenamiento
18174,validacion
18175,prueba
18176,entrenamiento
18177,entrenamiento
18178,validacion
18179,validacion
18180,entrenamiento
18181,prueba
18182,entrenamiento
18183,validacion
18184,entrenamiento
18185,entrenamiento
18186,validacion
18187,entrenamiento
18188,entrenamiento
18189,entrenamiento
18190,entrenamiento
18191,entrenamiento
18192,entrenamiento
18193,entrenamiento
18194,entrenamiento
18195,entrenamiento
18196,prueba
18197,entrenamiento
18198,validacion
18199,entrenamiento
18200,prueba
18201,entrenamiento
18202,prueba
18203,entrenamiento
18204,entrenamiento
18205,entrenamiento
18206,validacion
18207,validacion
18208,entrenamiento
18209,validacion
18210,prueba
18211,entrenamiento
18212,entrenamiento
18213,entrenamiento
18214,entrenamiento
18215,entrenamiento
18216,entrenamiento
18217,entrenamiento
18218,prueba
18219,prueba
18220,entrenamiento
18221,entrenamiento
18222,entrenamiento
18223,prueba
18224,entrenamiento
18225,validacion
18226,validacion
18227,entrenamiento
18228,prueba
18229,entrenamiento
18230,prueba
18231,entrenamiento
18232,entrenamiento
18233,entrenamiento
18234,prueba
18235,entrenamiento
18236,entrenamiento
18237,entrenamiento
18238,entrenamiento
18239,entrenamiento
18240,entrenamiento
18241,entrenamiento
18242,entrenamiento
18243,entrenamiento
18244,entrenamiento
18245,validacion
18246,prueba
18247,entrenamiento
18248,prueba
18249,entrenamiento
18250,entrenamiento
18251,entrenamiento
18252,prueba
18253,prueba
18254,entrenamiento
18255,entrenamiento
18256,entrenamiento
18257,prueba
18258,entrenamiento
18259,entrenamiento
18260,entrenamiento
18261,prueba
18262,prueba
18263,entrenamiento
18264,entrenamiento
18265,entrenamiento
18266,validacion
18267,prueba
18268,entrenamiento
18269,entrenamiento
18270,entrenamiento
18271,entrenamiento
18272,entrenamiento
18273,entrenamiento
18274,entrenamiento
18275,validacion
18276,entrenamiento
18277,entrenamiento
18278,entrenamiento
18279,entrenamiento
18280,prueba
18281,entrenamiento
18282,entrenamiento
18283,prueba
18284,entrenamiento
18285,entrenamiento
18286,entrenamiento
18287,entrenamiento
18288,entrenamiento
18289,entrenamiento
18290,prueba
18291,entrenamiento
18292,entrenamiento
18293,entrenamiento
18294,entrenamiento
18295,entrenamiento
18296,entrenamiento
18297,prueba
18298,prueba
18299,entrenamiento
18300,entrenamiento
18301,entrenamiento
18302,entrenamiento
18303,validacion
18304,entrenamiento
18305,entrenamiento
18306,entrenamiento
18307,prueba
18308,validacion
18309,entrenamiento
18310,prueba
18311,prueba
18312,prueba
18313,entrenamiento
18314,prueba
18315,entrenamiento
18316,entrenamiento
18317,validacion
18318,entrenamiento
18319,entrenamiento
18320,entrenamiento
18321,entrenamiento
18322,prueba
18323,prueba
18324,entrenamiento
18325,validacion
18326,entrenamiento
18327,entrenamiento
18328,entrenamiento
18329,validacion
18330,validacion
18331,entrenamiento
18332,entrenamiento
18333,entrenamiento
18334,entrenamiento
18335,entrenamiento
18336,validacion
18337,entrenamiento
18338,entrenamiento
18339,entrenamiento
18340,prueba
18341,entrenamiento
18342,entrenamiento
18343,entrenamiento
18344,entrenamiento
18345,entrenamiento
18346,prueba
18347,validacion
18348,prueba
18349,prueba
18350,entrenamiento
18351,validacion
18352,prueba
18353,entrenamiento
18354,entrenamiento
18355,validacion
18356,validacion
18357,prueba
18358,entrenamiento
18359,prueba
18360,validacion
18361,entrenamiento
18362,prueba
18363,entrenamiento
18364,entrenamiento
18365,validacion
18366,prueba
18367,entrenamiento
18368,prueba
18369,validacion
18370,entrenamiento
18371,entrenamiento
18372,entrenamiento
18373,entrenamiento
18374,entrenamiento
18375,prueba
18376,entrenamiento
18377,validacion
18378,entrenamiento
18379,entrenamiento
18380,entrenamiento
18381,entrenamiento
18382,entrenamiento
18383,validacion
18384,entrenamiento
18385,validacion
18386,entrenamiento
18387,entrenamiento
18388,prueba
18389,entrenamiento
18390,entrenamiento
18391,prueba
18392,entrenamiento
18393,entrenamiento
18394,entrenamiento
18395,entrenamiento
18396,prueba
18397,entrenamiento
18398,entrenamiento
18399,entrenamiento
18400,entrenamiento
18401,entrenamiento
18402,validacion
18403,validacion
18404,entrenamiento
18405,entrenamiento
18406,entrenamiento
18407,validacion
18408,entrenamiento
18409,prueba
18410,entrenamiento
18411,entrenamiento
18412,validacion
18413,entrenamiento
18414,entrenamiento
18415,prueba
18416,entrenamiento
18417,entrenamiento
18418,validacion
18419,entrenamiento
18420,entrenamiento
18421,prueba
18422,entrenamiento
18423,entrenamiento
18424,prueba
18425,entrenamiento
18426,prueba
18427,prueba
18428,entrenamiento
18429,entrenamiento
18430,entrenamiento
18431,entrenamiento
18432,prueba
18433,entrenamiento
18434,validacion
18435,entrenamiento
18436,entrenamiento
18437,entrenamiento
18438,entrenamiento
18439,entrenamiento
18440,prueba
18441,entrenamiento
18442,entrenamiento
18443,entrenamiento
18444,prueba
18445,validacion
18446,entrenamiento
18447,validacion
18448,entrenamiento
18449,entrenamiento
18450,validacion
18451,entrenamiento
18452,entrenamiento
18453,validacion
18454,validacion
18455,entrenamiento
18456,entrenamiento
18457,entrenamiento
18458,entrenamiento
18459,entrenamiento
18460,entrenamiento
18461,entrenamiento
18462,entrenamiento
18463,entrenamiento
18464,validacion
18465,validacion
18466,validacion
18467,prueba
18468,prueba
18469,entrenamiento
18470,entrenamiento
18471,validacion
18472,prueba
18473,prueba
18474,entrenamiento
18475,entrenamiento
18476,entrenamiento
18477,entrenamiento
18478,entrenamiento
18479,entrenamiento
18480,prueba
18481,entrenamiento
18482,prueba
18483,entrenamiento
18484,entrenamiento
18485,entrenamiento
18486,entrenamiento
18487,entrenamiento
18488,validacion
18489,entrenamiento
18490,prueba
18491,entrenamiento
18492,entrenamiento
18493,entrenamiento
18494,entrenamiento
18495,entrenamiento
18496,entrenamiento
18497,entrenamiento
18498,entrenamiento
18499,prueba
18500,entrenamiento
18501,entrenamiento
18502,entrenamiento
18503,entrenamiento
18504,entrenamiento
18505,entrenamiento
18506,entrenamiento
18507,entrenamiento
18508,entrenamiento
18509,validacion
18510,entrenamiento
18511,entrenamiento
18512,entrenamiento
18513,validacion
18514,entrenamiento
18515,entrenamiento
18516,prueba
18517,prueba
18518,entrenamiento
18519,validacion
18520,entrenamiento
18521,prueba
18522,entrenamiento
18523,entrenamiento
18524,entrenamiento
18525,entrenamiento
18526,entrenamiento
18527,validacion
18528,entrenamiento
18529,entrenamiento
18530,validacion
18531,entrenamiento
18532,entrenamiento
18533,entrenamiento
18534,entrenamiento
18535,prueba
18536,entrenamiento
18537,prueba
18538,validacion
18539,entrenamiento
18540,prueba
18541,entrenamiento
18542,entrenamiento
18543,prueba
18544,entrenamiento
18545,entrenamiento
18546,entrenamiento
18547,entrenamiento
18548,validacion
18549,entrenamiento
18550,prueba
18551,entrenamiento
18552,validacion
18553,prueba
18554,validacion
18555,prueba
18556,entrenamiento
18557,entrenamiento
18558,prueba
18559,validacion
18560,prueba
18561,entrenamiento
18562,prueba
18563,prueba
18564,validacion
18565,entrenamiento
18566,validacion
18567,prueba
18568,entrenamiento
18569,prueba
18570,entrenamiento
18571,entrenamiento
18572,prueba
18573,entrenamiento
18574,entrenamiento
18575,validacion
18576,prueba
18577,validacion
18578,entrenamiento
18579,entrenamiento
18580,prueba
18581,entrenamiento
18582,entrenamiento
18583,entrenamiento
18584,entrenamiento
18585,prueba
18586,prueba
18587,prueba
18588,entrenamiento
18589,validacion
18590,entrenamiento
18591,entrenamiento
18592,validacion
18593,validacion
18594,prueba
18595,entrenamiento
18596,prueba
18597,entrenamiento
18598,validacion
18599,entrenamiento
18600,validacion
18601,entrenamiento
18602,entrenamiento
18603,entrenamiento
18604,validacion
18605,entrenamiento
18606,entrenamiento
18607,entrenamiento
18608,validacion
18609,prueba
18610,entrenamiento
18611,entrenamiento
18612,entrenamiento
18613,validacion
18614,entrenamiento
18615,prueba
18616,entrenamiento
18617,prueba
18618,entrenamiento
18619,entrenamiento
18620,entrenamiento
18621,prueba
18622,entrenamiento
18623,prueba
18624,entrenamiento
18625,entrenamiento
18626,entrenamiento
18627,prueba
18628,prueba
18629,entrenamiento
18630,entrenamiento
18631,entrenamiento
18632,entrenamiento
18633,entrenamiento
18634,validacion
18635,validacion
18636,entrenamiento
18637,validacion
18638,entrenamiento
18639,entrenamiento
18640,validacion
18641,prueba
18642,entrenamiento
18643,entrenamiento
18644,entrenamiento
18645,entrenamiento
18646,prueba
18647,entrenamiento
18648,prueba
18649,entrenamiento
18650,entrenamiento
18651,entrenamiento
18652,entrenamiento
18653,entrenamiento
18654,entrenamiento
18655,prueba
18656,entrenamiento
18657,prueba
18658,entrenamiento
18659,entrenamiento
18660,entrenamiento
18661,entrenamiento
18662,entrenamiento
18663,entrenamiento
18664,validacion
18665,entrenamiento
18666,prueba
18667,prueba
18668,entrenamiento
18669,entrenamiento
18670,entrenamiento
18671,prueba
18672,entrenamiento
18673,entrenamiento
18674,entrenamiento
18675,validacion
18676,entrenamiento
18677,entrenamiento
18678,prueba
18679,entrenamiento
18680,validacion
18681,prueba
18682,entrenamiento
18683,entrenamiento
18684,entrenamiento
18685,prueba
18686,validacion
18687,entrenamiento
18688,entrenamiento
18689,entrenamiento
18690,validacion
18691,validacion
18692,entrenamiento
18693,validacion
18694,entrenamiento
18695,entrenamiento
18696,entrenamiento
18697,entrenamiento
18698,prueba
18699,validacion
18700,prueba
18701,prueba
18702,entrenamiento
18703,prueba
18704,validacion
18705,validacion
18706,entrenamiento
18707,entrenamiento
18708,entrenamiento
18709,entrenamiento
18710,entrenamiento
18711,entrenamiento
18712,prueba
18713,entrenamiento
18714,entrenamiento
18715,entrenamiento
18716,entrenamiento
18717,entrenamiento
18718,validacion
18719,entrenamiento
18720,entrenamiento
18721,entrenamiento
18722,entrenamiento
18723,entrenamiento
18724,prueba
18725,entrenamiento
18726,entrenamiento
18727,entrenamiento
18728,entrenamiento
18729,validacion
18730,entrenamiento
18731,entrenamiento
18732,entrenamiento
18733,prueba
18734,entrenamiento
18735,prueba
18736,entrenamiento
18737,validacion
18738,entrenamiento
18739,entrenamiento
18740,entrenamiento
18741,prueba
18742,validacion
18743,entrenamiento
18744,entrenamiento
18745,entrenamiento
18746,entrenamiento
18747,entrenamiento
18748,prueba
18749,entrenamiento
18750,entrenamiento
18751,entrenamiento
18752,prueba
18753,entrenamiento
18754,entrenamiento
18755,entrenamiento
18756,entrenamiento
18757,entrenamiento
18758,entrenamiento
18759,entrenamiento
18760,entrenamiento
18761,prueba
18762,entrenamiento
18763,entrenamiento
18764,prueba
18765,prueba
18766,entrenamiento
18767,entrenamiento
18768,entrenamiento
18769,validacion
18770,prueba
18771,entrenamiento
18772,validacion
18773,validacion
18774,entrenamiento
18775,entrenamiento
18776,entrenamiento
18777,prueba
18778,entrenamiento
18779,validacion
18780,entrenamiento
18781,prueba
18782,entrenamiento
18783,entrenamiento
18784,prueba
18785,validacion
18786,validacion
18787,entrenamiento
18788,entrenamiento
18789,entrenamiento
18790,entrenamiento
18791,validacion
18792,entrenamiento
18793,prueba
18794,entrenamiento
18795,prueba
18796,entrenamiento
18797,validacion
18798,validacion
18799,entrenamiento
18800,validacion
18801,validacion
18802,entrenamiento
18803,validacion
18804,entrenamiento
18805,entrenamiento
18806,entrenamiento
18807,prueba
18808,entrenamiento
18809,prueba
18810,entrenamiento
18811,entrenamiento
18812,entrenamiento
18813,entrenamiento
18814,entrenamiento
18815,entrenamiento
18816,entrenamiento
18817,prueba
18818,validacion
18819,entrenamiento
18820,prueba
18821,entrenamiento
18822,entrenamiento
18823,entrenamiento
18824,entrenamiento
18825,prueba
18826,entrenamiento
18827,entrenamiento
18828,prueba
18829,entrenamiento
18830,entrenamiento
18831,entrenamiento
18832,entrenamiento
18833,validacion
18834,entrenamiento
18835,entrenamiento
18836,entrenamiento
18837,entrenamiento
18838,prueba
18839,prueba
18840,prueba
18841,entrenamiento
18842,validacion
18843,entrenamiento
18844,entrenamiento
18845,entrenamiento
18846,prueba
18847,entrenamiento
18848,entrenamiento
18849,entrenamiento
18850,entrenamiento
18851,entrenamiento
18852,validacion
18853,entrenamiento
18854,validacion
18855,prueba
18856,entrenamiento
18857,validacion
18858,entrenamiento
18859,entrenamiento
18860,entrenamiento
18861,validacion
18862,entrenamiento
18863,validacion
18864,validacion
18865,entrenamiento
18866,entrenamiento
18867,validacion
18868,prueba
18869,entrenamiento
18870,validacion
18871,prueba
18872,entrenamiento
18873,entrenamiento
18874,entrenamiento
18875,entrenamiento
18876,entrenamiento
18877,entrenamiento
18878,prueba
18879,entrenamiento
18880,prueba
18881,entrenamiento
18882,entrenamiento
18883,entrenamiento
18884,validacion
18885,entrenamiento
18886,prueba
18887,entrenamiento
18888,entrenamiento
18889,entrenamiento
18890,entrenamiento
18891,entrenamiento
18892,entrenamiento
18893,entrenamiento
18894,entrenamiento
18895,entrenamiento
18896,validacion
18897,entrenamiento
18898,entrenamiento
18899,prueba
18900,entrenamiento
18901,entrenamiento
18902,entrenamiento
18903,prueba
18904,entrenamiento
18905,prueba
18906,entrenamiento
18907,prueba
18908,entrenamiento
18909,validacion
18910,entrenamiento
18911,prueba
18912,entrenamiento
18913,entrenamiento
18914,entrenamiento
18915,entrenamiento
18916,entrenamiento
18917,prueba
18918,validacion
18919,entrenamiento
18920,entrenamiento
18921,validacion
18922,prueba
18923,entrenamiento
18924,entrenamiento
18925,prueba
18926,validacion
18927,entrenamiento
18928,validacion
18929,entrenamiento
18930,entrenamiento
18931,entrenamiento
18932,entrenamiento
18933,entrenamiento
18934,validacion
18935,entrenamiento
18936,entrenamiento
18937,entrenamiento
18938,prueba
18939,entrenamiento
18940,prueba
18941,entrenamiento
18942,entrenamiento
18943,entrenamiento
18944,entrenamiento
18945,entrenamiento
18946,prueba
18947,entrenamiento
18948,validacion
18949,entrenamiento
18950,entrenamiento
18951,prueba
18952,entrenamiento
18953,prueba
18954,validacion
18955,entrenamiento
18956,entrenamiento
18957,prueba
18958,entrenamiento
18959,entrenamiento
18960,prueba
18961,validacion
18962,entrenamiento
18963,entrenamiento
18964,entrenamiento
18965,entrenamiento
18966,entrenamiento
18967,entrenamiento
18968,entrenamiento
18969,entrenamiento
18970,validacion
18971,entrenamiento
18972,entrenamiento
18973,entrenamiento
18974,entrenamiento
18975,entrenamiento
18976,entrenamiento
18977,entrenamiento
18978,validacion
18979,validacion
18980,validacion
18981,prueba
18982,validacion
18983,validacion
18984,entrenamiento
18985,entrenamiento
18986,entrenamiento
18987,entrenamiento
18988,entrenamiento
18989,entrenamiento
18990,entrenamiento
18991,validacion
18992,prueba
18993,entrenamiento
18994,entrenamiento
18995,prueba
18996,validacion
18997,entrenamiento
18998,prueba
18999,entrenamiento
19000,validacion
19001,entrenamiento
19002,entrenamiento
19003,entrenamiento
19004,prueba
19005,prueba
19006,entrenamiento
19007,validacion
19008,prueba
19009,entrenamiento
19010,entrenamiento
19011,entrenamiento
19012,entrenamiento
19013,entrenamiento
19014,entrenamiento
19015,entrenamiento
19016,entrenamiento
19017,entrenamiento
19018,entrenamiento
19019,prueba
19020,entrenamiento
19021,entrenamiento
19022,entrenamiento
19023,entrenamiento
19024,prueba
19025,prueba
19026,entrenamiento
19027,prueba
19028,entrenamiento
19029,entrenamiento
19030,entrenamiento
19031,entrenamiento
19032,prueba
19033,validacion
19034,validacion
19035,entrenamiento
19036,entrenamiento
19037,entrenamiento
19038,entrenamiento
19039,entrenamiento
19040,validacion
19041,entrenamiento
19042,entrenamiento
19043,validacion
19044,entrenamiento
19045,prueba
19046,entrenamiento
19047,entrenamiento
19048,entrenamiento
19049,prueba
19050,validacion
19051,entrenamiento
19052,entrenamiento
19053,prueba
19054,prueba
19055,entrenamiento
19056,prueba
19057,entrenamiento
19058,entrenamiento
19059,entrenamiento
19060,entrenamiento
19061,entrenamiento
19062,entrenamiento
19063,entrenamiento
19064,prueba
19065,entrenamiento
19066,entrenamiento
19067,validacion
19068,prueba
19069,prueba
19070,prueba
19071,entrenamiento
19072,entrenamiento
19073,entrenamiento
19074,entrenamiento
19075,validacion
19076,validacion
19077,entrenamiento
19078,validacion
19079,entrenamiento
19080,entrenamiento
19081,entrenamiento
19082,entrenamiento
19083,entrenamiento
19084,entrenamiento
19085,prueba
19086,entrenamiento
19087,entrenamiento
19088,entrenamiento
19089,entrenamiento
19090,entrenamiento
19091,entrenamiento
19092,entrenamiento
19093,prueba
19094,entrenamiento
19095,entrenamiento
19096,entrenamiento
19097,prueba
19098,entrenamiento
19099,prueba
19100,entrenamiento
19101,validacion
19102,entrenamiento
19103,entrenamiento
19104,entrenamiento
19105,validacion
19106,entrenamiento
19107,prueba
19108,entrenamiento
19109,prueba
19110,entrenamiento
19111,entrenamiento
19112,entrenamiento
19113,entrenamiento
19114,prueba
19115,entrenamiento
19116,entrenamiento
19117,validacion
19118,entrenamiento
19119,entrenamiento
19120,prueba
19121,entrenamiento
19122,prueba
19123,entrenamiento
19124,entrenamiento
19125,entrenamiento
19126,entrenamiento
19127,entrenamiento
19128,validacion
19129,entrenamiento
19130,prueba
19131,prueba
19132,entrenamiento
19133,entrenamiento
19134,validacion
19135,validacion
19136,validacion
19137,entrenamiento
19138,prueba
19139,entrenamiento
19140,validacion
19141,prueba
19142,validacion
19143,entrenamiento
19144,entrenamiento
19145,prueba
19146,entrenamiento
19147,entrenamiento
19148,entrenamiento
19149,entrenamiento
19150,validacion
19151,validacion
19152,entrenamiento
19153,validacion
19154,entrenamiento
19155,prueba
19156,prueba
19157,entrenamiento
19158,entrenamiento
19159,entrenamiento
19160,entrenamiento
19161,entrenamiento
19162,entrenamiento
19163,validacion
19164,entrenamiento
19165,prueba
19166,entrenamiento
19167,entrenamiento
19168,entrenamiento
19169,validacion
19170,entrenamiento
19171,prueba
19172,entrenamiento
19173,prueba
19174,entrenamiento
19175,entrenamiento
19176,prueba
19177,validacion
19178,entrenamiento
19179,entrenamiento
19180,entrenamiento
19181,entrenamiento
19182,entrenamiento
19183,prueba
19184,validacion
19185,prueba
19186,validacion
19187,entrenamiento
19188,entrenamiento
19189,entrenamiento
19190,validacion
19191,validacion
19192,entrenamiento
19193,prueba
19194,entrenamiento
19195,entrenamiento
19196,validacion
19197,prueba
19198,entrenamiento
19199,entrenamiento
19200,prueba
19201,validacion
19202,validacion
19203,entrenamiento
19204,entrenamiento
19205,prueba
19206,validacion
19207,prueba
19208,prueba
19209,prueba
19210,prueba
19211,entrenamiento
19212,entrenamiento
19213,validacion
19214,entrenamiento
19215,prueba
19216,entrenamiento
19217,prueba
19218,entrenamiento
19219,entrenamiento
19220,prueba
19221,entrenamiento
19222,entrenamiento
19223,validacion
19224,prueba
19225,prueba
19226,entrenamiento
19227,entrenamiento
19228,prueba
19229,validacion
19230,entrenamiento
19231,entrenamiento
19232,validacion
19233,entrenamiento
19234,prueba
19235,entrenamiento
19236,entrenamiento
19237,entrenamiento
19238,entrenamiento
19239,entrenamiento
19240,entrenamiento
19241,entrenamiento
19242,prueba
19243,validacion
19244,entrenamiento
19245,prueba
19246,prueba
19247,entrenamiento
19248,entrenamiento
19249,prueba
19250,entrenamiento
19251,entrenamiento
19252,entrenamiento
19253,entrenamiento
19254,entrenamiento
19255,entrenamiento
19256,entrenamiento
19257,entrenamiento
19258,entrenamiento
19259,entrenamiento
19260,prueba
19261,entrenamiento
19262,entrenamiento
19263,prueba
19264,entrenamiento
19265,entrenamiento
19266,prueba
19267,entrenamiento
19268,prueba
19269,entrenamiento
19270,entrenamiento
19271,entrenamiento
19272,prueba
19273,validacion
19274,prueba
19275,entrenamiento
19276,entrenamiento
19277,validacion
19278,entrenamiento
19279,prueba
19280,validacion
19281,prueba
19282,validacion
19283,entrenamiento
19284,entrenamiento
19285,prueba
19286,validacion
19287,entrenamiento
19288,entrenamiento
19289,entrenamiento
19290,entrenamiento
19291,validacion
19292,prueba
19293,entrenamiento
19294,entrenamiento
19295,entrenamiento
19296,entrenamiento
19297,validacion
19298,entrenamiento
19299,prueba
19300,entrenamiento
19301,prueba
19302,entrenamiento
19303,validacion
19304,prueba
19305,prueba
19306,prueba
19307,entrenamiento
19308,entrenamiento
19309,entrenamiento
19310,entrenamiento
19311,entrenamiento
19312,entrenamiento
19313,entrenamiento
19314,prueba
19315,entrenamiento
19316,validacion
19317,entrenamiento
19318,entrenamiento
19319,entrenamiento
19320,prueba
19321,entrenamiento
19322,entrenamiento
19323,prueba
19324,entrenamiento
19325,entrenamiento
19326,entrenamiento
19327,entrenamiento
19328,entrenamiento
19329,entrenamiento
19330,entrenamiento
19331,entrenamiento
19332,entrenamiento
19333,entrenamiento
19334,entrenamiento
19335,validacion
19336,entrenamiento
19337,entrenamiento
19338,entrenamiento
19339,entrenamiento
19340,prueba
19341,prueba
19342,prueba
19343,entrenamiento
19344,entrenamiento
19345,entrenamiento
19346,entrenamiento
19347,prueba
19348,entrenamiento
19349,validacion
19350,validacion
19351,prueba
19352,entrenamiento
19353,entrenamiento
19354,validacion
19355,entrenamiento
19356,prueba
19357,entrenamiento
19358,entrenamiento
19359,prueba
19360,prueba
19361,validacion
19362,entrenamiento
19363,prueba
19364,prueba
19365,entrenamiento
19366,entrenamiento
19367,entrenamiento
19368,validacion
19369,entrenamiento
19370,validacion
19371,entrenamiento
19372,entrenamiento
19373,prueba
19374,prueba
19375,entrenamiento
19376,entrenamiento
19377,entrenamiento
19378,prueba
19379,entrenamiento
19380,entrenamiento
19381,entrenamiento
19382,prueba
19383,entrenamiento
19384,entrenamiento
19385,prueba
19386,entrenamiento
19387,validacion
19388,entrenamiento
19389,validacion
19390,entrenamiento
19391,entrenamiento
19392,validacion
19393,prueba
19394,entrenamiento
19395,entrenamiento
19396,entrenamiento
19397,entrenamiento
19398,prueba
19399,entrenamiento
19400,entrenamiento
19401,entrenamiento
19402,prueba
19403,entrenamiento
19404,entrenamiento
19405,entrenamiento
19406,entrenamiento
19407,prueba
19408,validacion
19409,entrenamiento
19410,prueba
19411,prueba
19412,validacion
19413,entrenamiento
19414,entrenamiento
19415,prueba
19416,entrenamiento
19417,entrenamiento
19418,prueba
19419,entrenamiento
19420,validacion
19421,entrenamiento
19422,entrenamiento
19423,entrenamiento
19424,entrenamiento
19425,entrenamiento
19426,validacion
19427,prueba
19428,entrenamiento
19429,entrenamiento
19430,entrenamiento
19431,entrenamiento
19432,entrenamiento
19433,entrenamiento
19434,entrenamiento
19435,entrenamiento
19436,entrenamiento
19437,validacion
19438,entrenamiento
19439,entrenamiento
19440,prueba
19441,validacion
19442,entrenamiento
19443,validacion
19444,prueba
19445,prueba
19446,validacion
19447,entrenamiento
19448,entrenamiento
19449,entrenamiento
19450,prueba
19451,entrenamiento
19452,entrenamiento
19453,prueba
19454,prueba
19455,entrenamiento
19456,prueba
19457,prueba
19458,entrenamiento
19459,entrenamiento
19460,entrenamiento
19461,entrenamiento
19462,entrenamiento
19463,entrenamiento
19464,entrenamiento
19465,validacion
19466,entrenamiento
19467,entrenamiento
19468,entrenamiento
19469,entrenamiento
19470,validacion
19471,entrenamiento
19472,entrenamiento
19473,prueba
19474,prueba
19475,validacion
19476,entrenamiento
19477,entrenamiento
19478,prueba
19479,prueba
19480,prueba
19481,entrenamiento
19482,entrenamiento
19483,entrenamiento
19484,entrenamiento
19485,entrenamiento
19486,entrenamiento
19487,entrenamiento
19488,entrenamiento
19489,entrenamiento
19490,entrenamiento
19491,validacion
19492,entrenamiento
19493,entrenamiento
19494,prueba
19495,entrenamiento
19496,entrenamiento
19497,entrenamiento
19498,entrenamiento
19499,entrenamiento
19500,entrenamiento
19501,entrenamiento
19502,validacion
19503,entrenamiento
19504,prueba
19505,entrenamiento
19506,entrenamiento
19507,entrenamiento
19508,entrenamiento
19509,validacion
19510,entrenamiento
19511,entrenamiento
19512,entrenamiento
19513,entrenamiento
19514,prueba
19515,entrenamiento
19516,entrenamiento
19517,prueba
19518,validacion
19519,validacion
19520,entrenamiento
19521,entrenamiento
19522,entrenamiento
19523,prueba
19524,entrenamiento
19525,validacion
19526,entrenamiento
19527,entrenamiento
19528,validacion
19529,entrenamiento
19530,entrenamiento
19531,entrenamiento
19532,entrenamiento
19533,entrenamiento
19534,entrenamiento
19535,entrenamiento
19536,validacion
19537,prueba
19538,entrenamiento
19539,entrenamiento
19540,prueba
19541,entrenamiento
19542,entrenamiento
19543,entrenamiento
19544,entrenamiento
19545,entrenamiento
19546,entrenamiento
19547,entrenamiento
19548,prueba
19549,prueba
19550,validacion
19551,entrenamiento
19552,validacion
19553,entrenamiento
19554,prueba
19555,validacion
19556,entrenamiento
19557,entrenamiento
19558,prueba
19559,prueba
19560,prueba
19561,validacion
19562,prueba
19563,entrenamiento
19564,prueba
19565,prueba
19566,entrenamiento
19567,entrenamiento
19568,entrenamiento
19569,prueba
19570,entrenamiento
19571,entrenamiento
19572,entrenamiento
19573,entrenamiento
19574,entrenamiento
19575,entrenamiento
19576,entrenamiento
19577,prueba
19578,validacion
19579,entrenamiento
19580,entrenamiento
19581,entrenamiento
19582,entrenamiento
19583,entrenamiento
19584,prueba
19585,entrenamiento
19586,entrenamiento
19587,entrenamiento
19588,entrenamiento
19589,prueba
19590,prueba
19591,validacion
19592,entrenamiento
19593,entrenamiento
19594,validacion
19595,validacion
19596,entrenamiento
19597,entrenamiento
19598,entrenamiento
19599,entrenamiento
19600,validacion
19601,entrenamiento
19602,entrenamiento
19603,entrenamiento
19604,entrenamiento
19605,entrenamiento
19606,prueba
19607,prueba
19608,entrenamiento
19609,entrenamiento
19610,entrenamiento
19611,entrenamiento
19612,entrenamiento
19613,validacion
19614,entrenamiento
19615,entrenamiento
19616,entrenamiento
19617,entrenamiento
19618,entrenamiento
19619,validacion
19620,entrenamiento
19621,validacion
19622,prueba
19623,prueba
19624,entrenamiento
19625,entrenamiento
19626,entrenamiento
19627,entrenamiento
19628,prueba
19629,entrenamiento
19630,validacion
19631,entrenamiento
19632,entrenamiento
19633,entrenamiento
19634,entrenamiento
19635,entrenamiento
19636,prueba
19637,entrenamiento
19638,prueba
19639,entrenamiento
19640,validacion
19641,validacion
19642,prueba
19643,entrenamiento
19644,entrenamiento
19645,entrenamiento
19646,entrenamiento
19647,entrenamiento
19648,prueba
19649,entrenamiento
19650,entrenamiento
19651,entrenamiento
19652,entrenamiento
19653,entrenamiento
19654,prueba
19655,validacion
19656,prueba
19657,validacion
19658,validacion
19659,entrenamiento
19660,entrenamiento
19661,prueba
19662,prueba
19663,prueba
19664,prueba
19665,prueba
19666,entrenamiento
19667,prueba
19668,entrenamiento
19669,entrenamiento
19670,entrenamiento
19671,entrenamiento
19672,entrenamiento
19673,prueba
19674,entrenamiento
19675,prueba
19676,prueba
19677,validacion
19678,entrenamiento
19679,entrenamiento
19680,entrenamiento
19681,prueba
19682,entrenamiento
19683,validacion
19684,entrenamiento
19685,validacion
19686,entrenamiento
19687,entrenamiento
19688,validacion
19689,validacion
19690,entrenamiento
19691,prueba
19692,prueba
19693,validacion
19694,validacion
19695,entrenamiento
19696,prueba
19697,entrenamiento
19698,entrenamiento
19699,entrenamiento
19700,entrenamiento
19701,validacion
19702,entrenamiento
19703,entrenamiento
19704,entrenamiento
19705,entrenamiento
19706,prueba
19707,entrenamiento
19708,entrenamiento
19709,validacion
19710,entrenamiento
19711,entrenamiento
19712,entrenamiento
19713,validacion
19714,prueba
19715,entrenamiento
19716,validacion
19717,entrenamiento
19718,entrenamiento
19719,entrenamiento
19720,entrenamiento
19721,validacion
19722,validacion
19723,entrenamiento
19724,validacion
19725,validacion
19726,entrenamiento
19727,prueba
19728,entrenamiento
19729,entrenamiento
19730,entrenamiento
19731,entrenamiento
19732,entrenamiento
19733,entrenamiento
19734,entrenamiento
19735,entrenamiento
19736,validacion
19737,entrenamiento
19738,entrenamiento
19739,entrenamiento
19740,entrenamiento
19741,validacion
19742,entrenamiento
19743,entrenamiento
19744,validacion
19745,prueba
19746,entrenamiento
19747,entrenamiento
19748,entrenamiento
19749,entrenamiento
19750,entrenamiento
19751,entrenamiento
19752,entrenamiento
19753,prueba
19754,validacion
19755,entrenamiento
19756,entrenamiento
19757,entrenamiento
19758,entrenamiento
19759,entrenamiento
19760,validacion
19761,prueba
19762,entrenamiento
19763,validacion
19764,entrenamiento
19765,prueba
19766,entrenamiento
19767,prueba
19768,entrenamiento
19769,prueba
19770,entrenamiento
19771,validacion
19772,entrenamiento
19773,prueba
19774,entrenamiento
19775,entrenamiento
19776,prueba
19777,entrenamiento
19778,entrenamiento
19779,entrenamiento
19780,entrenamiento
19781,entrenamiento
19782,prueba
19783,prueba
19784,entrenamiento
19785,entrenamiento
19786,prueba
19787,entrenamiento
19788,entrenamiento
19789,validacion
19790,entrenamiento
19791,prueba
19792,prueba
19793,validacion
19794,entrenamiento
19795,entrenamiento
19796,entrenamiento
19797,entrenamiento
19798,validacion
19799,prueba
19800,entrenamiento
19801,entrenamiento
19802,prueba
19803,prueba
19804,prueba
19805,entrenamiento
19806,validacion
19807,entrenamiento
19808,entrenamiento
19809,entrenamiento
19810,validacion
19811,entrenamiento
19812,entrenamiento
19813,entrenamiento
19814,validacion
19815,entrenamiento
19816,entrenamiento
19817,entrenamiento
19818,prueba
19819,entrenamiento
19820,entrenamiento
19821,entrenamiento
19822,prueba
19823,entrenamiento
19824,entrenamiento
19825,entrenamiento
19826,entrenamiento
19827,entrenamiento
19828,validacion
19829,entrenamiento
19830,prueba
19831,prueba
19832,prueba
19833,entrenamiento
19834,validacion
19835,prueba
19836,validacion
19837,entrenamiento
19838,entrenamiento
19839,prueba
19840,entrenamiento
19841,entrenamiento
19842,entrenamiento
19843,prueba
19844,validacion
19845,entrenamiento
19846,prueba
19847,entrenamiento
19848,entrenamiento
19849,entrenamiento
19850,entrenamiento
19851,validacion
19852,prueba
19853,entrenamiento
19854,validacion
19855,entrenamiento
19856,validacion
19857,entrenamiento
19858,entrenamiento
19859,entrenamiento
19860,entrenamiento
19861,entrenamiento
19862,prueba
19863,entrenamiento
19864,prueba
19865,entrenamiento
19866,validacion
19867,entrenamiento
19868,entrenamiento
19869,entrenamiento
19870,entrenamiento
19871,validacion
19872,entrenamiento
19873,validacion
19874,entrenamiento
19875,entrenamiento
19876,entrenamiento
19877,validacion
19878,entrenamiento
19879,validacion
19880,entrenamiento
19881,validacion
19882,entrenamiento
19883,entrenamiento
19884,validacion
19885,prueba
19886,prueba
19887,entrenamiento
19888,validacion
19889,entrenamiento
19890,validacion
19891,prueba
19892,entrenamiento
19893,entrenamiento
19894,entrenamiento
19895,prueba
19896,entrenamiento
19897,prueba
19898,entrenamiento
19899,entrenamiento
19900,prueba
19901,entrenamiento
19902,entrenamiento
19903,prueba
19904,entrenamiento
19905,entrenamiento
19906,entrenamiento
19907,entrenamiento
19908,entrenamiento
19909,validacion
19910,validacion
19911,entrenamiento
19912,validacion
19913,entrenamiento
19914,entrenamiento
19915,prueba
19916,validacion
19917,entrenamiento
19918,prueba
19919,prueba
19920,validacion
19921,entrenamiento
19922,entrenamiento
19923,entrenamiento
19924,entrenamiento
19925,entrenamiento
19926,validacion
19927,entrenamiento
19928,entrenamiento
19929,entrenamiento
19930,entrenamiento
19931,prueba
19932,entrenamiento
19933,entrenamiento
19934,entrenamiento
19935,entrenamiento
19936,entrenamiento
19937,entrenamiento
19938,prueba
19939,validacion
19940,prueba
19941,entrenamiento
19942,entrenamiento
19943,entrenamiento
19944,entrenamiento
19945,entrenamiento
19946,prueba
19947,validacion
19948,entrenamiento
19949,entrenamiento
19950,entrenamiento
19951,prueba
19952,prueba
19953,entrenamiento
19954,entrenamiento
19955,entrenamiento
19956,validacion
19957,prueba
19958,entrenamiento
19959,entrenamiento
19960,prueba
19961,validacion
19962,entrenamiento
19963,entrenamiento
19964,prueba
19965,prueba
19966,entrenamiento
19967,validacion
19968,entrenamiento
19969,prueba
19970,entrenamiento
19971,entrenamiento
19972,validacion
19973,entrenamiento
19974,entrenamiento
19975,entrenamiento
19976,entrenamiento
19977,entrenamiento
19978,entrenamiento
19979,prueba
19980,validacion
19981,validacion
19982,validacion
19983,prueba
19984,prueba
19985,validacion
19986,entrenamiento
19987,validacion
19988,prueba
19989,entrenamiento
19990,entrenamiento
19991,entrenamiento
19992,prueba
19993,validacion
19994,prueba
19995,entrenamiento
19996,prueba
19997,entrenamiento
19998,entrenamiento
19999,entrenamiento
20000,prueba
20001,entrenamiento
20002,prueba
20003,prueba
20004,validacion
20005,prueba
20006,entrenamiento
20007,entrenamiento
20008,entrenamiento
20009,prueba
20010,entrenamiento
20011,entrenamiento
20012,entrenamiento
20013,entrenamiento
20014,entrenamiento
20015,prueba
20016,entrenamiento
20017,entrenamiento
20018,entrenamiento
20019,entrenamiento
20020,entrenamiento
20021,entrenamiento
20022,prueba
20023,entrenamiento
20024,entrenamiento
20025,entrenamiento
20026,entrenamiento
20027,entrenamiento
20028,entrenamiento
20029,entrenamiento
20030,prueba
20031,entrenamiento
20032,entrenamiento
20033,entrenamiento
20034,prueba
20035,entrenamiento
20036,entrenamiento
20037,entrenamiento
20038,entrenamiento
20039,entrenamiento
20040,validacion
20041,prueba
20042,entrenamiento
20043,prueba
20044,validacion
20045,validacion
20046,entrenamiento
20047,prueba
20048,entrenamiento
20049,entrenamiento
20050,validacion
20051,entrenamiento
20052,entrenamiento
20053,entrenamiento
20054,entrenamiento
20055,entrenamiento
20056,prueba
20057,validacion
20058,prueba
20059,entrenamiento
20060,entrenamiento
20061,entrenamiento
20062,entrenamiento
20063,validacion
20064,entrenamiento
20065,validacion
20066,entrenamiento
20067,entrenamiento
20068,entrenamiento
20069,entrenamiento
20070,validacion
20071,entrenamiento
20072,entrenamiento
20073,entrenamiento
20074,entrenamiento
20075,entrenamiento
20076,entrenamiento
20077,validacion
20078,validacion
20079,entrenamiento
20080,validacion
20081,entrenamiento
20082,prueba
20083,entrenamiento
20084,prueba
20085,entrenamiento
20086,entrenamiento
20087,entrenamiento
20088,entrenamiento
20089,entrenamiento
20090,entrenamiento
20091,prueba
20092,validacion
20093,entrenamiento
20094,entrenamiento
20095,entrenamiento
20096,entrenamiento
20097,entrenamiento
20098,entrenamiento
20099,entrenamiento
20100,prueba
20101,entrenamiento
20102,entrenamiento
20103,entrenamiento
20104,entrenamiento
20105,entrenamiento
20106,entrenamiento
20107,entrenamiento
20108,validacion
20109,entrenamiento
20110,entrenamiento
20111,entrenamiento
20112,entrenamiento
20113,validacion
20114,entrenamiento
20115,entrenamiento
20116,entrenamiento
20117,entrenamiento
20118,entrenamiento
20119,prueba
20120,entrenamiento
20121,prueba
20122,entrenamiento
20123,validacion
20124,entrenamiento
20125,validacion
20126,entrenamiento
20127,entrenamiento
20128,entrenamiento
20129,prueba
20130,entrenamiento
20131,prueba
20132,entrenamiento
20133,entrenamiento
20134,entrenamiento
20135,entrenamiento
20136,validacion
20137,entrenamiento
20138,entrenamiento
20139,entrenamiento
20140,validacion
20141,prueba
20142,prueba
20143,entrenamiento
20144,entrenamiento
20145,prueba
20146,entrenamiento
20147,entrenamiento
20148,entrenamiento
20149,entrenamiento
20150,prueba
20151,entrenamiento
20152,prueba
20153,entrenamiento
20154,entrenamiento
20155,entrenamiento
20156,validacion
20157,entrenamiento
20158,entrenamiento
20159,validacion
20160,entrenamiento
20161,validacion
20162,entrenamiento
20163,prueba
20164,entrenamiento
20165,entrenamiento
20166,validacion
20167,entrenamiento
20168,validacion
20169,entrenamiento
20170,prueba
20171,entrenamiento
20172,entrenamiento
20173,entrenamiento
20174,prueba
20175,entrenamiento
20176,entrenamiento
20177,entrenamiento
20178,validacion
20179,entrenamiento
20180,entrenamiento
20181,entrenamiento
20182,entrenamiento
20183,entrenamiento
20184,entrenamiento
20185,entrenamiento
20186,prueba
20187,entrenamiento
20188,prueba
20189,entrenamiento
20190,entrenamiento
20191,entrenamiento
20192,entrenamiento
20193,entrenamiento
20194,prueba
20195,validacion
20196,entrenamiento
20197,entrenamiento
20198,entrenamiento
20199,validacion
20200,prueba
20201,entrenamiento
20202,entrenamiento
20203,entrenamiento
20204,prueba
20205,entrenamiento
20206,prueba
20207,entrenamiento
20208,entrenamiento
20209,entrenamiento
20210,entrenamiento
20211,entrenamiento
20212,validacion
20213,validacion
20214,entrenamiento
20215,entrenamiento
20216,entrenamiento
20217,validacion
20218,entrenamiento
20219,entrenamiento
20220,entrenamiento
20221,prueba
20222,entrenamiento
20223,validacion
20224,entrenamiento
20225,entrenamiento
20226,validacion
20227,prueba
20228,entrenamiento
20229,entrenamiento
20230,entrenamiento
20231,entrenamiento
20232,entrenamiento
20233,prueba
20234,entrenamiento
20235,entrenamiento
20236,entrenamiento
20237,validacion
20238,entrenamiento
20239,entrenamiento
20240,entrenamiento
20241,entrenamiento
20242,entrenamiento
20243,entrenamiento
20244,entrenamiento
20245,entrenamiento
20246,entrenamiento
20247,entrenamiento
20248,entrenamiento
20249,validacion
20250,entrenamiento
20251,entrenamiento
20252,entrenamiento
20253,validacion
20254,entrenamiento
20255,entrenamiento
20256,prueba
20257,entrenamiento
20258,entrenamiento
20259,entrenamiento
20260,entrenamiento
20261,entrenamiento
20262,entrenamiento
20263,validacion
20264,entrenamiento
20265,entrenamiento
20266,prueba
20267,validacion
20268,entrenamiento
20269,entrenamiento
20270,entrenamiento
20271,validacion
20272,entrenamiento
20273,entrenamiento
20274,entrenamiento
20275,prueba
20276,entrenamiento
20277,entrenamiento
20278,validacion
20279,validacion
20280,validacion
20281,entrenamiento
20282,validacion
20283,prueba
20284,entrenamiento
20285,entrenamiento
20286,validacion
20287,entrenamiento
20288,entrenamiento
20289,entrenamiento
20290,entrenamiento
20291,entrenamiento
20292,entrenamiento
20293,entrenamiento
20294,entrenamiento
20295,entrenamiento
20296,prueba
20297,entrenamiento
20298,validacion
20299,prueba
20300,entrenamiento
20301,validacion
20302,validacion
20303,entrenamiento
20304,entrenamiento
20305,validacion
20306,entrenamiento
20307,entrenamiento
20308,validacion
20309,validacion
20310,entrenamiento
20311,entrenamiento
20312,validacion
20313,entrenamiento
20314,entrenamiento
20315,validacion
20316,prueba
20317,entrenamiento
20318,prueba
20319,prueba
20320,entrenamiento
20321,prueba
20322,entrenamiento
20323,prueba
20324,entrenamiento
20325,validacion
20326,validacion
20327,entrenamiento
20328,entrenamiento
20329,prueba
20330,entrenamiento
20331,prueba
20332,entrenamiento
20333,validacion
20334,entrenamiento
20335,entrenamiento
20336,entrenamiento
20337,entrenamiento
20338,validacion
20339,entrenamiento
20340,entrenamiento
20341,entrenamiento
20342,prueba
20343,entrenamiento
20344,prueba
20345,entrenamiento
20346,entrenamiento
20347,entrenamiento
20348,validacion
20349,entrenamiento
20350,entrenamiento
20351,entrenamiento
20352,entrenamiento
20353,prueba
20354,validacion
20355,entrenamiento
20356,prueba
20357,entrenamiento
20358,entrenamiento
20359,prueba
20360,entrenamiento
20361,entrenamiento
20362,validacion
20363,validacion
20364,entrenamiento
20365,validacion
20366,entrenamiento
20367,prueba
20368,validacion
20369,entrenamiento
20370,entrenamiento
20371,entrenamiento
20372,prueba
20373,entrenamiento
20374,validacion
20375,entrenamiento
20376,prueba
20377,entrenamiento
20378,entrenamiento
20379,entrenamiento
20380,entrenamiento
20381,prueba
20382,validacion
20383,prueba
20384,prueba
20385,entrenamiento
20386,entrenamiento
20387,entrenamiento
20388,entrenamiento
20389,validacion
20390,entrenamiento
20391,validacion
20392,entrenamiento
20393,entrenamiento
20394,validacion
20395,entrenamiento
20396,entrenamiento
20397,entrenamiento
20398,entrenamiento
20399,entrenamiento
20400,entrenamiento
20401,validacion
20402,entrenamiento
20403,prueba
20404,prueba
20405,validacion
20406,entrenamiento
20407,validacion
20408,entrenamiento
20409,entrenamiento
20410,entrenamiento
20411,prueba
20412,entrenamiento
20413,entrenamiento
20414,prueba
20415,entrenamiento
20416,prueba
20417,prueba
20418,entrenamiento
20419,prueba
20420,entrenamiento
20421,validacion
20422,entrenamiento
20423,entrenamiento
20424,entrenamiento
20425,prueba
20426,entrenamiento
20427,prueba
20428,entrenamiento
20429,entrenamiento
20430,entrenamiento
20431,entrenamiento
20432,entrenamiento
20433,entrenamiento
20434,prueba
20435,entrenamiento
20436,entrenamiento
20437,entrenamiento
20438,entrenamiento
20439,entrenamiento
20440,entrenamiento
20441,entrenamiento
20442,entrenamiento
20443,entrenamiento
20444,prueba
20445,entrenamiento
20446,validacion
20447,validacion
20448,validacion
20449,entrenamiento
20450,entrenamiento
20451,entrenamiento
20452,entrenamiento
20453,entrenamiento
20454,prueba
20455,entrenamiento
20456,entrenamiento
20457,entrenamiento
20458,entrenamiento
20459,entrenamiento
20460,prueba
20461,entrenamiento
20462,entrenamiento
20463,entrenamiento
20464,entrenamiento
20465,entrenamiento
20466,entrenamiento
20467,entrenamiento
20468,entrenamiento
20469,entrenamiento
20470,entrenamiento
20471,validacion
20472,prueba
20473,entrenamiento
20474,prueba
20475,validacion
20476,prueba
20477,entrenamiento
20478,entrenamiento
20479,prueba
20480,entrenamiento
20481,entrenamiento
20482,prueba
20483,entrenamiento
20484,entrenamiento
20485,entrenamiento
20486,entrenamiento
20487,entrenamiento
20488,entrenamiento
20489,entrenamiento
20490,entrenamiento
20491,entrenamiento
20492,entrenamiento
20493,entrenamiento
20494,entrenamiento
20495,entrenamiento
20496,entrenamiento
20497,entrenamiento
20498,entrenamiento
20499,validacion
20500,entrenamiento
20501,entrenamiento
20502,entrenamiento
20503,prueba
20504,validacion
20505,entrenamiento
20506,entrenamiento
20507,entrenamiento
20508,validacion
20509,entrenamiento
20510,validacion
20511,entrenamiento
20512,entrenamiento
20513,entrenamiento
20514,entrenamiento
20515,validacion
20516,entrenamiento
20517,validacion
20518,entrenamiento
20519,entrenamiento
20520,prueba
20521,entrenamiento
20522,entrenamiento
20523,entrenamiento
20524,validacion
20525,validacion
20526,entrenamiento
20527,entrenamiento
20528,prueba
20529,prueba
20530,validacion
20531,validacion
20532,entrenamiento
20533,entrenamiento
20534,entrenamiento
20535,entrenamiento
20536,validacion
20537,validacion
20538,validacion
20539,validacion
20540,validacion
20541,prueba
20542,prueba
20543,entrenamiento
20544,entrenamiento
20545,entrenamiento
20546,validacion
20547,entrenamiento
20548,entrenamiento
20549,validacion
20550,entrenamiento
20551,entrenamiento
20552,entrenamiento
20553,entrenamiento
20554,validacion
20555,prueba
20556,validacion
20557,entrenamiento
20558,prueba
20559,entrenamiento
20560,entrenamiento
20561,entrenamiento
20562,validacion
20563,entrenamiento
20564,entrenamiento
20565,entrenamiento
20566,entrenamiento
20567,validacion
20568,validacion
20569,entrenamiento
20570,prueba
20571,entrenamiento
20572,prueba
20573,prueba
20574,prueba
20575,entrenamiento
20576,entrenamiento
20577,prueba
20578,validacion
20579,validacion
20580,entrenamiento
20581,prueba
20582,entrenamiento
20583,entrenamiento
20584,entrenamiento
20585,entrenamiento
20586,entrenamiento
20587,prueba
20588,entrenamiento
20589,entrenamiento
20590,entrenamiento
20591,validacion
20592,entrenamiento
20593,validacion
20594,entrenamiento
20595,entrenamiento
20596,entrenamiento
20597,entrenamiento
20598,entrenamiento
20599,entrenamiento
20600,prueba
20601,entrenamiento
20602,entrenamiento
20603,prueba
20604,entrenamiento
20605,entrenamiento
20606,validacion
20607,entrenamiento
20608,entrenamiento
20609,entrenamiento
20610,prueba
20611,prueba
20612,validacion
20613,prueba
20614,entrenamiento
20615,validacion
20616,entrenamiento
20617,prueba
20618,entrenamiento
20619,entrenamiento
20620,entrenamiento
20621,entrenamiento
20622,prueba
20623,entrenamiento
20624,entrenamiento
20625,entrenamiento
20626,validacion
20627,entrenamiento
20628,prueba
20629,entrenamiento
20630,entrenamiento
20631,entrenamiento
20632,prueba
20633,prueba
20634,prueba
20635,entrenamiento
20636,entrenamiento
20637,entrenamiento
20638,entrenamiento
20639,prueba
20640,entrenamiento
20641,entrenamiento
20642,prueba
20643,entrenamiento
20644,entrenamiento
20645,entrenamiento
20646,validacion
20647,entrenamiento
20648,entrenamiento
20649,entrenamiento
20650,entrenamiento
20651,entrenamiento
20652,entrenamiento
20653,prueba
20654,validacion
20655,validacion
20656,entrenamiento
20657,entrenamiento
20658,entrenamiento
20659,prueba
20660,validacion
20661,entrenamiento
20662,entrenamiento
20663,validacion
20664,entrenamiento
20665,prueba
20666,entrenamiento
20667,validacion
20668,entrenamiento
20669,prueba
20670,entrenamiento
20671,entrenamiento
20672,prueba
20673,entrenamiento
20674,validacion
20675,validacion
20676,entrenamiento
20677,prueba
20678,entrenamiento
20679,entrenamiento
20680,entrenamiento
20681,entrenamiento
20682,prueba
20683,entrenamiento
20684,entrenamiento
20685,entrenamiento
20686,prueba
20687,entrenamiento
20688,entrenamiento
20689,prueba
20690,entrenamiento
20691,prueba
20692,prueba
20693,entrenamiento
20694,entrenamiento
20695,entrenamiento
20696,entrenamiento
20697,entrenamiento
20698,entrenamiento
20699,validacion
20700,entrenamiento
20701,entrenamiento
20702,prueba
20703,entrenamiento
20704,prueba
20705,entrenamiento
20706,entrenamiento
20707,entrenamiento
20708,entrenamiento
20709,entrenamiento
20710,entrenamiento
20711,entrenamiento
20712,prueba
20713,prueba
20714,entrenamiento
20715,entrenamiento
20716,prueba
20717,entrenamiento
20718,validacion
20719,prueba
20720,prueba
20721,prueba
20722,validacion
20723,entrenamiento
20724,entrenamiento
20725,prueba
20726,entrenamiento
20727,prueba
20728,entrenamiento
20729,entrenamiento
20730,prueba
20731,entrenamiento
20732,entrenamiento
20733,entrenamiento
20734,entrenamiento
20735,validacion
20736,validacion
20737,entrenamiento
20738,prueba
20739,entrenamiento
20740,validacion
20741,prueba
20742,entrenamiento
20743,entrenamiento
20744,validacion
20745,entrenamiento
20746,entrenamiento
20747,entrenamiento
20748,validacion
20749,prueba
20750,entrenamiento
20751,entrenamiento
20752,entrenamiento
20753,entrenamiento
20754,validacion
20755,prueba
20756,validacion
20757,entrenamiento
20758,entrenamiento
20759,entrenamiento
20760,validacion
20761,entrenamiento
20762,entrenamiento
20763,entrenamiento
20764,prueba
20765,prueba
20766,validacion
20767,entrenamiento
20768,prueba
20769,entrenamiento
20770,entrenamiento
20771,prueba
20772,entrenamiento
20773,entrenamiento
20774,entrenamiento
20775,validacion
20776,prueba
20777,entrenamiento
20778,entrenamiento
20779,prueba
20780,entrenamiento
20781,validacion
20782,entrenamiento
20783,prueba
20784,entrenamiento
20785,prueba
20786,entrenamiento
20787,entrenamiento
20788,entrenamiento
20789,validacion
20790,entrenamiento
20791,entrenamiento
20792,prueba
20793,entrenamiento
20794,entrenamiento
20795,entrenamiento
20796,entrenamiento
20797,entrenamiento
20798,entrenamiento
20799,validacion
20800,entrenamiento
20801,entrenamiento
20802,entrenamiento
20803,entrenamiento
20804,entrenamiento
20805,entrenamiento
20806,entrenamiento
20807,entrenamiento
20808,prueba
20809,prueba
20810,entrenamiento
20811,entrenamiento
20812,prueba
20813,entrenamiento
20814,prueba
20815,prueba
20816,entrenamiento
20817,entrenamiento
20818,entrenamiento
20819,prueba
20820,entrenamiento
20821,prueba
20822,entrenamiento
20823,entrenamiento
20824,entrenamiento
20825,entrenamiento
20826,entrenamiento
20827,prueba
20828,entrenamiento
20829,prueba
20830,validacion
20831,prueba
20832,entrenamiento
20833,validacion
20834,prueba
20835,entrenamiento
20836,validacion
20837,prueba
20838,prueba
20839,entrenamiento
20840,validacion
20841,validacion
20842,entrenamiento
20843,prueba
20844,entrenamiento
20845,prueba
20846,prueba
20847,entrenamiento
20848,validacion
20849,entrenamiento
20850,entrenamiento
20851,entrenamiento
20852,entrenamiento
20853,prueba
20854,entrenamiento
20855,validacion
20856,entrenamiento
20857,prueba
20858,validacion
20859,entrenamiento
20860,entrenamiento
20861,entrenamiento
20862,validacion
20863,entrenamiento
20864,prueba
20865,validacion
20866,validacion
20867,entrenamiento
20868,prueba
20869,entrenamiento
20870,validacion
20871,entrenamiento
20872,entrenamiento
20873,entrenamiento
20874,entrenamiento
20875,entrenamiento
20876,prueba
20877,entrenamiento
20878,entrenamiento
20879,validacion
20880,entrenamiento
20881,entrenamiento
20882,validacion
20883,entrenamiento
20884,entrenamiento
20885,entrenamiento
20886,entrenamiento
20887,entrenamiento
20888,entrenamiento
20889,entrenamiento
20890,entrenamiento
20891,validacion
20892,validacion
20893,entrenamiento
20894,validacion
20895,validacion
20896,entrenamiento
20897,entrenamiento
20898,entrenamiento
20899,prueba
20900,validacion
20901,entrenamiento
20902,entrenamiento
20903,entrenamiento
20904,prueba
20905,entrenamiento
20906,entrenamiento
20907,validacion
20908,prueba
20909,entrenamiento
20910,entrenamiento
20911,entrenamiento
20912,prueba
20913,entrenamiento
20914,entrenamiento
20915,validacion
20916,validacion
20917,validacion
20918,entrenamiento
20919,entrenamiento
20920,entrenamiento
20921,validacion
20922,entrenamiento
20923,prueba
20924,validacion
20925,entrenamiento
20926,entrenamiento
20927,entrenamiento
20928,entrenamiento
20929,validacion
20930,entrenamiento
20931,entrenamiento
20932,entrenamiento
20933,entrenamiento
20934,prueba
20935,prueba
20936,validacion
20937,entrenamiento
20938,entrenamiento
20939,entrenamiento
20940,prueba
20941,entrenamiento
20942,entrenamiento
20943,prueba
20944,prueba
20945,entrenamiento
20946,entrenamiento
20947,prueba
20948,prueba
20949,entrenamiento
20950,entrenamiento
20951,entrenamiento
20952,prueba
20953,entrenamiento
20954,validacion
20955,validacion
20956,entrenamiento
20957,entrenamiento
20958,entrenamiento
20959,entrenamiento
20960,prueba
20961,entrenamiento
20962,prueba
20963,entrenamiento
20964,entrenamiento
20965,entrenamiento
20966,prueba
20967,validacion
20968,validacion
20969,validacion
20970,entrenamiento
20971,prueba
20972,prueba
20973,validacion
20974,entrenamiento
20975,prueba
20976,prueba
20977,prueba
20978,entrenamiento
20979,entrenamiento
20980,entrenamiento
20981,validacion
20982,prueba
20983,entrenamiento
20984,entrenamiento
20985,validacion
20986,prueba
20987,entrenamiento
20988,entrenamiento
20989,prueba
20990,prueba
20991,entrenamiento
20992,prueba
20993,validacion
20994,validacion
20995,entrenamiento
20996,validacion
20997,entrenamiento
20998,entrenamiento
20999,entrenamiento
21000,entrenamiento
21001,entrenamiento
21002,entrenamiento
21003,entrenamiento
21004,entrenamiento
21005,entrenamiento
21006,entrenamiento
21007,prueba
21008,entrenamiento
21009,validacion
21010,entrenamiento
21011,entrenamiento
21012,entrenamiento
21013,entrenamiento
21014,entrenamiento
21015,entrenamiento
21016,entrenamiento
21017,entrenamiento
21018,prueba
21019,prueba
21020,validacion
21021,entrenamiento
21022,validacion
21023,entrenamiento
21024,entrenamiento
21025,entrenamiento
21026,entrenamiento
21027,entrenamiento
21028,entrenamiento
21029,entrenamiento
21030,entrenamiento
21031,prueba
21032,entrenamiento
21033,entrenamiento
21034,entrenamiento
21035,entrenamiento
21036,prueba
21037,entrenamiento
21038,entrenamiento
21039,entrenamiento
21040,validacion
21041,entrenamiento
21042,prueba
21043,entrenamiento
21044,entrenamiento
21045,entrenamiento
21046,entrenamiento
21047,entrenamiento
21048,prueba
21049,prueba
21050,prueba
21051,entrenamiento
21052,entrenamiento
21053,validacion
21054,prueba
21055,entrenamiento
21056,entrenamiento
21057,prueba
21058,entrenamiento
21059,entrenamiento
21060,prueba
21061,entrenamiento
21062,validacion
21063,entrenamiento
21064,entrenamiento
21065,prueba
21066,validacion
21067,entrenamiento
21068,entrenamiento
21069,entrenamiento
21070,prueba
21071,entrenamiento
21072,validacion
21073,entrenamiento
21074,entrenamiento
21075,entrenamiento
21076,prueba
21077,entrenamiento
21078,entrenamiento
21079,entrenamiento
21080,entrenamiento
21081,entrenamiento
21082,entrenamiento
21083,prueba
21084,prueba
21085,validacion
21086,entrenamiento
21087,entrenamiento
21088,entrenamiento
21089,validacion
21090,entrenamiento
21091,entrenamiento
21092,entrenamiento
21093,entrenamiento
21094,entrenamiento
21095,validacion
21096,entrenamiento
21097,entrenamiento
21098,entrenamiento
21099,entrenamiento
21100,prueba
21101,entrenamiento
21102,entrenamiento
21103,entrenamiento
21104,entrenamiento
21105,entrenamiento
21106,entrenamiento
21107,validacion
21108,prueba
21109,entrenamiento
21110,entrenamiento
21111,prueba
21112,entrenamiento
21113,validacion
21114,entrenamiento
21115,validacion
21116,entrenamiento
21117,entrenamiento
21118,entrenamiento
21119,prueba
21120,entrenamiento
21121,entrenamiento
21122,entrenamiento
21123,entrenamiento
21124,entrenamiento
21125,prueba
21126,entrenamiento
21127,entrenamiento
21128,entrenamiento
21129,entrenamiento
21130,entrenamiento
21131,validacion
21132,entrenamiento
21133,entrenamiento
21134,prueba
21135,entrenamiento
21136,entrenamiento
21137,prueba
21138,validacion
21139,entrenamiento
21140,entrenamiento
21141,entrenamiento
21142,prueba
21143,entrenamiento
21144,prueba
21145,entrenamiento
21146,prueba
21147,entrenamiento
21148,entrenamiento
21149,entrenamiento
21150,prueba
21151,entrenamiento
21152,entrenamiento
21153,prueba
21154,validacion
21155,entrenamiento
21156,prueba
21157,prueba
21158,entrenamiento
21159,prueba
21160,prueba
21161,entrenamiento
21162,entrenamiento
21163,entrenamiento
21164,entrenamiento
21165,entrenamiento
21166,entrenamiento
21167,entrenamiento
21168,validacion
21169,entrenamiento
21170,entrenamiento
21171,prueba
21172,entrenamiento
21173,entrenamiento
21174,entrenamiento
21175,entrenamiento
21176,entrenamiento
21177,entrenamiento
21178,validacion
21179,entrenamiento
21180,entrenamiento
21181,validacion
21182,entrenamiento
21183,validacion
21184,entrenamiento
21185,entrenamiento
21186,entrenamiento
21187,entrenamiento
21188,validacion
21189,entrenamiento
21190,entrenamiento
21191,validacion
21192,entrenamiento
21193,entrenamiento
21194,entrenamiento
21195,prueba
21196,entrenamiento
21197,entrenamiento
21198,validacion
21199,validacion
21200,validacion
21201,entrenamiento
21202,entrenamiento
21203,entrenamiento
21204,entrenamiento
21205,entrenamiento
21206,validacion
21207,entrenamiento
21208,prueba
21209,entrenamiento
21210,validacion
21211,entrenamiento
21212,entrenamiento
21213,prueba
21214,prueba
21215,validacion
21216,entrenamiento
21217,validacion
21218,entrenamiento
21219,entrenamiento
21220,entrenamiento
21221,validacion
21222,entrenamiento
21223,entrenamiento
21224,entrenamiento
21225,entrenamiento
21226,entrenamiento
21227,entrenamiento
21228,entrenamiento
21229,prueba
21230,entrenamiento
21231,entrenamiento
21232,entrenamiento
21233,entrenamiento
21234,entrenamiento
21235,entrenamiento
21236,entrenamiento
21237,prueba
21238,prueba
21239,prueba
21240,prueba
21241,entrenamiento
21242,entrenamiento
21243,entrenamiento
21244,prueba
21245,entrenamiento
21246,entrenamiento
21247,validacion
21248,entrenamiento
21249,entrenamiento
21250,prueba
21251,validacion
21252,validacion
21253,prueba
21254,prueba
21255,validacion
21256,entrenamiento
21257,entrenamiento
21258,validacion
21259,entrenamiento
21260,entrenamiento
21261,entrenamiento
21262,validacion
21263,validacion
21264,validacion
21265,entrenamiento
21266,validacion
21267,entrenamiento
21268,entrenamiento
21269,validacion
21270,entrenamiento
21271,entrenamiento
21272,entrenamiento
21273,entrenamiento
21274,entrenamiento
21275,validacion
21276,prueba
21277,entrenamiento
21278,entrenamiento
21279,entrenamiento
21280,entrenamiento
21281,entrenamiento
21282,prueba
21283,entrenamiento
21284,entrenamiento
21285,validacion
21286,prueba
21287,entrenamiento
21288,entrenamiento
21289,entrenamiento
21290,entrenamiento
21291,prueba
21292,entrenamiento
21293,entrenamiento
21294,prueba
21295,prueba
21296,prueba
21297,entrenamiento
21298,prueba
21299,prueba
21300,entrenamiento
21301,prueba
21302,entrenamiento
21303,validacion
21304,entrenamiento
21305,entrenamiento
21306,entrenamiento
21307,prueba
21308,entrenamiento
21309,prueba
21310,entrenamiento
21311,prueba
21312,entrenamiento
21313,validacion
21314,entrenamiento
21315,entrenamiento
21316,entrenamiento
21317,entrenamiento
21318,entrenamiento
21319,entrenamiento
21320,entrenamiento
21321,entrenamiento
21322,validacion
21323,validacion
21324,validacion
21325,entrenamiento
21326,entrenamiento
21327,entrenamiento
21328,entrenamiento
21329,entrenamiento
21330,entrenamiento
21331,entrenamiento
21332,entrenamiento
21333,entrenamiento
21334,entrenamiento
21335,entrenamiento
21336,entrenamiento
21337,entrenamiento
21338,prueba
21339,entrenamiento
21340,entrenamiento
21341,validacion
21342,entrenamiento
21343,prueba
21344,validacion
21345,entrenamiento
21346,validacion
21347,entrenamiento
21348,prueba
21349,entrenamiento
21350,validacion
21351,validacion
21352,entrenamiento
21353,entrenamiento
21354,validacion
21355,prueba
21356,entrenamiento
21357,prueba
21358,entrenamiento
21359,validacion
21360,entrenamiento
21361,entrenamiento
21362,entrenamiento
21363,entrenamiento
21364,entrenamiento
21365,entrenamiento
21366,entrenamiento
21367,entrenamiento
21368,entrenamiento
21369,entrenamiento
21370,entrenamiento
21371,entrenamiento
21372,entrenamiento
21373,entrenamiento
21374,entrenamiento
21375,entrenamiento
21376,prueba
21377,entrenamiento
21378,prueba
21379,prueba
21380,prueba
21381,entrenamiento
21382,entrenamiento
21383,prueba
21384,prueba
21385,validacion
21386,entrenamiento
21387,entrenamiento
21388,entrenamiento
21389,prueba
21390,entrenamiento
21391,prueba
21392,entrenamiento
21393,validacion
21394,entrenamiento
21395,prueba
21396,entrenamiento
21397,entrenamiento
21398,entrenamiento
21399,entrenamiento
21400,entrenamiento
21401,entrenamiento
21402,validacion
21403,entrenamiento
21404,entrenamiento
21405,prueba
21406,prueba
21407,validacion
21408,entrenamiento
21409,entrenamiento
21410,entrenamiento
21411,entrenamiento
21412,entrenamiento
21413,prueba
21414,entrenamiento
21415,entrenamiento
21416,entrenamiento
21417,entrenamiento
21418,prueba
21419,prueba
21420,entrenamiento
21421,entrenamiento
21422,prueba
21423,entrenamiento
21424,entrenamiento
21425,prueba
21426,entrenamiento
21427,prueba
21428,prueba
21429,entrenamiento
21430,entrenamiento
21431,entrenamiento
21432,prueba
21433,entrenamiento
21434,validacion
21435,entrenamiento
21436,prueba
21437,entrenamiento
21438,entrenamiento
21439,entrenamiento
21440,validacion
21441,entrenamiento
21442,validacion
21443,entrenamiento
21444,entrenamiento
21445,entrenamiento
21446,prueba
21447,entrenamiento
21448,entrenamiento
21449,entrenamiento
21450,entrenamiento
21451,entrenamiento
21452,entrenamiento
21453,prueba
21454,entrenamiento
21455,prueba
21456,entrenamiento
21457,validacion
21458,entrenamiento
21459,entrenamiento
21460,entrenamiento
21461,prueba
21462,entrenamiento
21463,entrenamiento
21464,entrenamiento
21465,entrenamiento
21466,validacion
21467,entrenamiento
21468,prueba
21469,entrenamiento
21470,entrenamiento
21471,validacion
21472,entrenamiento
21473,entrenamiento
21474,entrenamiento
21475,entrenamiento
21476,entrenamiento
21477,prueba
21478,prueba
21479,entrenamiento
21480,validacion
21481,prueba
21482,entrenamiento
21483,entrenamiento
21484,entrenamiento
21485,entrenamiento
21486,entrenamiento
21487,entrenamiento
21488,prueba
21489,prueba
21490,entrenamiento
21491,entrenamiento
21492,entrenamiento
21493,entrenamiento
21494,validacion
21495,entrenamiento
21496,entrenamiento
21497,entrenamiento
21498,validacion
21499,validacion
21500,entrenamiento
21501,entrenamiento
21502,entrenamiento
21503,entrenamiento
21504,prueba
21505,entrenamiento
21506,prueba
21507,entrenamiento
21508,entrenamiento
21509,entrenamiento
21510,prueba
21511,entrenamiento
21512,entrenamiento
21513,entrenamiento
21514,entrenamiento
21515,entrenamiento
21516,entrenamiento
21517,entrenamiento
21518,entrenamiento
21519,validacion
21520,prueba
21521,entrenamiento
21522,entrenamiento
21523,entrenamiento
21524,prueba
21525,entrenamiento
21526,entrenamiento
21527,entrenamiento
21528,prueba
21529,validacion
21530,validacion
21531,entrenamiento
21532,validacion
21533,entrenamiento
21534,prueba
21535,entrenamiento
21536,entrenamiento
21537,entrenamiento
21538,entrenamiento
21539,entrenamiento
21540,entrenamiento
21541,entrenamiento
21542,validacion
21543,entrenamiento
21544,prueba
21545,prueba
21546,entrenamiento
21547,prueba
21548,entrenamiento
21549,entrenamiento
21550,entrenamiento
21551,prueba
21552,entrenamiento
21553,prueba
21554,entrenamiento
21555,entrenamiento
21556,validacion
21557,validacion
21558,entrenamiento
21559,entrenamiento
21560,entrenamiento
21561,entrenamiento
21562,entrenamiento
21563,entrenamiento
21564,entrenamiento
21565,entrenamiento
21566,validacion
21567,validacion
21568,entrenamiento
21569,entrenamiento
21570,entrenamiento
21571,validacion
21572,validacion
21573,entrenamiento
21574,entrenamiento
21575,entrenamiento
21576,entrenamiento
21577,validacion
21578,entrenamiento
21579,entrenamiento
21580,entrenamiento
21581,entrenamiento
21582,entrenamiento
21583,prueba
21584,entrenamiento
21585,prueba
21586,validacion
21587,entrenamiento
21588,entrenamiento
21589,entrenamiento
21590,prueba
21591,entrenamiento
21592,prueba
21593,entrenamiento
21594,entrenamiento
21595,entrenamiento
21596,entrenamiento
21597,prueba
21598,entrenamiento
21599,entrenamiento
21600,validacion
21601,entrenamiento
21602,prueba
21603,validacion
21604,entrenamiento
21605,entrenamiento
21606,prueba
21607,entrenamiento
21608,entrenamiento
21609,entrenamiento
21610,prueba
21611,validacion
21612,prueba
21613,entrenamiento
21614,entrenamiento
21615,entrenamiento
21616,entrenamiento
21617,prueba
21618,entrenamiento
21619,entrenamiento
21620,validacion
21621,entrenamiento
21622,entrenamiento
21623,entrenamiento
21624,prueba
21625,entrenamiento
21626,entrenamiento
21627,prueba
21628,entrenamiento
21629,entrenamiento
21630,entrenamiento
21631,validacion
21632,prueba
21633,prueba
21634,validacion
21635,entrenamiento
21636,entrenamiento
21637,prueba
21638,entrenamiento
21639,entrenamiento
21640,entrenamiento
21641,validacion
21642,entrenamiento
21643,prueba
21644,entrenamiento
21645,entrenamiento
21646,entrenamiento
21647,validacion
21648,validacion
21649,prueba
21650,entrenamiento
21651,entrenamiento
21652,entrenamiento
21653,prueba
21654,prueba
21655,validacion
21656,entrenamiento
21657,entrenamiento
21658,entrenamiento
21659,entrenamiento
21660,prueba
21661,validacion
21662,entrenamiento
21663,entrenamiento
21664,prueba
21665,entrenamiento
21666,validacion
21667,entrenamiento
21668,validacion
21669,validacion
21670,prueba
21671,entrenamiento
21672,entrenamiento
21673,entrenamiento
21674,prueba
21675,entrenamiento
21676,entrenamiento
21677,entrenamiento
21678,entrenamiento
21679,entrenamiento
21680,validacion
21681,validacion
21682,entrenamiento
21683,entrenamiento
21684,entrenamiento
21685,prueba
21686,entrenamiento
21687,validacion
21688,entrenamiento
21689,entrenamiento
21690,prueba
21691,validacion
21692,entrenamiento
21693,entrenamiento
21694,entrenamiento
21695,entrenamiento
21696,entrenamiento
21697,entrenamiento
21698,entrenamiento
21699,validacion
21700,entrenamiento
21701,entrenamiento
21702,validacion
21703,validacion
21704,entrenamiento
21705,validacion
21706,prueba
21707,prueba
21708,validacion
21709,prueba
21710,entrenamiento
21711,entrenamiento
21712,entrenamiento
21713,validacion
21714,prueba
21715,entrenamiento
21716,entrenamiento
21717,entrenamiento
21718,entrenamiento
21719,validacion
21720,prueba
21721,entrenamiento
21722,entrenamiento
21723,entrenamiento
21724,entrenamiento
21725,prueba
21726,entrenamiento
21727,entrenamiento
21728,prueba
21729,entrenamiento
21730,entrenamiento
21731,entrenamiento
21732,entrenamiento
21733,prueba
21734,prueba
21735,prueba
21736,prueba
21737,entrenamiento
21738,entrenamiento
21739,validacion
21740,prueba
21741,prueba
21742,entrenamiento
21743,entrenamiento
21744,entrenamiento
21745,entrenamiento
21746,validacion
21747,entrenamiento
21748,prueba
21749,entrenamiento
21750,validacion
21751,entrenamiento
21752,entrenamiento
21753,prueba
21754,prueba
21755,validacion
21756,entrenamiento
21757,validacion
21758,validacion
21759,entrenamiento
21760,entrenamiento
21761,prueba
21762,entrenamiento
21763,entrenamiento
21764,prueba
21765,validacion
21766,entrenamiento
21767,prueba
21768,entrenamiento
21769,entrenamiento
21770,prueba
21771,entrenamiento
21772,entrenamiento
21773,validacion
21774,entrenamiento
21775,prueba
21776,prueba
21777,entrenamiento
21778,validacion
21779,prueba
21780,validacion
21781,prueba
21782,entrenamiento
21783,prueba
21784,prueba
21785,entrenamiento
21786,validacion
21787,prueba
21788,entrenamiento
21789,entrenamiento
21790,entrenamiento
21791,entrenamiento
21792,entrenamiento
21793,entrenamiento
21794,entrenamiento
21795,entrenamiento
21796,entrenamiento
21797,entrenamiento
21798,prueba
21799,entrenamiento
21800,entrenamiento
21801,validacion
21802,prueba
21803,entrenamiento
21804,entrenamiento
21805,validacion
21806,prueba
21807,entrenamiento
21808,entrenamiento
21809,entrenamiento
21810,entrenamiento
21811,entrenamiento
21812,entrenamiento
21813,entrenamiento
21814,entrenamiento
21815,entrenamiento
21816,validacion
21817,validacion
21818,entrenamiento
21819,prueba
21820,entrenamiento
21821,entrenamiento
21822,entrenamiento
21823,entrenamiento
21824,validacion
21825,validacion
21826,validacion
21827,validacion
21828,entrenamiento
21829,entrenamiento
21830,validacion
21831,entrenamiento
21832,entrenamiento
21833,entrenamiento
21834,entrenamiento
21835,entrenamiento
21836,entrenamiento
21837,prueba
21838,prueba
21839,entrenamiento
21840,entrenamiento
21841,validacion
21842,entrenamiento
21843,entrenamiento
21844,prueba
21845,entrenamiento
21846,entrenamiento
21847,entrenamiento
21848,prueba
21849,prueba
21850,entrenamiento
21851,entrenamiento
21852,entrenamiento
21853,entrenamiento
21854,entrenamiento
21855,entrenamiento
21856,entrenamiento
21857,prueba
21858,validacion
21859,entrenamiento
21860,entrenamiento
21861,entrenamiento
21862,entrenamiento
21863,validacion
21864,entrenamiento
21865,entrenamiento
21866,entrenamiento
21867,entrenamiento
21868,prueba
21869,prueba
21870,entrenamiento
21871,entrenamiento
21872,prueba
21873,entrenamiento
21874,entrenamiento
21875,validacion
21876,prueba
21877,entrenamiento
21878,entrenamiento
21879,entrenamiento
21880,entrenamiento
21881,prueba
21882,entrenamiento
21883,validacion
21884,entrenamiento
21885,entrenamiento
21886,validacion
21887,entrenamiento
21888,entrenamiento
21889,prueba
21890,validacion
21891,entrenamiento
21892,entrenamiento
21893,entrenamiento
21894,entrenamiento
21895,entrenamiento
21896,entrenamiento
21897,entrenamiento
21898,entrenamiento
21899,entrenamiento
21900,validacion
21901,entrenamiento
21902,validacion
21903,prueba
21904,entrenamiento
21905,validacion
21906,entrenamiento
21907,entrenamiento
21908,prueba
21909,entrenamiento
21910,entrenamiento
21911,validacion
21912,entrenamiento
21913,prueba
21914,validacion
21915,entrenamiento
21916,entrenamiento
21917,entrenamiento
21918,entrenamiento
21919,validacion
21920,entrenamiento
21921,prueba
21922,entrenamiento
21923,entrenamiento
21924,entrenamiento
21925,entrenamiento
21926,entrenamiento
21927,entrenamiento
21928,entrenamiento
21929,entrenamiento
21930,entrenamiento
21931,entrenamiento
21932,entrenamiento
21933,prueba
21934,entrenamiento
21935,prueba
21936,entrenamiento
21937,prueba
21938,entrenamiento
21939,prueba
21940,entrenamiento
21941,entrenamiento
21942,entrenamiento
21943,entrenamiento
21944,validacion
21945,entrenamiento
21946,validacion
21947,prueba
21948,entrenamiento
21949,prueba
21950,validacion
21951,entrenamiento
21952,prueba
21953,entrenamiento
21954,entrenamiento
21955,entrenamiento
21956,prueba
21957,validacion
21958,prueba
21959,entrenamiento
21960,entrenamiento
21961,prueba
21962,entrenamiento
21963,entrenamiento
21964,entrenamiento
21965,entrenamiento
21966,entrenamiento
21967,entrenamiento
21968,validacion
21969,entrenamiento
21970,prueba
21971,entrenamiento
21972,validacion
21973,entrenamiento
21974,entrenamiento
21975,entrenamiento
21976,entrenamiento
21977,prueba
21978,validacion
21979,entrenamiento
21980,entrenamiento
21981,validacion
21982,prueba
21983,entrenamiento
21984,entrenamiento
21985,entrenamiento
21986,validacion
21987,entrenamiento
21988,entrenamiento
21989,prueba
21990,prueba
21991,entrenamiento
21992,entrenamiento
21993,entrenamiento
21994,prueba
21995,prueba
21996,entrenamiento
21997,entrenamiento
21998,entrenamiento
21999,entrenamiento
22000,entrenamiento
22001,validacion
22002,validacion
22003,validacion
22004,entrenamiento
22005,validacion
22006,prueba
22007,entrenamiento
22008,prueba
22009,entrenamiento
22010,prueba
22011,entrenamiento
22012,entrenamiento
22013,entrenamiento
22014,prueba
22015,entrenamiento
22016,entrenamiento
22017,validacion
22018,entrenamiento
22019,prueba
22020,entrenamiento
22021,entrenamiento
22022,prueba
22023,prueba
22024,entrenamiento
22025,validacion
22026,entrenamiento
22027,entrenamiento
22028,entrenamiento
22029,entrenamiento
22030,entrenamiento
22031,prueba
22032,validacion
22033,prueba
22034,entrenamiento
22035,entrenamiento
22036,entrenamiento
22037,entrenamiento
22038,prueba
22039,entrenamiento
22040,entrenamiento
22041,validacion
22042,prueba
22043,entrenamiento
22044,validacion
22045,entrenamiento
22046,prueba
22047,entrenamiento
22048,validacion
22049,entrenamiento
22050,entrenamiento
22051,entrenamiento
22052,entrenamiento
22053,prueba
22054,entrenamiento
22055,entrenamiento
22056,validacion
22057,entrenamiento
22058,entrenamiento
22059,validacion
22060,prueba
22061,entrenamiento
22062,validacion
22063,entrenamiento
22064,entrenamiento
22065,entrenamiento
22066,prueba
22067,validacion
22068,entrenamiento
22069,entrenamiento
22070,entrenamiento
22071,entrenamiento
22072,entrenamiento
22073,entrenamiento
22074,validacion
22075,entrenamiento
22076,entrenamiento
22077,entrenamiento
22078,entrenamiento
22079,validacion
22080,entrenamiento
22081,entrenamiento
22082,prueba
22083,entrenamiento
22084,entrenamiento
22085,entrenamiento
22086,entrenamiento
22087,validacion
22088,prueba
22089,validacion
22090,entrenamiento
22091,entrenamiento
22092,entrenamiento
22093,entrenamiento
22094,prueba
22095,prueba
22096,entrenamiento
22097,prueba
22098,entrenamiento
22099,prueba
22100,entrenamiento
22101,entrenamiento
22102,prueba
22103,validacion
22104,entrenamiento
22105,entrenamiento
22106,prueba
22107,entrenamiento
22108,validacion
22109,validacion
22110,entrenamiento
22111,entrenamiento
22112,entrenamiento
22113,prueba
22114,validacion
22115,prueba
22116,prueba
22117,validacion
22118,entrenamiento
22119,entrenamiento
22120,entrenamiento
22121,entrenamiento
22122,entrenamiento
22123,prueba
22124,prueba
22125,validacion
22126,entrenamiento
22127,entrenamiento
22128,validacion
22129,entrenamiento
22130,entrenamiento
22131,entrenamiento
22132,entrenamiento
22133,prueba
22134,entrenamiento
22135,prueba
22136,entrenamiento
22137,prueba
22138,prueba
22139,entrenamiento
22140,entrenamiento
22141,prueba
22142,entrenamiento
22143,entrenamiento
22144,validacion
22145,entrenamiento
22146,entrenamiento
22147,validacion
22148,validacion
22149,prueba
22150,validacion
22151,entrenamiento
22152,entrenamiento
22153,prueba
22154,validacion
22155,entrenamiento
22156,validacion
22157,validacion
22158,validacion
22159,validacion
22160,entrenamiento
22161,entrenamiento
22162,validacion
22163,validacion
22164,entrenamiento
22165,validacion
22166,entrenamiento
22167,entrenamiento
22168,validacion
22169,prueba
22170,prueba
22171,entrenamiento
22172,entrenamiento
22173,entrenamiento
22174,entrenamiento
22175,validacion
22176,validacion
22177,entrenamiento
22178,entrenamiento
22179,entrenamiento
22180,prueba
22181,prueba
22182,entrenamiento
22183,entrenamiento
22184,entrenamiento
22185,prueba
22186,entrenamiento
22187,prueba
22188,entrenamiento
22189,validacion
22190,validacion
22191,entrenamiento
22192,validacion
22193,entrenamiento
22194,entrenamiento
22195,validacion
22196,entrenamiento
22197,entrenamiento
22198,entrenamiento
22199,entrenamiento
22200,entrenamiento
22201,entrenamiento
22202,entrenamiento
22203,entrenamiento
22204,prueba
22205,prueba
22206,entrenamiento
22207,entrenamiento
22208,validacion
22209,entrenamiento
22210,entrenamiento
22211,prueba
22212,entrenamiento
22213,prueba
22214,prueba
22215,entrenamiento
22216,entrenamiento
22217,validacion
22218,entrenamiento
22219,prueba
22220,prueba
22221,prueba
22222,validacion
22223,prueba
22224,entrenamiento
22225,entrenamiento
22226,entrenamiento
22227,validacion
22228,prueba
22229,prueba
22230,entrenamiento
22231,prueba
22232,prueba
22233,entrenamiento
22234,prueba
22235,prueba
22236,entrenamiento
22237,prueba
22238,validacion
22239,prueba
22240,entrenamiento
22241,validacion
22242,entrenamiento
22243,entrenamiento
22244,validacion
22245,entrenamiento
22246,entrenamiento
22247,entrenamiento
22248,entrenamiento
22249,prueba
22250,entrenamiento
22251,entrenamiento
22252,entrenamiento
22253,prueba
22254,prueba
22255,entrenamiento
22256,entrenamiento
22257,entrenamiento
22258,validacion
22259,validacion
22260,entrenamiento
22261,entrenamiento
22262,validacion
22263,validacion
22264,entrenamiento
22265,entrenamiento
22266,entrenamiento
22267,entrenamiento
22268,entrenamiento
22269,entrenamiento
22270,validacion
22271,prueba
22272,entrenamiento
22273,entrenamiento
22274,entrenamiento
22275,entrenamiento
22276,entrenamiento
22277,entrenamiento
22278,entrenamiento
22279,entrenamiento
22280,entrenamiento
22281,entrenamiento
22282,validacion
22283,prueba
22284,entrenamiento
22285,entrenamiento
22286,prueba
22287,entrenamiento
22288,prueba
22289,entrenamiento
22290,validacion
22291,entrenamiento
22292,validacion
22293,validacion
22294,validacion
22295,entrenamiento
22296,prueba
22297,entrenamiento
22298,prueba
22299,entrenamiento
22300,entrenamiento
22301,entrenamiento
22302,entrenamiento
22303,entrenamiento
22304,entrenamiento
22305,entrenamiento
22306,entrenamiento
22307,prueba
22308,entrenamiento
22309,prueba
22310,entrenamiento
22311,validacion
22312,entrenamiento
22313,prueba
22314,entrenamiento
22315,entrenamiento
22316,entrenamiento
22317,prueba
22318,entrenamiento
22319,validacion
22320,entrenamiento
22321,entrenamiento
22322,entrenamiento
22323,entrenamiento
22324,entrenamiento
22325,entrenamiento
22326,entrenamiento
22327,entrenamiento
22328,entrenamiento
22329,entrenamiento
22330,prueba
22331,prueba
22332,entrenamiento
22333,entrenamiento
22334,entrenamiento
22335,entrenamiento
22336,entrenamiento
22337,prueba
22338,entrenamiento
22339,validacion
22340,entrenamiento
22341,entrenamiento
22342,entrenamiento
22343,entrenamiento
22344,entrenamiento
22345,entrenamiento
22346,prueba
22347,entrenamiento
22348,validacion
22349,entrenamiento
22350,entrenamiento
22351,entrenamiento
22352,entrenamiento
22353,entrenamiento
22354,validacion
22355,entrenamiento
22356,entrenamiento
22357,validacion
22358,validacion
22359,entrenamiento
22360,prueba
22361,entrenamiento
22362,prueba
22363,validacion
22364,entrenamiento
22365,validacion
22366,entrenamiento
22367,entrenamiento
22368,entrenamiento
22369,entrenamiento
22370,validacion
22371,entrenamiento
22372,prueba
22373,entrenamiento
22374,validacion
22375,entrenamiento
22376,validacion
22377,entrenamiento
22378,prueba
22379,entrenamiento
22380,validacion
22381,entrenamiento
22382,prueba
22383,validacion
22384,entrenamiento
22385,entrenamiento
22386,entrenamiento
22387,prueba
22388,validacion
22389,entrenamiento
22390,prueba
22391,entrenamiento
22392,prueba
22393,entrenamiento
22394,prueba
22395,validacion
22396,prueba
22397,entrenamiento
22398,entrenamiento
22399,entrenamiento
22400,entrenamiento
22401,prueba
22402,prueba
22403,entrenamiento
22404,entrenamiento
22405,validacion
22406,entrenamiento
22407,entrenamiento
22408,entrenamiento
22409,entrenamiento
22410,validacion
22411,prueba
22412,entrenamiento
22413,validacion
22414,entrenamiento
22415,entrenamiento
22416,prueba
22417,entrenamiento
22418,prueba
22419,entrenamiento
22420,validacion
22421,entrenamiento
22422,entrenamiento
22423,entrenamiento
22424,prueba
22425,entrenamiento
22426,validacion
22427,entrenamiento
22428,validacion
22429,entrenamiento
22430,entrenamiento
22431,validacion
22432,entrenamiento
22433,validacion
22434,entrenamiento
22435,entrenamiento
22436,validacion
22437,entrenamiento
22438,validacion
22439,prueba
22440,validacion
22441,entrenamiento
22442,entrenamiento
22443,entrenamiento
22444,prueba
22445,entrenamiento
22446,entrenamiento
22447,prueba
22448,validacion
22449,entrenamiento
22450,entrenamiento
22451,validacion
22452,entrenamiento
22453,entrenamiento
22454,entrenamiento
22455,validacion
22456,entrenamiento
22457,prueba
22458,entrenamiento
22459,entrenamiento
22460,entrenamiento
22461,entrenamiento
22462,entrenamiento
22463,entrenamiento
22464,entrenamiento
22465,entrenamiento
22466,entrenamiento
22467,entrenamiento
22468,prueba
22469,entrenamiento
22470,entrenamiento
22471,entrenamiento
22472,prueba
22473,prueba
22474,entrenamiento
22475,entrenamiento
22476,entrenamiento
22477,validacion
22478,entrenamiento
22479,validacion
22480,entrenamiento
22481,entrenamiento
22482,entrenamiento
22483,entrenamiento
22484,entrenamiento
22485,entrenamiento
22486,entrenamiento
22487,entrenamiento
22488,validacion
22489,entrenamiento
22490,validacion
22491,prueba
22492,entrenamiento
22493,validacion
22494,prueba
22495,prueba
22496,prueba
22497,validacion
22498,entrenamiento
22499,entrenamiento
22500,entrenamiento
22501,entrenamiento
22502,entrenamiento
22503,prueba
22504,entrenamiento
22505,entrenamiento
22506,validacion
22507,entrenamiento
22508,entrenamiento
22509,entrenamiento
22510,validacion
22511,entrenamiento
22512,prueba
22513,entrenamiento
22514,entrenamiento
22515,validacion
22516,entrenamiento
22517,entrenamiento
22518,entrenamiento
22519,validacion
22520,validacion
22521,validacion
22522,entrenamiento
22523,entrenamiento
22524,validacion
22525,prueba
22526,entrenamiento
22527,entrenamiento
22528,entrenamiento
22529,entrenamiento
22530,validacion
22531,entrenamiento
22532,entrenamiento
22533,entrenamiento
22534,prueba
22535,entrenamiento
22536,entrenamiento
22537,validacion
22538,entrenamiento
22539,entrenamiento
22540,validacion
22541,entrenamiento
22542,prueba
22543,entrenamiento
22544,prueba
22545,entrenamiento
22546,prueba
22547,entrenamiento
22548,entrenamiento
22549,entrenamiento
22550,entrenamiento
22551,validacion
22552,prueba
22553,prueba
22554,validacion
22555,entrenamiento
22556,entrenamiento
22557,entrenamiento
22558,entrenamiento
22559,entrenamiento
22560,entrenamiento
22561,prueba
22562,entrenamiento
22563,entrenamiento
22564,prueba
22565,prueba
22566,entrenamiento
22567,entrenamiento
22568,entrenamiento
22569,entrenamiento
22570,entrenamiento
22571,entrenamiento
22572,entrenamiento
22573,prueba
22574,validacion
22575,entrenamiento
22576,entrenamiento
22577,prueba
22578,prueba
22579,entrenamiento
22580,entrenamiento
22581,entrenamiento
22582,validacion
22583,entrenamiento
22584,prueba
22585,entrenamiento
22586,validacion
22587,entrenamiento
22588,entrenamiento
22589,validacion
22590,entrenamiento
22591,entrenamiento
22592,entrenamiento
22593,entrenamiento
22594,entrenamiento
22595,entrenamiento
22596,entrenamiento
22597,prueba
22598,prueba
22599,entrenamiento
22600,entrenamiento
22601,validacion
22602,entrenamiento
22603,entrenamiento
22604,prueba
22605,entrenamiento
22606,entrenamiento
22607,entrenamiento
22608,entrenamiento
22609,entrenamiento
22610,prueba
22611,validacion
22612,prueba
22613,entrenamiento
22614,entrenamiento
22615,entrenamiento
22616,entrenamiento
22617,validacion
22618,entrenamiento
22619,entrenamiento
22620,entrenamiento
22621,entrenamiento
22622,prueba
22623,entrenamiento
22624,entrenamiento
22625,entrenamiento
22626,prueba
22627,entrenamiento
22628,prueba
22629,entrenamiento
22630,entrenamiento
22631,prueba
22632,entrenamiento
22633,validacion
22634,prueba
22635,entrenamiento
22636,entrenamiento
22637,entrenamiento
22638,entrenamiento
22639,prueba
22640,prueba
22641,prueba
22642,entrenamiento
22643,entrenamiento
22644,entrenamiento
22645,validacion
22646,prueba
22647,validacion
22648,validacion
22649,prueba
22650,validacion
22651,entrenamiento
22652,entrenamiento
22653,entrenamiento
22654,entrenamiento
22655,entrenamiento
22656,entrenamiento
22657,entrenamiento
22658,entrenamiento
22659,entrenamiento
22660,prueba
22661,entrenamiento
22662,entrenamiento
22663,prueba
22664,validacion
22665,validacion
22666,entrenamiento
22667,prueba
22668,validacion
22669,entrenamiento
22670,entrenamiento
22671,validacion
22672,prueba
22673,prueba
22674,entrenamiento
22675,entrenamiento
22676,entrenamiento
22677,prueba
22678,validacion
22679,prueba
22680,validacion
22681,entrenamiento
22682,entrenamiento
22683,entrenamiento
22684,entrenamiento
22685,entrenamiento
22686,entrenamiento
22687,entrenamiento
22688,entrenamiento
22689,entrenamiento
22690,prueba
22691,entrenamiento
22692,entrenamiento
22693,entrenamiento
22694,entrenamiento
22695,entrenamiento
22696,entrenamiento
22697,entrenamiento
22698,entrenamiento
22699,validacion
22700,entrenamiento
22701,prueba
22702,prueba
22703,prueba
22704,entrenamiento
22705,entrenamiento
22706,entrenamiento
22707,entrenamiento
22708,entrenamiento
22709,entrenamiento
22710,entrenamiento
22711,prueba
22712,entrenamiento
22713,entrenamiento
22714,entrenamiento
22715,entrenamiento
22716,entrenamiento
22717,entrenamiento
22718,entrenamiento
22719,prueba
22720,prueba
22721,entrenamiento
22722,entrenamiento
22723,entrenamiento
22724,entrenamiento
22725,entrenamiento
22726,entrenamiento
22727,validacion
22728,entrenamiento
22729,prueba
22730,entrenamiento
22731,entrenamiento
22732,entrenamiento
22733,entrenamiento
22734,validacion
22735,prueba
22736,entrenamiento
22737,validacion
22738,entrenamiento
22739,entrenamiento
22740,entrenamiento
22741,entrenamiento
22742,entrenamiento
22743,entrenamiento
22744,validacion
22745,validacion
22746,entrenamiento
22747,entrenamiento
22748,validacion
22749,validacion
22750,entrenamiento
22751,prueba
22752,prueba
22753,validacion
22754,entrenamiento
22755,entrenamiento
22756,entrenamiento
22757,entrenamiento
22758,prueba
22759,prueba
22760,entrenamiento
22761,entrenamiento
22762,validacion
22763,entrenamiento
22764,validacion
22765,entrenamiento
22766,entrenamiento
22767,prueba
22768,entrenamiento
22769,entrenamiento
22770,validacion
22771,validacion
22772,validacion
22773,validacion
22774,entrenamiento
22775,entrenamiento
22776,entrenamiento
22777,validacion
22778,entrenamiento
22779,entrenamiento
22780,entrenamiento
22781,entrenamiento
22782,entrenamiento
22783,entrenamiento
22784,validacion
22785,validacion
22786,entrenamiento
22787,entrenamiento
22788,validacion
22789,entrenamiento
22790,entrenamiento
22791,validacion
22792,prueba
22793,prueba
22794,entrenamiento
22795,entrenamiento
22796,prueba
22797,entrenamiento
22798,entrenamiento
22799,entrenamiento
22800,prueba
22801,validacion
22802,entrenamiento
22803,entrenamiento
22804,entrenamiento
22805,validacion
22806,prueba
22807,prueba
22808,entrenamiento
22809,entrenamiento
22810,entrenamiento
22811,entrenamiento
22812,prueba
22813,validacion
22814,prueba
22815,entrenamiento
22816,entrenamiento
22817,entrenamiento
22818,entrenamiento
22819,validacion
22820,entrenamiento
22821,entrenamiento
22822,entrenamiento
22823,entrenamiento
22824,prueba
22825,validacion
22826,entrenamiento
22827,entrenamiento
22828,validacion
22829,validacion
22830,entrenamiento
22831,prueba
22832,entrenamiento
22833,entrenamiento
22834,entrenamiento
22835,entrenamiento
22836,entrenamiento
22837,entrenamiento
22838,entrenamiento
22839,entrenamiento
22840,prueba
22841,entrenamiento
22842,entrenamiento
22843,entrenamiento
22844,entrenamiento
22845,entrenamiento
22846,validacion
22847,entrenamiento
22848,entrenamiento
22849,prueba
22850,prueba
22851,entrenamiento
22852,entrenamiento
22853,entrenamiento
22854,validacion
22855,prueba
22856,entrenamiento
22857,entrenamiento
22858,entrenamiento
22859,entrenamiento
22860,entrenamiento
22861,entrenamiento
22862,validacion
22863,entrenamiento
22864,entrenamiento
22865,entrenamiento
22866,entrenamiento
22867,entrenamiento
22868,prueba
22869,validacion
22870,prueba
22871,entrenamiento
22872,validacion
22873,prueba
22874,entrenamiento
22875,validacion
22876,entrenamiento
22877,validacion
22878,prueba
22879,entrenamiento
22880,entrenamiento
22881,prueba
22882,entrenamiento
22883,entrenamiento
22884,prueba
22885,entrenamiento
22886,entrenamiento
22887,entrenamiento
22888,prueba
22889,entrenamiento
22890,entrenamiento
22891,validacion
22892,prueba
22893,entrenamiento
22894,prueba
22895,entrenamiento
22896,entrenamiento
22897,entrenamiento
22898,entrenamiento
22899,prueba
22900,prueba
22901,validacion
22902,entrenamiento
22903,entrenamiento
22904,prueba
22905,entrenamiento
22906,entrenamiento
22907,prueba
22908,entrenamiento
22909,validacion
22910,entrenamiento
22911,entrenamiento
22912,entrenamiento
22913,entrenamiento
22914,entrenamiento
22915,entrenamiento
22916,entrenamiento
22917,entrenamiento
22918,entrenamiento
22919,entrenamiento
22920,entrenamiento
22921,entrenamiento
22922,validacion
22923,prueba
22924,entrenamiento
22925,entrenamiento
22926,prueba
22927,validacion
22928,entrenamiento
22929,entrenamiento
22930,prueba
22931,entrenamiento
22932,entrenamiento
22933,entrenamiento
22934,entrenamiento
22935,entrenamiento
22936,validacion
22937,validacion
22938,entrenamiento
22939,entrenamiento
22940,entrenamiento
22941,entrenamiento
22942,entrenamiento
22943,validacion
22944,prueba
22945,entrenamiento
22946,validacion
22947,entrenamiento
22948,entrenamiento
22949,prueba
22950,prueba
22951,entrenamiento
22952,entrenamiento
22953,entrenamiento
22954,entrenamiento
22955,entrenamiento
22956,validacion
22957,prueba
22958,prueba
22959,entrenamiento
22960,entrenamiento
22961,prueba
22962,entrenamiento
22963,entrenamiento
22964,entrenamiento
22965,validacion
22966,entrenamiento
22967,entrenamiento
22968,entrenamiento
22969,entrenamiento
22970,entrenamiento
22971,validacion
22972,entrenamiento
22973,validacion
22974,prueba
22975,validacion
22976,entrenamiento
22977,prueba
22978,entrenamiento
22979,validacion
22980,validacion
22981,prueba
22982,validacion
22983,prueba
22984,entrenamiento
22985,entrenamiento
22986,entrenamiento
22987,prueba
22988,prueba
22989,validacion
22990,entrenamiento
22991,entrenamiento
22992,entrenamiento
22993,prueba
22994,entrenamiento
22995,entrenamiento
22996,entrenamiento
22997,prueba
22998,prueba
22999,entrenamiento
23000,entrenamiento
23001,validacion
23002,validacion
23003,entrenamiento
23004,entrenamiento
23005,validacion
23006,validacion
23007,entrenamiento
23008,entrenamiento
23009,validacion
23010,entrenamiento
23011,entrenamiento
23012,entrenamiento
23013,validacion
23014,validacion
23015,entrenamiento
23016,entrenamiento
23017,prueba
23018,prueba
23019,entrenamiento
23020,entrenamiento
23021,validacion
23022,prueba
23023,prueba
23024,validacion
23025,validacion
23026,entrenamiento
23027,prueba
23028,validacion
23029,entrenamiento
23030,entrenamiento
23031,validacion
23032,entrenamiento
23033,entrenamiento
23034,entrenamiento
23035,entrenamiento
23036,entrenamiento
23037,validacion
23038,prueba
23039,prueba
23040,prueba
23041,prueba
23042,entrenamiento
23043,prueba
23044,validacion
23045,prueba
23046,validacion
23047,entrenamiento
23048,entrenamiento
23049,entrenamiento
23050,entrenamiento
23051,entrenamiento
23052,entrenamiento
23053,entrenamiento
23054,entrenamiento
23055,prueba
23056,prueba
23057,prueba
23058,entrenamiento
23059,entrenamiento
23060,prueba
23061,entrenamiento
23062,entrenamiento
23063,entrenamiento
23064,entrenamiento
23065,entrenamiento
23066,prueba
23067,entrenamiento
23068,prueba
23069,prueba
23070,entrenamiento
23071,entrenamiento
23072,prueba
23073,entrenamiento
23074,entrenamiento
23075,entrenamiento
23076,entrenamiento
23077,entrenamiento
23078,prueba
23079,prueba
23080,validacion
23081,entrenamiento
23082,entrenamiento
23083,entrenamiento
23084,validacion
23085,prueba
23086,prueba
23087,prueba
23088,prueba
23089,entrenamiento
23090,entrenamiento
23091,prueba
23092,entrenamiento
23093,entrenamiento
23094,prueba
23095,entrenamiento
23096,entrenamiento
23097,prueba
23098,validacion
23099,prueba
23100,prueba
23101,entrenamiento
23102,entrenamiento
23103,entrenamiento
23104,entrenamiento
23105,validacion
23106,prueba
23107,entrenamiento
23108,validacion
23109,validacion
23110,prueba
23111,entrenamiento
23112,entrenamiento
23113,entrenamiento
23114,validacion
23115,entrenamiento
23116,validacion
23117,entrenamiento
23118,entrenamiento
23119,entrenamiento
23120,prueba
23121,prueba
23122,prueba
23123,validacion
23124,prueba
23125,validacion
23126,validacion
23127,entrenamiento
23128,entrenamiento
23129,entrenamiento
23130,entrenamiento
23131,entrenamiento
23132,entrenamiento
23133,entrenamiento
23134,entrenamiento
23135,validacion
23136,prueba
23137,validacion
23138,entrenamiento
23139,entrenamiento
23140,entrenamiento
23141,entrenamiento
23142,validacion
23143,entrenamiento
23144,entrenamiento
23145,validacion
23146,entrenamiento
23147,entrenamiento
23148,validacion
23149,prueba
23150,validacion
23151,entrenamiento
23152,entrenamiento
23153,entrenamiento
23154,entrenamiento
23155,validacion
23156,entrenamiento
23157,entrenamiento
23158,entrenamiento
23159,entrenamiento
23160,entrenamiento
23161,entrenamiento
23162,validacion
23163,entrenamiento
23164,validacion
23165,entrenamiento
23166,entrenamiento
23167,validacion
23168,validacion
23169,entrenamiento
23170,entrenamiento
23171,validacion
23172,entrenamiento
23173,entrenamiento
23174,entrenamiento
23175,entrenamiento
23176,prueba
23177,entrenamiento
23178,validacion
23179,entrenamiento
23180,prueba
23181,entrenamiento
23182,entrenamiento
23183,entrenamiento
23184,validacion
23185,entrenamiento
23186,prueba
23187,prueba
23188,entrenamiento
23189,entrenamiento
23190,validacion
23191,validacion
23192,prueba
23193,prueba
23194,entrenamiento
23195,entrenamiento
23196,prueba
23197,entrenamiento
23198,entrenamiento
23199,validacion
23200,entrenamiento
23201,entrenamiento
23202,prueba
23203,entrenamiento
23204,entrenamiento
23205,prueba
23206,entrenamiento
23207,entrenamiento
23208,entrenamiento
23209,entrenamiento
23210,entrenamiento
23211,prueba
23212,entrenamiento
23213,entrenamiento
23214,entrenamiento
23215,entrenamiento
23216,validacion
23217,entrenamiento
23218,entrenamiento
23219,entrenamiento
23220,entrenamiento
23221,entrenamiento
23222,entrenamiento
23223,prueba
23224,entrenamiento
23225,entrenamiento
23226,validacion
23227,entrenamiento
23228,validacion
23229,entrenamiento
23230,entrenamiento
23231,entrenamiento
23232,entrenamiento
23233,prueba
23234,entrenamiento
23235,entrenamiento
23236,entrenamiento
23237,validacion
23238,entrenamiento
23239,entrenamiento
23240,entrenamiento
23241,validacion
23242,validacion
23243,prueba
23244,entrenamiento
23245,validacion
23246,validacion
23247,entrenamiento
23248,entrenamiento
23249,entrenamiento
23250,entrenamiento
23251,prueba
23252,prueba
23253,entrenamiento
23254,entrenamiento
23255,entrenamiento
23256,entrenamiento
23257,prueba
23258,entrenamiento
23259,prueba
23260,entrenamiento
23261,entrenamiento
23262,entrenamiento
23263,validacion
23264,validacion
23265,entrenamiento
23266,entrenamiento
23267,entrenamiento
23268,validacion
23269,entrenamiento
23270,entrenamiento
23271,validacion
23272,prueba
23273,entrenamiento
23274,validacion
23275,entrenamiento
23276,validacion
23277,entrenamiento
23278,entrenamiento
23279,entrenamiento
23280,entrenamiento
23281,entrenamiento
23282,entrenamiento
23283,entrenamiento
23284,entrenamiento
23285,validacion
23286,entrenamiento
23287,entrenamiento
23288,entrenamiento
23289,entrenamiento
23290,entrenamiento
23291,validacion
23292,entrenamiento
23293,entrenamiento
23294,entrenamiento
23295,entrenamiento
23296,entrenamiento
23297,prueba
23298,validacion
23299,entrenamiento
23300,validacion
23301,prueba
23302,validacion
23303,entrenamiento
23304,validacion
23305,entrenamiento
23306,entrenamiento
23307,entrenamiento
23308,entrenamiento
23309,entrenamiento
23310,prueba
23311,entrenamiento
23312,prueba
23313,validacion
23314,prueba
23315,entrenamiento
23316,entrenamiento
23317,entrenamiento
23318,prueba
23319,entrenamiento
23320,validacion
23321,prueba
23322,entrenamiento
23323,prueba
23324,entrenamiento
23325,entrenamiento
23326,validacion
23327,entrenamiento
23328,prueba
23329,entrenamiento
23330,validacion
23331,validacion
23332,entrenamiento
23333,entrenamiento
23334,entrenamiento
23335,entrenamiento
23336,entrenamiento
23337,entrenamiento
23338,prueba
23339,entrenamiento
23340,validacion
23341,entrenamiento
23342,prueba
23343,entrenamiento
23344,entrenamiento
23345,prueba
23346,entrenamiento
23347,prueba
23348,entrenamiento
23349,entrenamiento
23350,entrenamiento
23351,entrenamiento
23352,prueba
23353,entrenamiento
23354,entrenamiento
23355,prueba
23356,entrenamiento
23357,entrenamiento
23358,entrenamiento
23359,prueba
23360,prueba
23361,entrenamiento
23362,prueba
23363,entrenamiento
23364,entrenamiento
23365,prueba
23366,entrenamiento
23367,prueba
23368,prueba
23369,entrenamiento
23370,validacion
23371,entrenamiento
23372,entrenamiento
23373,prueba
23374,prueba
23375,prueba
23376,entrenamiento
23377,validacion
23378,entrenamiento
23379,prueba
23380,entrenamiento
23381,entrenamiento
23382,entrenamiento
23383,prueba
23384,entrenamiento
23385,validacion
23386,entrenamiento
23387,entrenamiento
23388,entrenamiento
23389,entrenamiento
23390,prueba
23391,prueba
23392,validacion
23393,entrenamiento
23394,entrenamiento
23395,prueba
23396,validacion
23397,prueba
23398,entrenamiento
23399,prueba
23400,entrenamiento
23401,entrenamiento
23402,validacion
23403,prueba
23404,prueba
23405,validacion
23406,prueba
23407,validacion
23408,entrenamiento
23409,prueba
23410,prueba
23411,entrenamiento
23412,entrenamiento
23413,entrenamiento
23414,entrenamiento
23415,prueba
23416,entrenamiento
23417,entrenamiento
23418,entrenamiento
23419,prueba
23420,entrenamiento
23421,entrenamiento
23422,entrenamiento
23423,entrenamiento
23424,entrenamiento
23425,prueba
23426,entrenamiento
23427,entrenamiento
23428,entrenamiento
23429,prueba
23430,entrenamiento
23431,entrenamiento
23432,entrenamiento
23433,entrenamiento
23434,prueba
23435,prueba
23436,validacion
23437,validacion
23438,entrenamiento
23439,prueba
23440,validacion
23441,entrenamiento
23442,prueba
23443,prueba
23444,entrenamiento
23445,prueba
23446,prueba
23447,prueba
23448,entrenamiento
23449,prueba
23450,entrenamiento
23451,entrenamiento
23452,validacion
23453,entrenamiento
23454,validacion
23455,entrenamiento
23456,entrenamiento
23457,validacion
23458,entrenamiento
23459,entrenamiento
23460,entrenamiento
23461,validacion
23462,entrenamiento
23463,entrenamiento
23464,entrenamiento
23465,entrenamiento
23466,entrenamiento
23467,validacion
23468,entrenamiento
23469,entrenamiento
23470,entrenamiento
23471,entrenamiento
23472,prueba
23473,entrenamiento
23474,entrenamiento
23475,validacion
23476,entrenamiento
23477,validacion
23478,validacion
23479,validacion
23480,entrenamiento
23481,validacion
23482,entrenamiento
23483,entrenamiento
23484,validacion
23485,entrenamiento
23486,prueba
23487,entrenamiento
23488,entrenamiento
23489,prueba
23490,prueba
23491,validacion
23492,validacion
23493,entrenamiento
23494,entrenamiento
23495,prueba
23496,validacion
23497,entrenamiento
23498,entrenamiento
23499,prueba
23500,prueba
23501,entrenamiento
23502,validacion
23503,entrenamiento
23504,prueba
23505,entrenamiento
23506,validacion
23507,entrenamiento
23508,entrenamiento
23509,entrenamiento
23510,prueba
23511,entrenamiento
23512,validacion
23513,entrenamiento
23514,entrenamiento
23515,entrenamiento
23516,entrenamiento
23517,prueba
23518,entrenamiento
23519,entrenamiento
23520,entrenamiento
23521,prueba
23522,entrenamiento
23523,entrenamiento
23524,entrenamiento
23525,prueba
23526,validacion
23527,entrenamiento
23528,validacion
23529,entrenamiento
23530,entrenamiento
23531,entrenamiento
23532,validacion
23533,entrenamiento
23534,entrenamiento
23535,entrenamiento
23536,entrenamiento
23537,entrenamiento
23538,prueba
23539,prueba
23540,validacion
23541,prueba
23542,prueba
23543,prueba
23544,entrenamiento
23545,entrenamiento
23546,entrenamiento
23547,prueba
23548,entrenamiento
23549,entrenamiento
23550,entrenamiento
23551,prueba
23552,entrenamiento
23553,entrenamiento
23554,entrenamiento
23555,prueba
23556,validacion
23557,prueba
23558,validacion
23559,entrenamiento
23560,entrenamiento
23561,entrenamiento
23562,entrenamiento
23563,validacion
23564,entrenamiento
23565,entrenamiento
23566,prueba
23567,entrenamiento
23568,validacion
23569,validacion
23570,validacion
23571,validacion
23572,entrenamiento
23573,validacion
23574,validacion
23575,validacion
23576,entrenamiento
23577,entrenamiento
23578,prueba
23579,entrenamiento
23580,prueba
23581,entrenamiento
23582,entrenamiento
23583,entrenamiento
23584,prueba
23585,entrenamiento
23586,prueba
23587,prueba
23588,entrenamiento
23589,entrenamiento
23590,entrenamiento
23591,entrenamiento
23592,validacion
23593,prueba
23594,entrenamiento
23595,entrenamiento
23596,validacion
23597,prueba
23598,entrenamiento
23599,entrenamiento
23600,entrenamiento
23601,entrenamiento
23602,entrenamiento
23603,entrenamiento
23604,entrenamiento
23605,entrenamiento
23606,entrenamiento
23607,validacion
23608,entrenamiento
23609,entrenamiento
23610,entrenamiento
23611,entrenamiento
23612,prueba
23613,entrenamiento
23614,prueba
23615,entrenamiento
23616,entrenamiento
23617,prueba
23618,entrenamiento
23619,entrenamiento
23620,entrenamiento
23621,entrenamiento
23622,entrenamiento
23623,prueba
23624,entrenamiento
23625,validacion
23626,entrenamiento
23627,entrenamiento
23628,prueba
23629,prueba
23630,entrenamiento
23631,prueba
23632,prueba
23633,entrenamiento
23634,validacion
23635,validacion
23636,entrenamiento
23637,validacion
23638,entrenamiento
23639,entrenamiento
23640,entrenamiento
23641,entrenamiento
23642,entrenamiento
23643,entrenamiento
23644,entrenamiento
23645,entrenamiento
23646,prueba
23647,validacion
23648,entrenamiento
23649,validacion
23650,prueba
23651,prueba
23652,entrenamiento
23653,entrenamiento
23654,entrenamiento
23655,entrenamiento
23656,entrenamiento
23657,entrenamiento
23658,validacion
23659,entrenamiento
23660,prueba
23661,entrenamiento
23662,entrenamiento
23663,entrenamiento
23664,entrenamiento
23665,entrenamiento
23666,validacion
23667,entrenamiento
23668,entrenamiento
23669,entrenamiento
23670,entrenamiento
23671,entrenamiento
23672,entrenamiento
23673,entrenamiento
23674,validacion
23675,entrenamiento
23676,entrenamiento
23677,validacion
23678,entrenamiento
23679,entrenamiento
23680,prueba
23681,entrenamiento
23682,entrenamiento
23683,entrenamiento
23684,prueba
23685,prueba
23686,validacion
23687,entrenamiento
23688,validacion
23689,validacion
23690,entrenamiento
23691,validacion
23692,validacion
23693,validacion
23694,entrenamiento
23695,validacion
23696,prueba
23697,prueba
23698,entrenamiento
23699,entrenamiento
23700,entrenamiento
23701,entrenamiento
23702,entrenamiento
23703,prueba
23704,entrenamiento
23705,entrenamiento
23706,validacion
23707,entrenamiento
23708,entrenamiento
23709,validacion
23710,prueba
23711,validacion
23712,entrenamiento
23713,entrenamiento
23714,prueba
23715,validacion
23716,entrenamiento
23717,prueba
23718,entrenamiento
23719,entrenamiento
23720,entrenamiento
23721,entrenamiento
23722,entrenamiento
23723,entrenamiento
23724,validacion
23725,entrenamiento
23726,entrenamiento
23727,entrenamiento
23728,entrenamiento
23729,entrenamiento
23730,entrenamiento
23731,entrenamiento
23732,prueba
23733,entrenamiento
23734,entrenamiento
23735,entrenamiento
23736,entrenamiento
23737,entrenamiento
23738,entrenamiento
23739,entrenamiento
23740,entrenamiento
23741,validacion
23742,entrenamiento
23743,prueba
23744,prueba
23745,entrenamiento
23746,entrenamiento
23747,entrenamiento
23748,validacion
23749,validacion
23750,validacion
23751,entrenamiento
23752,entrenamiento
23753,prueba
23754,entrenamiento
23755,validacion
23756,entrenamiento
23757,prueba
23758,validacion
23759,entrenamiento
23760,prueba
23761,prueba
23762,entrenamiento
23763,validacion
23764,entrenamiento
23765,entrenamiento
23766,validacion
23767,entrenamiento
23768,entrenamiento
23769,prueba
23770,entrenamiento
23771,entrenamiento
23772,entrenamiento
23773,validacion
23774,prueba
23775,entrenamiento
23776,entrenamiento
23777,entrenamiento
23778,entrenamiento
23779,entrenamiento
23780,entrenamiento
23781,entrenamiento
23782,prueba
23783,entrenamiento
23784,prueba
23785,prueba
23786,validacion
23787,validacion
23788,validacion
23789,prueba
23790,entrenamiento
23791,validacion
23792,prueba
23793,entrenamiento
23794,entrenamiento
23795,validacion
23796,entrenamiento
23797,prueba
23798,prueba
23799,entrenamiento
23800,validacion
23801,entrenamiento
23802,entrenamiento
23803,validacion
23804,entrenamiento
23805,entrenamiento
23806,entrenamiento
23807,entrenamiento
23808,prueba
23809,entrenamiento
23810,entrenamiento
23811,prueba
23812,entrenamiento
23813,entrenamiento
23814,validacion
23815,validacion
23816,validacion
23817,entrenamiento
23818,validacion
23819,entrenamiento
23820,entrenamiento
23821,entrenamiento
23822,entrenamiento
23823,validacion
23824,entrenamiento
23825,entrenamiento
23826,validacion
23827,prueba
23828,prueba
23829,validacion
23830,prueba
23831,entrenamiento
23832,validacion
23833,prueba
23834,entrenamiento
23835,entrenamiento
23836,validacion
23837,prueba
23838,entrenamiento
23839,entrenamiento
23840,entrenamiento
23841,prueba
23842,entrenamiento
23843,entrenamiento
23844,validacion
23845,entrenamiento
23846,entrenamiento
23847,entrenamiento
23848,entrenamiento
23849,entrenamiento
23850,entrenamiento
23851,entrenamiento
23852,validacion
23853,prueba
23854,entrenamiento
23855,entrenamiento
23856,entrenamiento
23857,entrenamiento
23858,entrenamiento
23859,entrenamiento
23860,entrenamiento
23861,entrenamiento
23862,entrenamiento
23863,entrenamiento
23864,entrenamiento
23865,entrenamiento
23866,prueba
23867,validacion
23868,entrenamiento
23869,validacion
23870,entrenamiento
23871,validacion
23872,entrenamiento
23873,entrenamiento
23874,prueba
23875,entrenamiento
23876,prueba
23877,entrenamiento
23878,validacion
23879,entrenamiento
23880,validacion
23881,entrenamiento
23882,prueba
23883,entrenamiento
23884,entrenamiento
23885,prueba
23886,entrenamiento
23887,entrenamiento
23888,entrenamiento
23889,prueba
23890,prueba
23891,entrenamiento
23892,entrenamiento
23893,entrenamiento
23894,validacion
23895,entrenamiento
23896,prueba
23897,entrenamiento
23898,validacion
23899,entrenamiento
23900,validacion
23901,entrenamiento
23902,entrenamiento
23903,prueba
23904,validacion
23905,entrenamiento
23906,validacion
23907,validacion
23908,entrenamiento
23909,entrenamiento
23910,entrenamiento
23911,prueba
23912,entrenamiento
23913,prueba
23914,entrenamiento
23915,entrenamiento
23916,entrenamiento
23917,entrenamiento
23918,validacion
23919,entrenamiento
23920,entrenamiento
23921,entrenamiento
23922,entrenamiento
23923,prueba
23924,prueba
23925,validacion
23926,entrenamiento
23927,entrenamiento
23928,entrenamiento
23929,entrenamiento
23930,entrenamiento
23931,validacion
23932,entrenamiento
23933,entrenamiento
23934,prueba
23935,entrenamiento
23936,validacion
23937,entrenamiento
23938,entrenamiento
23939,prueba
23940,entrenamiento
23941,prueba
23942,entrenamiento
23943,prueba
23944,entrenamiento
23945,validacion
23946,validacion
23947,entrenamiento
23948,validacion
23949,validacion
23950,prueba
23951,prueba
23952,prueba
23953,entrenamiento
23954,prueba
23955,prueba
23956,entrenamiento
23957,prueba
23958,prueba
23959,entrenamiento
23960,entrenamiento
23961,entrenamiento
23962,entrenamiento
23963,prueba
23964,entrenamiento
23965,validacion
23966,entrenamiento
23967,entrenamiento
23968,entrenamiento
23969,validacion
23970,entrenamiento
23971,entrenamiento
23972,entrenamiento
23973,validacion
23974,entrenamiento
23975,entrenamiento
23976,entrenamiento
23977,entrenamiento
23978,validacion
23979,validacion
23980,entrenamiento
23981,entrenamiento
23982,entrenamiento
23983,entrenamiento
23984,entrenamiento
23985,validacion
23986,validacion
23987,entrenamiento
23988,entrenamiento
23989,entrenamiento
23990,entrenamiento
23991,entrenamiento
23992,entrenamiento
23993,entrenamiento
23994,entrenamiento
23995,prueba
23996,entrenamiento
23997,entrenamiento
23998,entrenamiento
23999,entrenamiento
24000,validacion
24001,entrenamiento
24002,entrenamiento
24003,entrenamiento
24004,validacion
24005,prueba
24006,entrenamiento
24007,entrenamiento
24008,entrenamiento
24009,validacion
24010,entrenamiento
24011,entrenamiento
24012,entrenamiento
24013,entrenamiento
24014,entrenamiento
24015,entrenamiento
24016,prueba
24017,prueba
24018,prueba
24019,validacion
24020,prueba
24021,entrenamiento
24022,entrenamiento
24023,entrenamiento
24024,prueba
24025,entrenamiento
24026,entrenamiento
24027,entrenamiento
24028,entrenamiento
24029,entrenamiento
24030,prueba
24031,prueba
24032,validacion
24033,validacion
24034,entrenamiento
24035,entrenamiento
24036,entrenamiento
24037,prueba
24038,entrenamiento
24039,entrenamiento
24040,validacion
24041,prueba
24042,entrenamiento
24043,validacion
24044,entrenamiento
24045,validacion
24046,validacion
24047,entrenamiento
24048,prueba
24049,prueba
24050,validacion
24051,entrenamiento
24052,entrenamiento
24053,entrenamiento
24054,prueba
24055,entrenamiento
24056,entrenamiento
24057,entrenamiento
24058,entrenamiento
24059,entrenamiento
24060,entrenamiento
24061,validacion
24062,entrenamiento
24063,entrenamiento
24064,prueba
24065,entrenamiento
24066,prueba
24067,entrenamiento
24068,entrenamiento
24069,prueba
24070,validacion
24071,entrenamiento
24072,entrenamiento
24073,entrenamiento
24074,entrenamiento
24075,prueba
24076,entrenamiento
24077,entrenamiento
24078,entrenamiento
24079,validacion
24080,entrenamiento
24081,entrenamiento
24082,entrenamiento
24083,entrenamiento
24084,entrenamiento
24085,entrenamiento
24086,entrenamiento
24087,entrenamiento
24088,prueba
24089,validacion
24090,prueba
24091,prueba
24092,entrenamiento
24093,entrenamiento
24094,entrenamiento
24095,entrenamiento
24096,validacion
24097,entrenamiento
24098,entrenamiento
24099,validacion
24100,prueba
24101,validacion
24102,entrenamiento
24103,entrenamiento
24104,prueba
24105,entrenamiento
24106,validacion
24107,entrenamiento
24108,entrenamiento
24109,entrenamiento
24110,entrenamiento
24111,entrenamiento
24112,entrenamiento
24113,entrenamiento
24114,entrenamiento
24115,prueba
24116,entrenamiento
24117,prueba
24118,entrenamiento
24119,entrenamiento
24120,prueba
24121,entrenamiento
24122,entrenamiento
24123,entrenamiento
24124,prueba
24125,prueba
24126,prueba
24127,prueba
24128,validacion
24129,prueba
24130,validacion
24131,entrenamiento
24132,prueba
24133,entrenamiento
24134,entrenamiento
24135,entrenamiento
24136,entrenamiento
24137,validacion
24138,validacion
24139,validacion
24140,prueba
24141,validacion
24142,validacion
24143,entrenamiento
24144,prueba
24145,prueba
24146,validacion
24147,entrenamiento
24148,validacion
24149,entrenamiento
24150,entrenamiento
24151,entrenamiento
24152,entrenamiento
24153,entrenamiento
24154,prueba
24155,entrenamiento
24156,entrenamiento
24157,entrenamiento
24158,prueba
24159,entrenamiento
24160,entrenamiento
24161,entrenamiento
24162,validacion
24163,prueba
24164,entrenamiento
24165,entrenamiento
24166,entrenamiento
24167,validacion
24168,validacion
24169,validacion
24170,entrenamiento
24171,entrenamiento
24172,entrenamiento
24173,entrenamiento
24174,entrenamiento
24175,entrenamiento
24176,prueba
24177,entrenamiento
24178,validacion
24179,entrenamiento
24180,validacion
24181,prueba
24182,validacion
24183,entrenamiento
24184,prueba
24185,entrenamiento
24186,entrenamiento
24187,prueba
24188,entrenamiento
24189,entrenamiento
24190,validacion
24191,validacion
24192,entrenamiento
24193,entrenamiento
24194,entrenamiento
24195,entrenamiento
24196,entrenamiento
24197,validacion
24198,entrenamiento
24199,prueba
24200,entrenamiento
24201,entrenamiento
24202,prueba
24203,entrenamiento
24204,entrenamiento
24205,entrenamiento
24206,prueba
24207,entrenamiento
24208,entrenamiento
24209,validacion
24210,entrenamiento
24211,entrenamiento
24212,entrenamiento
24213,entrenamiento
24214,entrenamiento
24215,entrenamiento
24216,entrenamiento
24217,entrenamiento
24218,validacion
24219,entrenamiento
24220,entrenamiento
24221,entrenamiento
24222,entrenamiento
24223,prueba
24224,prueba
24225,entrenamiento
24226,entrenamiento
24227,entrenamiento
24228,validacion
24229,validacion
24230,entrenamiento
24231,entrenamiento
24232,entrenamiento
24233,entrenamiento
24234,entrenamiento
24235,validacion
24236,entrenamiento
24237,validacion
24238,entrenamiento
24239,entrenamiento
24240,validacion
24241,entrenamiento
24242,entrenamiento
24243,entrenamiento
24244,entrenamiento
24245,entrenamiento
24246,entrenamiento
24247,entrenamiento
24248,entrenamiento
24249,validacion
24250,validacion
24251,prueba
24252,entrenamiento
24253,entrenamiento
24254,entrenamiento
24255,entrenamiento
24256,entrenamiento
24257,prueba
24258,entrenamiento
24259,prueba
24260,prueba
24261,prueba
24262,validacion
24263,entrenamiento
24264,prueba
24265,prueba
24266,prueba
24267,entrenamiento
24268,entrenamiento
24269,entrenamiento
24270,entrenamiento
24271,validacion
24272,entrenamiento
24273,entrenamiento
24274,prueba
24275,prueba
24276,prueba
24277,validacion
24278,entrenamiento
24279,entrenamiento
24280,prueba
24281,entrenamiento
24282,prueba
24283,entrenamiento
24284,entrenamiento
24285,entrenamiento
24286,entrenamiento
24287,validacion
24288,entrenamiento
24289,entrenamiento
24290,entrenamiento
24291,entrenamiento
24292,entrenamiento
24293,entrenamiento
24294,entrenamiento
24295,prueba
24296,entrenamiento
24297,prueba
24298,prueba
24299,validacion
24300,prueba
24301,entrenamiento
24302,prueba
24303,entrenamiento
24304,entrenamiento
24305,validacion
24306,validacion
24307,entrenamiento
24308,validacion
24309,entrenamiento
24310,entrenamiento
24311,prueba
24312,entrenamiento
24313,prueba
24314,entrenamiento
24315,entrenamiento
24316,prueba
24317,entrenamiento
24318,entrenamiento
24319,entrenamiento
24320,validacion
24321,entrenamiento
24322,entrenamiento
24323,entrenamiento
24324,entrenamiento
24325,prueba
24326,entrenamiento
24327,prueba
24328,entrenamiento
24329,entrenamiento
24330,prueba
24331,entrenamiento
24332,entrenamiento
24333,entrenamiento
24334,entrenamiento
24335,prueba
24336,entrenamiento
24337,validacion
24338,validacion
24339,entrenamiento
24340,entrenamiento
24341,entrenamiento
24342,entrenamiento
24343,validacion
24344,entrenamiento
24345,entrenamiento
24346,prueba
24347,entrenamiento
24348,entrenamiento
24349,prueba
24350,prueba
24351,entrenamiento
24352,prueba
24353,validacion
24354,entrenamiento
24355,prueba
24356,validacion
24357,validacion
24358,entrenamiento
24359,prueba
24360,entrenamiento
24361,entrenamiento
24362,entrenamiento
24363,entrenamiento
24364,entrenamiento
24365,entrenamiento
24366,validacion
24367,entrenamiento
24368,entrenamiento
24369,prueba
24370,entrenamiento
24371,validacion
24372,entrenamiento
24373,entrenamiento
24374,entrenamiento
24375,entrenamiento
24376,entrenamiento
24377,validacion
24378,entrenamiento
24379,validacion
24380,entrenamiento
24381,prueba
24382,entrenamiento
24383,entrenamiento
24384,entrenamiento
24385,entrenamiento
24386,entrenamiento
24387,validacion
24388,entrenamiento
24389,validacion
24390,entrenamiento
24391,entrenamiento
24392,entrenamiento
24393,entrenamiento
24394,entrenamiento
24395,entrenamiento
24396,entrenamiento
24397,entrenamiento
24398,entrenamiento
24399,prueba
24400,entrenamiento
24401,prueba
24402,entrenamiento
24403,entrenamiento
24404,entrenamiento
24405,entrenamiento
24406,entrenamiento
24407,prueba
24408,entrenamiento
24409,entrenamiento
24410,entrenamiento
24411,entrenamiento
24412,prueba
24413,entrenamiento
24414,validacion
24415,entrenamiento
24416,entrenamiento
24417,entrenamiento
24418,entrenamiento
24419,entrenamiento
24420,validacion
24421,entrenamiento
24422,prueba
24423,prueba
24424,entrenamiento
24425,entrenamiento
24426,entrenamiento
24427,entrenamiento
24428,prueba
24429,entrenamiento
24430,entrenamiento
24431,prueba
24432,entrenamiento
24433,entrenamiento
24434,entrenamiento
24435,entrenamiento
24436,entrenamiento
24437,entrenamiento
24438,entrenamiento
24439,prueba
24440,validacion
24441,prueba
24442,prueba
24443,entrenamiento
24444,validacion
24445,validacion
24446,entrenamiento
24447,entrenamiento
24448,entrenamiento
24449,entrenamiento
24450,prueba
24451,entrenamiento
24452,entrenamiento
24453,prueba
24454,validacion
24455,validacion
24456,entrenamiento
24457,prueba
24458,entrenamiento
24459,entrenamiento
24460,validacion
24461,prueba
24462,prueba
24463,entrenamiento
24464,validacion
24465,entrenamiento
24466,entrenamiento
24467,prueba
24468,entrenamiento
24469,validacion
24470,prueba
24471,entrenamiento
24472,entrenamiento
24473,prueba
24474,entrenamiento
24475,entrenamiento
24476,entrenamiento
24477,prueba
24478,entrenamiento
24479,entrenamiento
24480,entrenamiento
24481,entrenamiento
24482,entrenamiento
24483,prueba
24484,entrenamiento
24485,entrenamiento
24486,entrenamiento
24487,prueba
24488,entrenamiento
24489,prueba
24490,entrenamiento
24491,entrenamiento
24492,validacion
24493,validacion
24494,entrenamiento
24495,entrenamiento
24496,entrenamiento
24497,prueba
24498,validacion
24499,prueba
24500,prueba
24501,validacion
24502,entrenamiento
24503,prueba
24504,validacion
24505,prueba
24506,entrenamiento
24507,entrenamiento
24508,prueba
24509,entrenamiento
24510,entrenamiento
24511,prueba
24512,entrenamiento
24513,validacion
24514,entrenamiento
24515,entrenamiento
24516,entrenamiento
24517,prueba
24518,entrenamiento
24519,entrenamiento
24520,entrenamiento
24521,entrenamiento
24522,validacion
24523,entrenamiento
24524,prueba
24525,entrenamiento
24526,entrenamiento
24527,entrenamiento
24528,entrenamiento
24529,entrenamiento
24530,validacion
24531,entrenamiento
24532,entrenamiento
24533,entrenamiento
24534,prueba
24535,entrenamiento
24536,entrenamiento
24537,entrenamiento
24538,entrenamiento
24539,entrenamiento
24540,prueba
24541,entrenamiento
24542,entrenamiento
24543,entrenamiento
24544,prueba
24545,entrenamiento
24546,entrenamiento
24547,prueba
24548,entrenamiento
24549,entrenamiento
24550,entrenamiento
24551,entrenamiento
24552,entrenamiento
24553,prueba
24554,entrenamiento
24555,prueba
24556,entrenamiento
24557,entrenamiento
24558,validacion
24559,entrenamiento
24560,prueba
24561,entrenamiento
24562,entrenamiento
24563,prueba
24564,entrenamiento
24565,validacion
24566,prueba
24567,entrenamiento
24568,entrenamiento
24569,entrenamiento
24570,entrenamiento
24571,entrenamiento
24572,prueba
24573,entrenamiento
24574,validacion
24575,entrenamiento
24576,entrenamiento
24577,entrenamiento
24578,prueba
24579,validacion
24580,entrenamiento
24581,prueba
24582,entrenamiento
24583,entrenamiento
24584,prueba
24585,validacion
24586,entrenamiento
24587,validacion
24588,entrenamiento
24589,validacion
24590,validacion
24591,entrenamiento
24592,entrenamiento
24593,entrenamiento
24594,prueba
24595,entrenamiento
24596,validacion
24597,prueba
24598,entrenamiento
24599,entrenamiento
24600,validacion
24601,entrenamiento
24602,validacion
24603,validacion
24604,validacion
24605,entrenamiento
24606,entrenamiento
24607,validacion
24608,entrenamiento
24609,entrenamiento
24610,entrenamiento
24611,prueba
24612,entrenamiento
24613,prueba
24614,entrenamiento
24615,entrenamiento
24616,entrenamiento
24617,prueba
24618,entrenamiento
24619,validacion
24620,entrenamiento
24621,entrenamiento
24622,entrenamiento
24623,entrenamiento
24624,entrenamiento
24625,validacion
24626,entrenamiento
24627,entrenamiento
24628,entrenamiento
24629,prueba
24630,entrenamiento
24631,entrenamiento
24632,entrenamiento
24633,entrenamiento
24634,entrenamiento
24635,entrenamiento
24636,entrenamiento
24637,prueba
24638,entrenamiento
24639,entrenamiento
24640,validacion
24641,entrenamiento
24642,validacion
24643,prueba
24644,validacion
24645,prueba
24646,validacion
24647,entrenamiento
24648,entrenamiento
24649,entrenamiento
24650,entrenamiento
24651,entrenamiento
24652,validacion
24653,entrenamiento
24654,entrenamiento
24655,validacion
24656,prueba
24657,prueba
24658,entrenamiento
24659,entrenamiento
24660,entrenamiento
24661,validacion
24662,entrenamiento
24663,validacion
24664,entrenamiento
24665,entrenamiento
24666,validacion
24667,prueba
24668,prueba
24669,entrenamiento
24670,prueba
24671,entrenamiento
24672,validacion
24673,entrenamiento
24674,entrenamiento
24675,entrenamiento
24676,entrenamiento
24677,prueba
24678,entrenamiento
24679,entrenamiento
24680,entrenamiento
24681,validacion
24682,validacion
24683,entrenamiento
24684,validacion
24685,entrenamiento
24686,entrenamiento
24687,entrenamiento
24688,entrenamiento
24689,entrenamiento
24690,entrenamiento
24691,entrenamiento
24692,entrenamiento
24693,entrenamiento
24694,validacion
24695,prueba
24696,entrenamiento
24697,entrenamiento
24698,prueba
24699,entrenamiento
24700,prueba
24701,prueba
24702,entrenamiento
24703,prueba
24704,prueba
24705,entrenamiento
24706,prueba
24707,entrenamiento
24708,entrenamiento
24709,entrenamiento
24710,validacion
24711,prueba
24712,entrenamiento
24713,validacion
24714,prueba
24715,entrenamiento
24716,validacion
24717,prueba
24718,validacion
24719,prueba
24720,entrenamiento
24721,entrenamiento
24722,validacion
24723,entrenamiento
24724,entrenamiento
24725,prueba
24726,entrenamiento
24727,entrenamiento
24728,entrenamiento
24729,entrenamiento
24730,validacion
24731,entrenamiento
24732,entrenamiento
24733,entrenamiento
24734,entrenamiento
24735,prueba
24736,prueba
24737,entrenamiento
24738,entrenamiento
24739,entrenamiento
24740,entrenamiento
24741,entrenamiento
24742,validacion
24743,prueba
24744,entrenamiento
24745,entrenamiento
24746,entrenamiento
24747,validacion
24748,entrenamiento
24749,entrenamiento
24750,validacion
24751,entrenamiento
24752,entrenamiento
24753,prueba
24754,entrenamiento
24755,validacion
24756,validacion
24757,validacion
24758,prueba
24759,prueba
24760,entrenamiento
24761,prueba
24762,prueba
24763,entrenamiento
24764,entrenamiento
24765,entrenamiento
24766,entrenamiento
24767,prueba
24768,entrenamiento
24769,validacion
24770,validacion
24771,validacion
24772,prueba
24773,entrenamiento
24774,validacion
24775,entrenamiento
24776,prueba
24777,validacion
24778,entrenamiento
24779,entrenamiento
24780,entrenamiento
24781,entrenamiento
24782,prueba
24783,entrenamiento
24784,entrenamiento
24785,entrenamiento
24786,validacion
24787,prueba
24788,prueba
24789,entrenamiento
24790,entrenamiento
24791,prueba
24792,validacion
24793,entrenamiento
24794,entrenamiento
24795,validacion
24796,entrenamiento
24797,prueba
24798,prueba
24799,entrenamiento
24800,prueba
24801,entrenamiento
24802,validacion
24803,prueba
24804,entrenamiento
24805,prueba
24806,entrenamiento
24807,entrenamiento
24808,entrenamiento
24809,prueba
24810,validacion
24811,entrenamiento
24812,entrenamiento
24813,validacion
24814,validacion
24815,entrenamiento
24816,entrenamiento
24817,entrenamiento
24818,entrenamiento
24819,entrenamiento
24820,entrenamiento
24821,entrenamiento
24822,entrenamiento
24823,entrenamiento
24824,entrenamiento
24825,entrenamiento
24826,entrenamiento
24827,validacion
24828,prueba
24829,entrenamiento
24830,entrenamiento
24831,entrenamiento
24832,entrenamiento
24833,entrenamiento
24834,entrenamiento
24835,entrenamiento
24836,entrenamiento
24837,entrenamiento
24838,entrenamiento
24839,entrenamiento
24840,entrenamiento
24841,prueba
24842,entrenamiento
24843,entrenamiento
24844,validacion
24845,prueba
24846,entrenamiento
24847,prueba
24848,entrenamiento
24849,entrenamiento
24850,entrenamiento
24851,entrenamiento
24852,entrenamiento
24853,validacion
24854,entrenamiento
24855,validacion
24856,validacion
24857,validacion
24858,entrenamiento
24859,entrenamiento
24860,entrenamiento
24861,entrenamiento
24862,prueba
24863,entrenamiento
24864,entrenamiento
24865,entrenamiento
24866,entrenamiento
24867,entrenamiento
24868,prueba
24869,entrenamiento
24870,validacion
24871,entrenamiento
24872,entrenamiento
24873,prueba
24874,prueba
24875,prueba
24876,entrenamiento
24877,validacion
24878,entrenamiento
24879,entrenamiento
24880,validacion
24881,entrenamiento
24882,prueba
24883,entrenamiento
24884,entrenamiento
24885,entrenamiento
24886,entrenamiento
24887,prueba
24888,validacion
24889,entrenamiento
24890,entrenamiento
24891,entrenamiento
24892,prueba
24893,entrenamiento
24894,validacion
24895,entrenamiento
24896,prueba
24897,entrenamiento
24898,validacion
24899,prueba
24900,entrenamiento
24901,entrenamiento
24902,entrenamiento
24903,prueba
24904,entrenamiento
24905,validacion
24906,prueba
24907,validacion
24908,entrenamiento
24909,entrenamiento
24910,entrenamiento
24911,entrenamiento
24912,prueba
24913,prueba
24914,prueba
24915,entrenamiento
24916,entrenamiento
24917,validacion
24918,validacion
24919,entrenamiento
24920,entrenamiento
24921,validacion
24922,entrenamiento
24923,validacion
24924,validacion
24925,entrenamiento
24926,entrenamiento
24927,entrenamiento
24928,prueba
24929,prueba
24930,entrenamiento
24931,entrenamiento
24932,entrenamiento
24933,entrenamiento
24934,entrenamiento
24935,entrenamiento
24936,entrenamiento
24937,entrenamiento
24938,prueba
24939,entrenamiento
24940,entrenamiento
24941,entrenamiento
24942,entrenamiento
24943,validacion
24944,entrenamiento
24945,entrenamiento
24946,validacion
24947,entrenamiento
24948,entrenamiento
24949,prueba
24950,entrenamiento
24951,entrenamiento
24952,entrenamiento
24953,entrenamiento
24954,prueba
24955,entrenamiento
24956,entrenamiento
24957,entrenamiento
24958,entrenamiento
24959,entrenamiento
24960,entrenamiento
24961,validacion
24962,validacion
24963,entrenamiento
24964,prueba
24965,prueba
24966,prueba
24967,entrenamiento
24968,prueba
24969,entrenamiento
24970,entrenamiento
24971,entrenamiento
24972,entrenamiento
24973,entrenamiento
24974,entrenamiento
24975,entrenamiento
24976,entrenamiento
24977,entrenamiento
24978,prueba
24979,validacion
24980,validacion
24981,validacion
24982,entrenamiento
24983,prueba
24984,validacion
24985,entrenamiento
24986,entrenamiento
24987,validacion
24988,entrenamiento
24989,entrenamiento
24990,entrenamiento
24991,entrenamiento
24992,entrenamiento
24993,entrenamiento
24994,validacion
24995,validacion
24996,prueba
24997,validacion
24998,entrenamiento
24999,entrenamiento
25000,entrenamiento
25001,entrenamiento
25002,prueba
25003,entrenamiento
25004,entrenamiento
25005,prueba
25006,entrenamiento
25007,validacion
25008,prueba
25009,validacion
25010,validacion
25011,entrenamiento
25012,prueba
25013,validacion
25014,entrenamiento
25015,entrenamiento
25016,entrenamiento
25017,entrenamiento
25018,entrenamiento
25019,entrenamiento
25020,entrenamiento
25021,entrenamiento
25022,validacion
25023,entrenamiento
25024,prueba
25025,entrenamiento
25026,entrenamiento
25027,prueba
25028,prueba
25029,entrenamiento
25030,entrenamiento
25031,validacion
25032,entrenamiento
25033,validacion
25034,entrenamiento
25035,prueba
25036,prueba
25037,entrenamiento
25038,entrenamiento
25039,entrenamiento
25040,entrenamiento
25041,entrenamiento
25042,validacion
25043,entrenamiento
25044,entrenamiento
25045,entrenamiento
25046,validacion
25047,entrenamiento
25048,prueba
25049,entrenamiento
25050,entrenamiento
25051,entrenamiento
25052,validacion
25053,entrenamiento
25054,entrenamiento
25055,prueba
25056,validacion
25057,prueba
25058,validacion
25059,entrenamiento
25060,entrenamiento
25061,entrenamiento
25062,entrenamiento
25063,entrenamiento
25064,entrenamiento
25065,entrenamiento
25066,validacion
25067,entrenamiento
25068,entrenamiento
25069,validacion
25070,entrenamiento
25071,validacion
25072,entrenamiento
25073,prueba
25074,validacion
25075,prueba
25076,entrenamiento
25077,entrenamiento
25078,entrenamiento
25079,prueba
25080,entrenamiento
25081,validacion
25082,entrenamiento
25083,validacion
25084,validacion
25085,validacion
25086,entrenamiento
25087,entrenamiento
25088,entrenamiento
25089,prueba
25090,validacion
25091,validacion
25092,validacion
25093,prueba
25094,validacion
25095,prueba
25096,entrenamiento
25097,entrenamiento
25098,entrenamiento
25099,prueba
25100,entrenamiento
25101,validacion
25102,entrenamiento
25103,entrenamiento
25104,entrenamiento
25105,entrenamiento
25106,entrenamiento
25107,entrenamiento
25108,validacion
25109,prueba
25110,entrenamiento
25111,entrenamiento
25112,entrenamiento
25113,entrenamiento
25114,prueba
25115,entrenamiento
25116,entrenamiento
25117,entrenamiento
25118,prueba
25119,prueba
25120,entrenamiento
25121,entrenamiento
25122,entrenamiento
25123,entrenamiento
25124,validacion
25125,prueba
25126,validacion
25127,validacion
25128,entrenamiento
25129,entrenamiento
25130,validacion
25131,entrenamiento
25132,entrenamiento
25133,prueba
25134,entrenamiento
25135,entrenamiento
25136,entrenamiento
25137,entrenamiento
25138,entrenamiento
25139,entrenamiento
25140,entrenamiento
25141,validacion
25142,validacion
25143,entrenamiento
25144,entrenamiento
25145,prueba
25146,validacion
25147,entrenamiento
25148,prueba
25149,entrenamiento
25150,entrenamiento
25151,prueba
25152,validacion
25153,entrenamiento
25154,prueba
25155,validacion
25156,validacion
25157,entrenamiento
25158,entrenamiento
25159,prueba
25160,entrenamiento
25161,validacion
25162,entrenamiento
25163,entrenamiento
25164,prueba
25165,entrenamiento
25166,entrenamiento
25167,prueba
25168,entrenamiento
25169,entrenamiento
25170,entrenamiento
25171,entrenamiento
25172,entrenamiento
25173,entrenamiento
25174,entrenamiento
25175,validacion
25176,validacion
25177,validacion
25178,prueba
25179,prueba
25180,entrenamiento
25181,prueba
25182,entrenamiento
25183,entrenamiento
25184,entrenamiento
25185,entrenamiento
25186,entrenamiento
25187,entrenamiento
25188,entrenamiento
25189,validacion
25190,validacion
25191,entrenamiento
25192,entrenamiento
25193,entrenamiento
25194,entrenamiento
25195,entrenamiento
25196,prueba
25197,validacion
25198,validacion
25199,validacion
25200,entrenamiento
25201,entrenamiento
25202,entrenamiento
25203,entrenamiento
25204,entrenamiento
25205,prueba
25206,entrenamiento
25207,validacion
25208,validacion
25209,validacion
25210,entrenamiento
25211,entrenamiento
25212,entrenamiento
25213,prueba
25214,prueba
25215,entrenamiento
25216,entrenamiento
25217,entrenamiento
25218,entrenamiento
25219,entrenamiento
25220,entrenamiento
25221,validacion
25222,entrenamiento
25223,prueba
25224,entrenamiento
25225,entrenamiento
25226,entrenamiento
25227,entrenamiento
25228,prueba
25229,entrenamiento
25230,prueba
25231,entrenamiento
25232,entrenamiento
25233,entrenamiento
25234,entrenamiento
25235,entrenamiento
25236,validacion
25237,validacion
25238,entrenamiento
25239,prueba
25240,entrenamiento
25241,entrenamiento
25242,prueba
25243,entrenamiento
25244,validacion
25245,validacion
25246,entrenamiento
25247,entrenamiento
25248,prueba
25249,entrenamiento
25250,validacion
25251,prueba
25252,prueba
25253,entrenamiento
25254,validacion
25255,entrenamiento
25256,entrenamiento
25257,prueba
25258,entrenamiento
25259,validacion
25260,entrenamiento
25261,validacion
25262,entrenamiento
25263,entrenamiento
25264,entrenamiento
25265,entrenamiento
25266,validacion
25267,entrenamiento
25268,prueba
25269,validacion
25270,entrenamiento
25271,entrenamiento
25272,entrenamiento
25273,entrenamiento
25274,entrenamiento
25275,entrenamiento
25276,entrenamiento
25277,entrenamiento
25278,entrenamiento
25279,entrenamiento
25280,entrenamiento
25281,entrenamiento
25282,entrenamiento
25283,entrenamiento
25284,entrenamiento
25285,validacion
25286,entrenamiento
25287,entrenamiento
25288,validacion
25289,entrenamiento
25290,entrenamiento
25291,entrenamiento
25292,validacion
25293,entrenamiento
25294,prueba
25295,prueba
25296,entrenamiento
25297,entrenamiento
25298,validacion
25299,entrenamiento
25300,entrenamiento
25301,entrenamiento
25302,prueba
25303,prueba
25304,entrenamiento
25305,prueba
25306,validacion
25307,entrenamiento
25308,entrenamiento
25309,entrenamiento
25310,entrenamiento
25311,entrenamiento
25312,entrenamiento
25313,entrenamiento
25314,entrenamiento
25315,entrenamiento
25316,entrenamiento
25317,entrenamiento
25318,entrenamiento
25319,entrenamiento
25320,prueba
25321,entrenamiento
25322,entrenamiento
25323,entrenamiento
25324,validacion
25325,entrenamiento
25326,entrenamiento
25327,entrenamiento
25328,entrenamiento
25329,entrenamiento
25330,validacion
25331,entrenamiento
25332,entrenamiento
25333,entrenamiento
25334,prueba
25335,entrenamiento
25336,validacion
25337,prueba
25338,prueba
25339,entrenamiento
25340,entrenamiento
25341,entrenamiento
25342,validacion
25343,entrenamiento
25344,entrenamiento
25345,prueba
25346,prueba
25347,entrenamiento
25348,validacion
25349,entrenamiento
25350,entrenamiento
25351,validacion
25352,entrenamiento
25353,prueba
25354,entrenamiento
25355,prueba
25356,validacion
25357,entrenamiento
25358,entrenamiento
25359,entrenamiento
25360,entrenamiento
25361,entrenamiento
25362,entrenamiento
25363,entrenamiento
25364,entrenamiento
25365,entrenamiento
25366,validacion
25367,entrenamiento
25368,entrenamiento
25369,validacion
25370,entrenamiento
25371,validacion
25372,prueba
25373,validacion
25374,entrenamiento
25375,entrenamiento
25376,entrenamiento
25377,entrenamiento
25378,entrenamiento
25379,prueba
25380,entrenamiento
25381,entrenamiento
25382,entrenamiento
25383,entrenamiento
25384,entrenamiento
25385,entrenamiento
25386,prueba
25387,entrenamiento
25388,entrenamiento
25389,prueba
25390,entrenamiento
25391,entrenamiento
25392,entrenamiento
25393,entrenamiento
25394,prueba
25395,entrenamiento
25396,entrenamiento
25397,entrenamiento
25398,entrenamiento
25399,entrenamiento
25400,entrenamiento
25401,entrenamiento
25402,entrenamiento
25403,prueba
25404,prueba
25405,entrenamiento
25406,entrenamiento
25407,prueba
25408,validacion
25409,entrenamiento
25410,prueba
25411,entrenamiento
25412,entrenamiento
25413,entrenamiento
25414,entrenamiento
25415,prueba
25416,entrenamiento
25417,entrenamiento
25418,entrenamiento
25419,prueba
25420,entrenamiento
25421,prueba
25422,prueba
25423,entrenamiento
25424,entrenamiento
25425,validacion
25426,prueba
25427,entrenamiento
25428,prueba
25429,prueba
25430,validacion
25431,entrenamiento
25432,entrenamiento
25433,entrenamiento
25434,entrenamiento
25435,entrenamiento
25436,entrenamiento
25437,entrenamiento
25438,prueba
25439,entrenamiento
25440,entrenamiento
25441,entrenamiento
25442,entrenamiento
25443,entrenamiento
25444,entrenamiento
25445,validacion
25446,validacion
25447,entrenamiento
25448,prueba
25449,validacion
25450,entrenamiento
25451,validacion
25452,entrenamiento
25453,entrenamiento
25454,prueba
25455,entrenamiento
25456,entrenamiento
25457,entrenamiento
25458,entrenamiento
25459,validacion
25460,entrenamiento
25461,entrenamiento
25462,entrenamiento
25463,entrenamiento
25464,prueba
25465,prueba
25466,entrenamiento
25467,validacion
25468,entrenamiento
25469,entrenamiento
25470,entrenamiento
25471,entrenamiento
25472,entrenamiento
25473,prueba
25474,entrenamiento
25475,validacion
25476,entrenamiento
25477,prueba
25478,validacion
25479,entrenamiento
25480,prueba
25481,entrenamiento
25482,prueba
25483,entrenamiento
25484,validacion
25485,prueba
25486,entrenamiento
25487,prueba
25488,validacion
25489,entrenamiento
25490,validacion
25491,entrenamiento
25492,entrenamiento
25493,validacion
25494,prueba
25495,entrenamiento
25496,entrenamiento
25497,entrenamiento
25498,entrenamiento
25499,entrenamiento
25500,entrenamiento
25501,entrenamiento
25502,entrenamiento
25503,prueba
25504,entrenamiento
25505,validacion
25506,validacion
25507,entrenamiento
25508,entrenamiento
25509,entrenamiento
25510,entrenamiento
25511,entrenamiento
25512,prueba
25513,validacion
25514,entrenamiento
25515,validacion
25516,prueba
25517,prueba
25518,entrenamiento
25519,entrenamiento
25520,entrenamiento
25521,entrenamiento
25522,prueba
25523,entrenamiento
25524,entrenamiento
25525,validacion
25526,entrenamiento
25527,entrenamiento
25528,entrenamiento
25529,entrenamiento
25530,validacion
25531,prueba
25532,entrenamiento
25533,entrenamiento
25534,entrenamiento
25535,prueba
25536,entrenamiento
25537,entrenamiento
25538,entrenamiento
25539,entrenamiento
25540,entrenamiento
25541,entrenamiento
25542,entrenamiento
25543,validacion
25544,validacion
25545,entrenamiento
25546,prueba
25547,validacion
25548,entrenamiento
25549,entrenamiento
25550,entrenamiento
25551,validacion
25552,validacion
25553,prueba
25554,entrenamiento
25555,prueba
25556,entrenamiento
25557,entrenamiento
25558,entrenamiento
25559,validacion
25560,entrenamiento
25561,entrenamiento
25562,entrenamiento
25563,entrenamiento
25564,entrenamiento
25565,validacion
25566,prueba
25567,entrenamiento
25568,entrenamiento
25569,entrenamiento
25570,entrenamiento
25571,entrenamiento
25572,validacion
25573,prueba
25574,entrenamiento
25575,prueba
25576,entrenamiento
25577,entrenamiento
25578,entrenamiento
25579,validacion
25580,entrenamiento
25581,entrenamiento
25582,prueba
25583,entrenamiento
25584,validacion
25585,validacion
25586,entrenamiento
25587,entrenamiento
25588,prueba
25589,entrenamiento
25590,entrenamiento
25591,entrenamiento
25592,entrenamiento
25593,entrenamiento
25594,entrenamiento
25595,entrenamiento
25596,entrenamiento
25597,entrenamiento
25598,entrenamiento
25599,entrenamiento
25600,entrenamiento
25601,entrenamiento
25602,prueba
25603,entrenamiento
25604,prueba
25605,validacion
25606,entrenamiento
25607,prueba
25608,entrenamiento
25609,entrenamiento
25610,entrenamiento
25611,prueba
25612,entrenamiento
25613,entrenamiento
25614,entrenamiento
25615,entrenamiento
25616,prueba
25617,prueba
25618,validacion
25619,entrenamiento
25620,prueba
25621,entrenamiento
25622,validacion
25623,prueba
25624,validacion
25625,entrenamiento
25626,validacion
25627,prueba
25628,entrenamiento
25629,entrenamiento
25630,entrenamiento
25631,entrenamiento
25632,prueba
25633,entrenamiento
25634,prueba
25635,entrenamiento
25636,entrenamiento
25637,validacion
25638,entrenamiento
25639,entrenamiento
25640,prueba
25641,entrenamiento
25642,entrenamiento
25643,prueba
25644,prueba
25645,validacion
25646,prueba
25647,entrenamiento
25648,entrenamiento
25649,entrenamiento
25650,entrenamiento
25651,prueba
25652,prueba
25653,entrenamiento
25654,prueba
25655,prueba
25656,validacion
25657,entrenamiento
25658,entrenamiento
25659,prueba
25660,prueba
25661,prueba
25662,entrenamiento
25663,entrenamiento
25664,validacion
25665,entrenamiento
25666,entrenamiento
25667,entrenamiento
25668,validacion
25669,entrenamiento
25670,prueba
25671,entrenamiento
25672,validacion
25673,entrenamiento
25674,entrenamiento
25675,entrenamiento
25676,validacion
25677,entrenamiento
25678,entrenamiento
25679,validacion
25680,entrenamiento
25681,prueba
25682,entrenamiento
25683,entrenamiento
25684,validacion
25685,entrenamiento
25686,prueba
25687,entrenamiento
25688,entrenamiento
25689,prueba
25690,prueba
25691,validacion
25692,entrenamiento
25693,entrenamiento
25694,prueba
25695,entrenamiento
25696,prueba
25697,entrenamiento
25698,prueba
25699,entrenamiento
25700,entrenamiento
25701,validacion
25702,entrenamiento
25703,validacion
25704,validacion
25705,prueba
25706,entrenamiento
25707,validacion
25708,entrenamiento
25709,prueba
25710,prueba
25711,entrenamiento
25712,entrenamiento
25713,prueba
25714,prueba
25715,entrenamiento
25716,entrenamiento
25717,entrenamiento
25718,entrenamiento
25719,prueba
25720,prueba
25721,entrenamiento
25722,entrenamiento
25723,prueba
25724,validacion
25725,entrenamiento
25726,entrenamiento
25727,entrenamiento
25728,prueba
25729,prueba
25730,entrenamiento
25731,entrenamiento
25732,validacion
25733,entrenamiento
25734,entrenamiento
25735,entrenamiento
25736,prueba
25737,validacion
25738,entrenamiento
25739,prueba
25740,entrenamiento
25741,entrenamiento
25742,entrenamiento
25743,entrenamiento
25744,prueba
25745,entrenamiento
25746,entrenamiento
25747,entrenamiento
25748,prueba
25749,entrenamiento
25750,entrenamiento
25751,prueba
25752,entrenamiento
25753,prueba
25754,entrenamiento
25755,validacion
25756,prueba
25757,validacion
25758,entrenamiento
25759,prueba
25760,entrenamiento
25761,entrenamiento
25762,validacion
25763,prueba
25764,prueba
25765,prueba
25766,entrenamiento
25767,entrenamiento
25768,prueba
25769,entrenamiento
25770,entrenamiento
25771,prueba
25772,entrenamiento
25773,entrenamiento
25774,prueba
25775,entrenamiento
25776,entrenamiento
25777,entrenamiento
25778,entrenamiento
25779,validacion
25780,prueba
25781,prueba
25782,entrenamiento
25783,entrenamiento
25784,prueba
25785,entrenamiento
25786,entrenamiento
25787,entrenamiento
25788,entrenamiento
25789,validacion
25790,validacion
25791,entrenamiento
25792,prueba
25793,entrenamiento
25794,entrenamiento
25795,entrenamiento
25796,validacion
25797,prueba
25798,entrenamiento
25799,validacion
25800,validacion
25801,entrenamiento
25802,entrenamiento
25803,entrenamiento
25804,entrenamiento
25805,entrenamiento
25806,entrenamiento
25807,entrenamiento
25808,entrenamiento
25809,validacion
25810,validacion
25811,prueba
25812,entrenamiento
25813,entrenamiento
25814,entrenamiento
25815,entrenamiento
25816,prueba
25817,prueba
25818,entrenamiento
25819,entrenamiento
25820,prueba
25821,validacion
25822,entrenamiento
25823,prueba
25824,entrenamiento
25825,validacion
25826,entrenamiento
25827,validacion
25828,entrenamiento
25829,entrenamiento
25830,validacion
25831,entrenamiento
25832,entrenamiento
25833,entrenamiento
25834,entrenamiento
25835,entrenamiento
25836,prueba
25837,entrenamiento
25838,entrenamiento
25839,entrenamiento
25840,entrenamiento
25841,entrenamiento
25842,prueba
25843,entrenamiento
25844,prueba
25845,entrenamiento
25846,validacion
25847,entrenamiento
25848,entrenamiento
25849,entrenamiento
25850,entrenamiento
25851,prueba
25852,entrenamiento
25853,validacion
25854,entrenamiento
25855,validacion
25856,entrenamiento
25857,entrenamiento
25858,entrenamiento
25859,entrenamiento
25860,prueba
25861,validacion
25862,entrenamiento
25863,prueba
25864,entrenamiento
25865,prueba
25866,validacion
25867,entrenamiento
25868,validacion
25869,validacion
25870,entrenamiento
25871,entrenamiento
25872,entrenamiento
25873,prueba
25874,validacion
25875,entrenamiento
25876,entrenamiento
25877,validacion
25878,entrenamiento
25879,entrenamiento
25880,entrenamiento
25881,entrenamiento
25882,prueba
25883,entrenamiento
25884,entrenamiento
25885,entrenamiento
25886,entrenamiento
25887,entrenamiento
25888,entrenamiento
25889,entrenamiento
25890,entrenamiento
25891,validacion
25892,entrenamiento
25893,entrenamiento
25894,entrenamiento
25895,validacion
25896,entrenamiento
25897,validacion
25898,entrenamiento
25899,prueba
25900,entrenamiento
25901,entrenamiento
25902,prueba
25903,prueba
25904,entrenamiento
25905,validacion
25906,entrenamiento
25907,prueba
25908,entrenamiento
25909,entrenamiento
25910,entrenamiento
25911,entrenamiento
25912,entrenamiento
25913,entrenamiento
25914,entrenamiento
25915,prueba
25916,entrenamiento
25917,entrenamiento
25918,entrenamiento
25919,prueba
25920,entrenamiento
25921,entrenamiento
25922,entrenamiento
25923,validacion
25924,prueba
25925,entrenamiento
25926,entrenamiento
25927,entrenamiento
25928,validacion
25929,entrenamiento
25930,validacion
25931,entrenamiento
25932,prueba
25933,validacion
25934,entrenamiento
25935,entrenamiento
25936,entrenamiento
25937,prueba
25938,prueba
25939,entrenamiento
25940,prueba
25941,prueba
25942,entrenamiento
25943,entrenamiento
25944,entrenamiento
25945,entrenamiento
25946,entrenamiento
25947,entrenamiento
25948,entrenamiento
25949,entrenamiento
25950,entrenamiento
25951,entrenamiento
25952,validacion
25953,prueba
25954,entrenamiento
25955,entrenamiento
25956,entrenamiento
25957,entrenamiento
25958,validacion
25959,validacion
25960,entrenamiento
25961,validacion
25962,entrenamiento
25963,entrenamiento
25964,entrenamiento
25965,entrenamiento
25966,entrenamiento
25967,validacion
25968,entrenamiento
25969,entrenamiento
25970,prueba
25971,entrenamiento
25972,entrenamiento
25973,prueba
25974,prueba
25975,entrenamiento
25976,entrenamiento
25977,validacion
25978,validacion
25979,entrenamiento
25980,entrenamiento
25981,entrenamiento
25982,entrenamiento
25983,entrenamiento
25984,entrenamiento
25985,validacion
25986,prueba
25987,entrenamiento
25988,entrenamiento
25989,entrenamiento
25990,entrenamiento
25991,entrenamiento
25992,entrenamiento
25993,entrenamiento
25994,validacion
25995,entrenamiento
25996,validacion
25997,prueba
25998,validacion
25999,entrenamiento
26000,entrenamiento
26001,entrenamiento
26002,entrenamiento
26003,prueba
26004,validacion
26005,entrenamiento
26006,validacion
26007,entrenamiento
26008,entrenamiento
26009,entrenamiento
26010,prueba
26011,entrenamiento
26012,entrenamiento
26013,validacion
26014,prueba
26015,validacion
26016,entrenamiento
26017,entrenamiento
26018,validacion
26019,entrenamiento
26020,prueba
26021,entrenamiento
26022,entrenamiento
26023,entrenamiento
26024,entrenamiento
26025,entrenamiento
26026,entrenamiento
26027,prueba
26028,validacion
26029,entrenamiento
26030,entrenamiento
26031,entrenamiento
26032,prueba
26033,validacion
26034,validacion
26035,prueba
26036,entrenamiento
26037,validacion
26038,validacion
26039,entrenamiento
26040,validacion
26041,validacion
26042,entrenamiento
26043,validacion
26044,validacion
26045,prueba
26046,prueba
26047,entrenamiento
26048,validacion
26049,prueba
26050,entrenamiento
26051,entrenamiento
26052,entrenamiento
26053,entrenamiento
26054,entrenamiento
26055,entrenamiento
26056,entrenamiento
26057,prueba
26058,validacion
26059,entrenamiento
26060,entrenamiento
26061,entrenamiento
26062,entrenamiento
26063,entrenamiento
26064,entrenamiento
26065,entrenamiento
26066,entrenamiento
26067,entrenamiento
26068,entrenamiento
26069,entrenamiento
26070,entrenamiento
26071,validacion
26072,prueba
26073,entrenamiento
26074,entrenamiento
26075,entrenamiento
26076,entrenamiento
26077,entrenamiento
26078,prueba
26079,entrenamiento
26080,prueba
26081,entrenamiento
26082,entrenamiento
26083,entrenamiento
26084,entrenamiento
26085,prueba
26086,entrenamiento
26087,entrenamiento
26088,entrenamiento
26089,prueba
26090,prueba
26091,entrenamiento
26092,entrenamiento
26093,entrenamiento
26094,entrenamiento
26095,entrenamiento
26096,entrenamiento
26097,entrenamiento
26098,entrenamiento
26099,prueba
26100,entrenamiento
26101,prueba
26102,entrenamiento
26103,prueba
26104,entrenamiento
26105,entrenamiento
26106,entrenamiento
26107,entrenamiento
26108,prueba
26109,entrenamiento
26110,entrenamiento
26111,entrenamiento
26112,entrenamiento
26113,entrenamiento
26114,entrenamiento
26115,entrenamiento
26116,validacion
26117,entrenamiento
26118,entrenamiento
26119,entrenamiento
26120,entrenamiento
26121,entrenamiento
26122,validacion
26123,entrenamiento
26124,prueba
26125,entrenamiento
26126,prueba
26127,entrenamiento
26128,entrenamiento
26129,validacion
26130,entrenamiento
26131,prueba
26132,entrenamiento
26133,entrenamiento
26134,entrenamiento
26135,prueba
26136,validacion
26137,entrenamiento
26138,validacion
26139,prueba
26140,entrenamiento
26141,entrenamiento
26142,entrenamiento
26143,entrenamiento
26144,entrenamiento
26145,validacion
26146,validacion
26147,entrenamiento
26148,prueba
26149,prueba
26150,entrenamiento
26151,prueba
26152,entrenamiento
26153,entrenamiento
26154,entrenamiento
26155,entrenamiento
26156,entrenamiento
26157,entrenamiento
26158,prueba
26159,entrenamiento
26160,entrenamiento
26161,entrenamiento
26162,entrenamiento
26163,entrenamiento
26164,prueba
26165,entrenamiento
26166,prueba
26167,prueba
26168,prueba
26169,entrenamiento
26170,prueba
26171,prueba
26172,prueba
26173,entrenamiento
26174,prueba
26175,validacion
26176,prueba
26177,entrenamiento
26178,entrenamiento
26179,validacion
26180,prueba
26181,entrenamiento
26182,validacion
26183,entrenamiento
26184,entrenamiento
26185,entrenamiento
26186,entrenamiento
26187,entrenamiento
26188,validacion
26189,entrenamiento
26190,entrenamiento
26191,prueba
26192,entrenamiento
26193,entrenamiento
26194,entrenamiento
26195,entrenamiento
26196,prueba
26197,entrenamiento
26198,prueba
26199,prueba
26200,prueba
26201,entrenamiento
26202,entrenamiento
26203,entrenamiento
26204,entrenamiento
26205,entrenamiento
26206,entrenamiento
26207,entrenamiento
26208,validacion
26209,entrenamiento
26210,entrenamiento
26211,prueba
26212,prueba
26213,prueba
26214,entrenamiento
26215,entrenamiento
26216,validacion
26217,prueba
26218,prueba
26219,validacion
26220,entrenamiento
26221,validacion
26222,prueba
26223,entrenamiento
26224,entrenamiento
26225,prueba
26226,entrenamiento
26227,entrenamiento
26228,prueba
26229,prueba
26230,entrenamiento
26231,entrenamiento
26232,entrenamiento
26233,prueba
26234,entrenamiento
26235,entrenamiento
26236,entrenamiento
26237,entrenamiento
26238,entrenamiento
26239,entrenamiento
26240,entrenamiento
26241,entrenamiento
26242,entrenamiento
26243,prueba
26244,entrenamiento
26245,prueba
26246,prueba
26247,prueba
26248,prueba
26249,prueba
26250,prueba
26251,entrenamiento
26252,entrenamiento
26253,entrenamiento
26254,entrenamiento
26255,entrenamiento
26256,validacion
26257,validacion
26258,entrenamiento
26259,entrenamiento
26260,entrenamiento
26261,entrenamiento
26262,prueba
26263,validacion
26264,entrenamiento
26265,validacion
26266,entrenamiento
26267,entrenamiento
26268,entrenamiento
26269,prueba
26270,validacion
26271,prueba
26272,prueba
26273,prueba
26274,prueba
26275,entrenamiento
26276,entrenamiento
26277,entrenamiento
26278,entrenamiento
26279,entrenamiento
26280,entrenamiento
26281,entrenamiento
26282,entrenamiento
26283,entrenamiento
26284,entrenamiento
26285,entrenamiento
26286,validacion
26287,validacion
26288,validacion
26289,validacion
26290,prueba
26291,entrenamiento
26292,prueba
26293,entrenamiento
26294,entrenamiento
26295,prueba
26296,prueba
26297,entrenamiento
26298,entrenamiento
26299,entrenamiento
26300,entrenamiento
26301,entrenamiento
26302,entrenamiento
26303,entrenamiento
26304,entrenamiento
26305,entrenamiento
26306,entrenamiento
26307,entrenamiento
26308,entrenamiento
26309,entrenamiento
26310,entrenamiento
26311,prueba
26312,entrenamiento
26313,entrenamiento
26314,prueba
26315,entrenamiento
26316,entrenamiento
26317,entrenamiento
26318,entrenamiento
26319,entrenamiento
26320,entrenamiento
26321,entrenamiento
26322,entrenamiento
26323,prueba
26324,validacion
26325,entrenamiento
26326,entrenamiento
26327,entrenamiento
26328,entrenamiento
26329,entrenamiento
26330,entrenamiento
26331,entrenamiento
26332,validacion
26333,prueba
26334,entrenamiento
26335,entrenamiento
26336,entrenamiento
26337,validacion
26338,validacion
26339,entrenamiento
26340,entrenamiento
26341,prueba
26342,entrenamiento
26343,entrenamiento
26344,entrenamiento
26345,entrenamiento
26346,validacion
26347,prueba
26348,entrenamiento
26349,validacion
26350,prueba
26351,prueba
26352,entrenamiento
26353,prueba
26354,entrenamiento
26355,entrenamiento
26356,prueba
26357,entrenamiento
26358,entrenamiento
26359,entrenamiento
26360,validacion
26361,entrenamiento
26362,validacion
26363,entrenamiento
26364,entrenamiento
26365,prueba
26366,validacion
26367,entrenamiento
26368,entrenamiento
26369,prueba
26370,entrenamiento
26371,validacion
26372,prueba
26373,entrenamiento
26374,entrenamiento
26375,prueba
26376,validacion
26377,prueba
26378,entrenamiento
26379,entrenamiento
26380,validacion
26381,entrenamiento
26382,entrenamiento
26383,entrenamiento
26384,entrenamiento
26385,entrenamiento
26386,entrenamiento
26387,prueba
26388,entrenamiento
26389,entrenamiento
26390,prueba
26391,validacion
26392,entrenamiento
26393,prueba
26394,entrenamiento
26395,entrenamiento
26396,entrenamiento
26397,entrenamiento
26398,entrenamiento
26399,entrenamiento
26400,entrenamiento
26401,validacion
26402,validacion
26403,validacion
26404,entrenamiento
26405,entrenamiento
26406,entrenamiento
26407,entrenamiento
26408,entrenamiento
26409,validacion
26410,prueba
26411,entrenamiento
26412,prueba
26413,entrenamiento
26414,entrenamiento
26415,validacion
26416,entrenamiento
26417,entrenamiento
26418,entrenamiento
26419,entrenamiento
26420,entrenamiento
26421,prueba
26422,entrenamiento
26423,entrenamiento
26424,entrenamiento
26425,entrenamiento
26426,validacion
26427,entrenamiento
26428,entrenamiento
26429,entrenamiento
26430,entrenamiento
26431,validacion
26432,entrenamiento
26433,prueba
26434,entrenamiento
26435,entrenamiento
26436,entrenamiento
26437,entrenamiento
26438,validacion
26439,entrenamiento
26440,validacion
26441,entrenamiento
26442,entrenamiento
26443,entrenamiento
26444,validacion
26445,prueba
26446,validacion
26447,validacion
26448,entrenamiento
26449,prueba
26450,entrenamiento
26451,entrenamiento
26452,entrenamiento
26453,entrenamiento
26454,entrenamiento
26455,entrenamiento
26456,entrenamiento
26457,prueba
26458,prueba
26459,validacion
26460,validacion
26461,entrenamiento
26462,entrenamiento
26463,entrenamiento
26464,entrenamiento
26465,entrenamiento
26466,entrenamiento
26467,entrenamiento
26468,entrenamiento
26469,prueba
26470,prueba
26471,entrenamiento
26472,prueba
26473,entrenamiento
26474,entrenamiento
26475,entrenamiento
26476,prueba
26477,validacion
26478,validacion
26479,entrenamiento
26480,validacion
26481,entrenamiento
26482,validacion
26483,entrenamiento
26484,entrenamiento
26485,entrenamiento
26486,entrenamiento
26487,entrenamiento
26488,entrenamiento
26489,entrenamiento
26490,entrenamiento
26491,entrenamiento
26492,prueba
26493,entrenamiento
26494,entrenamiento
26495,entrenamiento
26496,entrenamiento
26497,entrenamiento
26498,validacion
26499,prueba
26500,validacion
26501,entrenamiento
26502,entrenamiento
26503,entrenamiento
26504,prueba
26505,entrenamiento
26506,entrenamiento
26507,entrenamiento
26508,entrenamiento
26509,entrenamiento
26510,entrenamiento
26511,prueba
26512,validacion
26513,entrenamiento
26514,validacion
26515,entrenamiento
26516,validacion
26517,prueba
26518,entrenamiento
26519,entrenamiento
26520,entrenamiento
26521,entrenamiento
26522,validacion
26523,validacion
26524,validacion
26525,prueba
26526,entrenamiento
26527,entrenamiento
26528,entrenamiento
26529,entrenamiento
26530,entrenamiento
26531,validacion
26532,validacion
26533,entrenamiento
26534,entrenamiento
26535,entrenamiento
26536,entrenamiento
26537,validacion
26538,entrenamiento
26539,entrenamiento
26540,entrenamiento
26541,prueba
26542,prueba
26543,entrenamiento
26544,entrenamiento
26545,entrenamiento
26546,prueba
26547,entrenamiento
26548,prueba
26549,entrenamiento
26550,prueba
26551,prueba
26552,entrenamiento
26553,entrenamiento
26554,validacion
26555,prueba
26556,entrenamiento
26557,entrenamiento
26558,prueba
26559,prueba
26560,entrenamiento
26561,entrenamiento
26562,entrenamiento
26563,entrenamiento
26564,entrenamiento
26565,entrenamiento
26566,validacion
26567,entrenamiento
26568,prueba
26569,prueba
26570,validacion
26571,prueba
26572,entrenamiento
26573,entrenamiento
26574,entrenamiento
26575,entrenamiento
26576,prueba
26577,prueba
26578,entrenamiento
26579,validacion
26580,entrenamiento
26581,entrenamiento
26582,prueba
26583,prueba
26584,validacion
26585,entrenamiento
26586,validacion
26587,entrenamiento
26588,entrenamiento
26589,validacion
26590,entrenamiento
26591,prueba
26592,entrenamiento
26593,entrenamiento
26594,validacion
26595,entrenamiento
26596,prueba
26597,prueba
26598,entrenamiento
26599,entrenamiento
26600,entrenamiento
26601,entrenamiento
26602,entrenamiento
26603,entrenamiento
26604,entrenamiento
26605,entrenamiento
26606,prueba
26607,entrenamiento
26608,entrenamiento
26609,prueba
26610,prueba
26611,entrenamiento
26612,validacion
26613,entrenamiento
26614,entrenamiento
26615,entrenamiento
26616,entrenamiento
26617,entrenamiento
26618,validacion
26619,entrenamiento
26620,entrenamiento
26621,entrenamiento
26622,entrenamiento
26623,prueba
26624,entrenamiento
26625,entrenamiento
26626,prueba
26627,entrenamiento
26628,entrenamiento
26629,entrenamiento
26630,entrenamiento
26631,entrenamiento
26632,validacion
26633,entrenamiento
26634,entrenamiento
26635,entrenamiento
26636,entrenamiento
26637,entrenamiento
26638,entrenamiento
26639,validacion
26640,prueba
26641,prueba
26642,entrenamiento
26643,entrenamiento
26644,entrenamiento
26645,entrenamiento
26646,entrenamiento
26647,entrenamiento
26648,entrenamiento
26649,entrenamiento
26650,entrenamiento
26651,prueba
26652,entrenamiento
26653,entrenamiento
26654,entrenamiento
26655,entrenamiento
26656,prueba
26657,entrenamiento
26658,validacion
26659,entrenamiento
26660,entrenamiento
26661,validacion
26662,entrenamiento
26663,entrenamiento
26664,validacion
26665,prueba
26666,entrenamiento
26667,prueba
26668,entrenamiento
26669,entrenamiento
26670,entrenamiento
26671,prueba
26672,entrenamiento
26673,entrenamiento
26674,entrenamiento
26675,entrenamiento
26676,entrenamiento
26677,entrenamiento
26678,entrenamiento
26679,prueba
26680,entrenamiento
26681,entrenamiento
26682,entrenamiento
26683,entrenamiento
26684,prueba
26685,entrenamiento
26686,entrenamiento
26687,entrenamiento
26688,entrenamiento
26689,entrenamiento
26690,prueba
26691,entrenamiento
26692,entrenamiento
26693,entrenamiento
26694,entrenamiento
26695,entrenamiento
26696,entrenamiento
26697,prueba
26698,entrenamiento
26699,entrenamiento
26700,prueba
26701,entrenamiento
26702,entrenamiento
26703,entrenamiento
26704,prueba
26705,entrenamiento
26706,prueba
26707,entrenamiento
26708,validacion
26709,entrenamiento
26710,entrenamiento
26711,entrenamiento
26712,entrenamiento
26713,entrenamiento
26714,prueba
26715,entrenamiento
26716,entrenamiento
26717,entrenamiento
26718,entrenamiento
26719,entrenamiento
26720,entrenamiento
26721,entrenamiento
26722,entrenamiento
26723,validacion
26724,entrenamiento
26725,entrenamiento
26726,entrenamiento
26727,entrenamiento
26728,prueba
26729,prueba
26730,entrenamiento
26731,entrenamiento
26732,entrenamiento
26733,prueba
26734,entrenamiento
26735,validacion
26736,prueba
26737,prueba
26738,prueba
26739,entrenamiento
26740,entrenamiento
26741,prueba
26742,entrenamiento
26743,validacion
26744,prueba
26745,prueba
26746,entrenamiento
26747,validacion
26748,entrenamiento
26749,entrenamiento
26750,entrenamiento
26751,entrenamiento
26752,entrenamiento
26753,entrenamiento
26754,validacion
26755,entrenamiento
26756,prueba
26757,entrenamiento
26758,entrenamiento
26759,entrenamiento
26760,entrenamiento
26761,prueba
26762,entrenamiento
26763,entrenamiento
26764,validacion
26765,validacion
26766,validacion
26767,entrenamiento
26768,prueba
26769,validacion
26770,entrenamiento
26771,prueba
26772,entrenamiento
26773,entrenamiento
26774,entrenamiento
26775,prueba
26776,entrenamiento
26777,entrenamiento
26778,validacion
26779,entrenamiento
26780,prueba
26781,entrenamiento
26782,prueba
26783,entrenamiento
26784,prueba
26785,validacion
26786,entrenamiento
26787,prueba
26788,prueba
26789,entrenamiento
26790,validacion
26791,prueba
26792,validacion
26793,validacion
26794,entrenamiento
26795,entrenamiento
26796,entrenamiento
26797,validacion
26798,entrenamiento
26799,validacion
26800,validacion
26801,entrenamiento
26802,entrenamiento
26803,prueba
26804,prueba
26805,entrenamiento
26806,entrenamiento
26807,prueba
26808,entrenamiento
26809,validacion
26810,entrenamiento
26811,entrenamiento
26812,prueba
26813,prueba
26814,entrenamiento
26815,entrenamiento
26816,prueba
26817,validacion
26818,entrenamiento
26819,prueba
26820,entrenamiento
26821,entrenamiento
26822,validacion
26823,entrenamiento
26824,entrenamiento
26825,entrenamiento
26826,entrenamiento
26827,prueba
26828,prueba
26829,entrenamiento
26830,entrenamiento
26831,prueba
26832,entrenamiento
26833,prueba
26834,entrenamiento
26835,entrenamiento
26836,prueba
26837,prueba
26838,entrenamiento
26839,entrenamiento
26840,entrenamiento
26841,prueba
26842,prueba
26843,entrenamiento
26844,prueba
26845,entrenamiento
26846,entrenamiento
26847,prueba
26848,entrenamiento
26849,entrenamiento
26850,entrenamiento
26851,prueba
26852,entrenamiento
26853,entrenamiento
26854,entrenamiento
26855,entrenamiento
26856,prueba
26857,entrenamiento
26858,prueba
26859,entrenamiento
26860,entrenamiento
26861,validacion
26862,entrenamiento
26863,entrenamiento
26864,entrenamiento
26865,prueba
26866,prueba
26867,entrenamiento
26868,entrenamiento
26869,entrenamiento
26870,prueba
26871,prueba
26872,entrenamiento
26873,entrenamiento
26874,prueba
26875,entrenamiento
26876,prueba
26877,validacion
26878,validacion
26879,entrenamiento
26880,prueba
26881,prueba
26882,validacion
26883,entrenamiento
26884,entrenamiento
26885,entrenamiento
26886,entrenamiento
26887,entrenamiento
26888,validacion
26889,prueba
26890,entrenamiento
26891,entrenamiento
26892,entrenamiento
26893,validacion
26894,prueba
26895,entrenamiento
26896,entrenamiento
26897,entrenamiento
26898,validacion
26899,prueba
26900,prueba
26901,entrenamiento
26902,prueba
26903,entrenamiento
26904,entrenamiento
26905,prueba
26906,entrenamiento
26907,entrenamiento
26908,entrenamiento
26909,entrenamiento
26910,entrenamiento
26911,entrenamiento
26912,prueba
26913,entrenamiento
26914,entrenamiento
26915,entrenamiento
26916,prueba
26917,entrenamiento
26918,validacion
26919,validacion
26920,entrenamiento
26921,prueba
26922,validacion
26923,entrenamiento
26924,validacion
26925,entrenamiento
26926,entrenamiento
26927,entrenamiento
26928,prueba
26929,entrenamiento
26930,prueba
26931,prueba
26932,entrenamiento
26933,entrenamiento
26934,entrenamiento
26935,prueba
26936,prueba
26937,entrenamiento
26938,validacion
26939,entrenamiento
26940,entrenamiento
26941,entrenamiento
26942,prueba
26943,entrenamiento
26944,validacion
26945,entrenamiento
26946,entrenamiento
26947,entrenamiento
26948,entrenamiento
26949,entrenamiento
26950,validacion
26951,prueba
26952,entrenamiento
26953,validacion
26954,entrenamiento
26955,entrenamiento
26956,entrenamiento
26957,entrenamiento
26958,entrenamiento
26959,validacion
26960,entrenamiento
26961,prueba
26962,entrenamiento
26963,prueba
26964,entrenamiento
26965,prueba
26966,entrenamiento
26967,entrenamiento
26968,validacion
26969,entrenamiento
26970,entrenamiento
26971,prueba
26972,prueba
26973,prueba
26974,entrenamiento
26975,entrenamiento
26976,entrenamiento
26977,validacion
26978,entrenamiento
26979,entrenamiento
26980,entrenamiento
26981,prueba
26982,entrenamiento
26983,prueba
26984,entrenamiento
26985,prueba
26986,validacion
26987,validacion
26988,prueba
26989,entrenamiento
26990,entrenamiento
26991,entrenamiento
26992,entrenamiento
26993,prueba
26994,entrenamiento
26995,entrenamiento
26996,prueba
26997,entrenamiento
26998,prueba
26999,prueba
27000,entrenamiento
27001,entrenamiento
27002,entrenamiento
27003,prueba
27004,entrenamiento
27005,prueba
27006,entrenamiento
27007,validacion
27008,prueba
27009,entrenamiento
27010,prueba
27011,entrenamiento
27012,entrenamiento
27013,prueba
27014,prueba
27015,validacion
27016,validacion
27017,entrenamiento
27018,prueba
27019,entrenamiento
27020,entrenamiento
27021,validacion
27022,entrenamiento
27023,entrenamiento
27024,entrenamiento
27025,validacion
27026,entrenamiento
27027,entrenamiento
27028,entrenamiento
27029,entrenamiento
27030,entrenamiento
27031,entrenamiento
27032,entrenamiento
27033,entrenamiento
27034,entrenamiento
27035,prueba
27036,entrenamiento
27037,entrenamiento
27038,validacion
27039,entrenamiento
27040,entrenamiento
27041,entrenamiento
27042,entrenamiento
27043,entrenamiento
27044,prueba
27045,entrenamiento
27046,prueba
27047,entrenamiento
27048,prueba
27049,entrenamiento
27050,entrenamiento
27051,entrenamiento
27052,prueba
27053,entrenamiento
27054,entrenamiento
27055,entrenamiento
27056,entrenamiento
27057,entrenamiento
27058,validacion
27059,entrenamiento
27060,entrenamiento
27061,entrenamiento
27062,entrenamiento
27063,validacion
27064,entrenamiento
27065,entrenamiento
27066,validacion
27067,entrenamiento
27068,validacion
27069,prueba
27070,entrenamiento
27071,entrenamiento
27072,validacion
27073,validacion
27074,prueba
27075,entrenamiento
27076,entrenamiento
27077,entrenamiento
27078,entrenamiento
27079,entrenamiento
27080,entrenamiento
27081,prueba
27082,entrenamiento
27083,validacion
27084,entrenamiento
27085,entrenamiento
27086,entrenamiento
27087,entrenamiento
27088,entrenamiento
27089,entrenamiento
27090,entrenamiento
27091,validacion
27092,entrenamiento
27093,validacion
27094,entrenamiento
27095,entrenamiento
27096,prueba
27097,entrenamiento
27098,entrenamiento
27099,entrenamiento
27100,entrenamiento
27101,entrenamiento
27102,validacion
27103,entrenamiento
27104,prueba
27105,entrenamiento
27106,entrenamiento
27107,prueba
27108,entrenamiento
27109,prueba
27110,entrenamiento
27111,prueba
27112,validacion
27113,prueba
27114,entrenamiento
27115,entrenamiento
27116,prueba
27117,prueba
27118,entrenamiento
27119,entrenamiento
27120,entrenamiento
27121,entrenamiento
27122,entrenamiento
27123,validacion
27124,validacion
27125,validacion
27126,validacion
27127,entrenamiento
27128,entrenamiento
27129,entrenamiento
27130,entrenamiento
27131,validacion
27132,validacion
27133,prueba
27134,entrenamiento
27135,validacion
27136,validacion
27137,entrenamiento
27138,prueba
27139,entrenamiento
27140,entrenamiento
27141,entrenamiento
27142,prueba
27143,entrenamiento
27144,entrenamiento
27145,prueba
27146,entrenamiento
27147,validacion
27148,entrenamiento
27149,entrenamiento
27150,validacion
27151,entrenamiento
27152,prueba
27153,entrenamiento
27154,entrenamiento
27155,prueba
27156,entrenamiento
27157,prueba
27158,validacion
27159,entrenamiento
27160,prueba
27161,prueba
27162,entrenamiento
27163,entrenamiento
27164,entrenamiento
27165,entrenamiento
27166,validacion
27167,entrenamiento
27168,entrenamiento
27169,prueba
27170,entrenamiento
27171,entrenamiento
27172,entrenamiento
27173,prueba
27174,entrenamiento
27175,entrenamiento
27176,entrenamiento
27177,entrenamiento
27178,prueba
27179,entrenamiento
27180,prueba
27181,validacion
27182,validacion
27183,entrenamiento
27184,entrenamiento
27185,entrenamiento
27186,entrenamiento
27187,entrenamiento
27188,entrenamiento
27189,entrenamiento
27190,entrenamiento
27191,entrenamiento
27192,validacion
27193,entrenamiento
27194,validacion
27195,entrenamiento
27196,entrenamiento
27197,entrenamiento
27198,validacion
27199,prueba
27200,entrenamiento
27201,entrenamiento
27202,entrenamiento
27203,entrenamiento
27204,entrenamiento
27205,entrenamiento
27206,prueba
27207,entrenamiento
27208,prueba
27209,entrenamiento
27210,entrenamiento
27211,entrenamiento
27212,prueba
27213,entrenamiento
27214,entrenamiento
27215,prueba
27216,prueba
27217,validacion
27218,entrenamiento
27219,validacion
27220,entrenamiento
27221,entrenamiento
27222,validacion
27223,entrenamiento
27224,entrenamiento
27225,entrenamiento
27226,entrenamiento
27227,entrenamiento
27228,prueba
27229,entrenamiento
27230,prueba
27231,validacion
27232,entrenamiento
27233,entrenamiento
27234,validacion
27235,entrenamiento
27236,validacion
27237,entrenamiento
27238,validacion
27239,prueba
27240,entrenamiento
27241,entrenamiento
27242,entrenamiento
27243,entrenamiento
27244,entrenamiento
27245,entrenamiento
27246,prueba
27247,validacion
27248,entrenamiento
27249,prueba
27250,prueba
27251,entrenamiento
27252,entrenamiento
27253,entrenamiento
27254,prueba
27255,validacion
27256,entrenamiento
27257,entrenamiento
27258,entrenamiento
27259,entrenamiento
27260,entrenamiento
27261,entrenamiento
27262,entrenamiento
27263,prueba
27264,entrenamiento
27265,validacion
27266,entrenamiento
27267,entrenamiento
27268,entrenamiento
27269,entrenamiento
27270,entrenamiento
27271,entrenamiento
27272,entrenamiento
27273,validacion
27274,entrenamiento
27275,entrenamiento
27276,entrenamiento
27277,entrenamiento
27278,entrenamiento
27279,entrenamiento
27280,prueba
27281,prueba
27282,entrenamiento
27283,prueba
27284,entrenamiento
27285,entrenamiento
27286,validacion
27287,entrenamiento
27288,validacion
27289,entrenamiento
27290,validacion
27291,entrenamiento
27292,prueba
27293,prueba
27294,prueba
27295,entrenamiento
27296,prueba
27297,validacion
27298,entrenamiento
27299,entrenamiento
27300,entrenamiento
27301,entrenamiento
27302,entrenamiento
27303,prueba
27304,validacion
27305,entrenamiento
27306,prueba
27307,prueba
27308,entrenamiento
27309,entrenamiento
27310,entrenamiento
27311,entrenamiento
27312,validacion
27313,validacion
27314,entrenamiento
27315,entrenamiento
27316,entrenamiento
27317,entrenamiento
27318,entrenamiento
27319,entrenamiento
27320,entrenamiento
27321,entrenamiento
27322,entrenamiento
27323,entrenamiento
27324,entrenamiento
27325,prueba
27326,entrenamiento
27327,entrenamiento
27328,entrenamiento
27329,entrenamiento
27330,entrenamiento
27331,entrenamiento
27332,entrenamiento
27333,entrenamiento
27334,entrenamiento
27335,prueba
27336,entrenamiento
27337,entrenamiento
27338,validacion
27339,entrenamiento
27340,entrenamiento
27341,entrenamiento
27342,entrenamiento
27343,entrenamiento
27344,entrenamiento
27345,prueba
27346,entrenamiento
27347,validacion
27348,prueba
27349,entrenamiento
27350,prueba
27351,prueba
27352,entrenamiento
27353,entrenamiento
27354,prueba
27355,prueba
27356,validacion
27357,entrenamiento
27358,validacion
27359,entrenamiento
27360,prueba
27361,entrenamiento
27362,entrenamiento
27363,entrenamiento
27364,prueba
27365,validacion
27366,entrenamiento
27367,validacion
27368,prueba
27369,entrenamiento
27370,validacion
27371,entrenamiento
27372,entrenamiento
27373,validacion
27374,entrenamiento
27375,entrenamiento
27376,validacion
27377,entrenamiento
27378,entrenamiento
27379,prueba
27380,entrenamiento
27381,entrenamiento
27382,validacion
27383,validacion
27384,prueba
27385,prueba
27386,validacion
27387,entrenamiento
27388,prueba
27389,entrenamiento
27390,entrenamiento
27391,entrenamiento
27392,prueba
27393,entrenamiento
27394,prueba
27395,validacion
27396,prueba
27397,prueba
27398,entrenamiento
27399,entrenamiento
27400,entrenamiento
27401,validacion
27402,entrenamiento
27403,prueba
27404,prueba
27405,validacion
27406,entrenamiento
27407,entrenamiento
27408,entrenamiento
27409,prueba
27410,entrenamiento
27411,entrenamiento
27412,entrenamiento
27413,entrenamiento
27414,entrenamiento
27415,entrenamiento
27416,validacion
27417,entrenamiento
27418,prueba
27419,entrenamiento
27420,entrenamiento
27421,prueba
27422,entrenamiento
27423,entrenamiento
27424,prueba
27425,validacion
27426,entrenamiento
27427,prueba
27428,prueba
27429,entrenamiento
27430,entrenamiento
27431,entrenamiento
27432,entrenamiento
27433,prueba
27434,entrenamiento
27435,entrenamiento
27436,prueba
27437,prueba
27438,validacion
27439,entrenamiento
27440,entrenamiento
27441,entrenamiento
27442,entrenamiento
27443,entrenamiento
27444,validacion
27445,entrenamiento
27446,entrenamiento
27447,prueba
27448,entrenamiento
27449,prueba
27450,prueba
27451,validacion
27452,entrenamiento
27453,entrenamiento
27454,prueba
27455,entrenamiento
27456,validacion
27457,entrenamiento
27458,entrenamiento
27459,prueba
27460,entrenamiento
27461,validacion
27462,entrenamiento
27463,entrenamiento
27464,prueba
27465,prueba
27466,entrenamiento
27467,entrenamiento
27468,validacion
27469,entrenamiento
27470,entrenamiento
27471,prueba
27472,entrenamiento
27473,entrenamiento
27474,entrenamiento
27475,entrenamiento
27476,entrenamiento
27477,prueba
27478,prueba
27479,entrenamiento
27480,prueba
27481,entrenamiento
27482,prueba
27483,entrenamiento
27484,entrenamiento
27485,validacion
27486,entrenamiento
27487,validacion
27488,prueba
27489,entrenamiento
27490,prueba
27491,entrenamiento
27492,prueba
27493,entrenamiento
27494,prueba
27495,entrenamiento
27496,entrenamiento
27497,entrenamiento
27498,entrenamiento
27499,prueba
27500,prueba
27501,entrenamiento
27502,validacion
27503,entrenamiento
27504,entrenamiento
27505,validacion
27506,prueba
27507,entrenamiento
27508,entrenamiento
27509,entrenamiento
27510,entrenamiento
27511,entrenamiento
27512,entrenamiento
27513,prueba
27514,validacion
27515,entrenamiento
27516,prueba
27517,prueba
27518,prueba
27519,prueba
27520,validacion
27521,entrenamiento
27522,entrenamiento
27523,entrenamiento
27524,validacion
27525,entrenamiento
27526,entrenamiento
27527,prueba
27528,entrenamiento
27529,validacion
27530,entrenamiento
27531,entrenamiento
27532,entrenamiento
27533,prueba
27534,entrenamiento
27535,entrenamiento
27536,entrenamiento
27537,entrenamiento
27538,entrenamiento
27539,entrenamiento
27540,prueba
27541,validacion
27542,entrenamiento
27543,prueba
27544,entrenamiento
27545,prueba
27546,validacion
27547,entrenamiento
27548,prueba
27549,prueba
27550,entrenamiento
27551,validacion
27552,prueba
27553,entrenamiento
27554,validacion
27555,validacion
27556,entrenamiento
27557,prueba
27558,prueba
27559,prueba
27560,entrenamiento
27561,entrenamiento
27562,entrenamiento
27563,validacion
27564,entrenamiento
27565,entrenamiento
27566,entrenamiento
27567,validacion
27568,validacion
27569,entrenamiento
27570,entrenamiento
27571,entrenamiento
27572,validacion
27573,entrenamiento
27574,entrenamiento
27575,entrenamiento
27576,validacion
27577,prueba
27578,entrenamiento
27579,entrenamiento
27580,entrenamiento
27581,prueba
27582,prueba
27583,entrenamiento
27584,entrenamiento
27585,entrenamiento
27586,validacion
27587,entrenamiento
27588,prueba
27589,entrenamiento
27590,entrenamiento
27591,prueba
27592,entrenamiento
27593,entrenamiento
27594,entrenamiento
27595,entrenamiento
27596,entrenamiento
27597,entrenamiento
27598,validacion
27599,entrenamiento
27600,entrenamiento
27601,entrenamiento
27602,entrenamiento
27603,validacion
27604,entrenamiento
27605,entrenamiento
27606,prueba
27607,entrenamiento
27608,prueba
27609,entrenamiento
27610,entrenamiento
27611,entrenamiento
27612,entrenamiento
27613,validacion
27614,entrenamiento
27615,entrenamiento
27616,validacion
27617,entrenamiento
27618,prueba
27619,entrenamiento
27620,entrenamiento
27621,entrenamiento
27622,entrenamiento
27623,entrenamiento
27624,validacion
27625,entrenamiento
27626,validacion
27627,entrenamiento
27628,prueba
27629,entrenamiento
27630,entrenamiento
27631,entrenamiento
27632,entrenamiento
27633,entrenamiento
27634,validacion
27635,entrenamiento
27636,validacion
27637,prueba
27638,entrenamiento
27639,entrenamiento
27640,prueba
27641,entrenamiento
27642,entrenamiento
27643,validacion
27644,entrenamiento
27645,validacion
27646,validacion
27647,validacion
27648,entrenamiento
27649,prueba
27650,prueba
27651,entrenamiento
27652,entrenamiento
27653,entrenamiento
27654,prueba
27655,entrenamiento
27656,validacion
27657,entrenamiento
27658,entrenamiento
27659,entrenamiento
27660,entrenamiento
27661,validacion
27662,prueba
27663,validacion
27664,entrenamiento
27665,entrenamiento
27666,entrenamiento
27667,entrenamiento
27668,entrenamiento
27669,entrenamiento
27670,prueba
27671,entrenamiento
27672,entrenamiento
27673,entrenamiento
27674,entrenamiento
27675,entrenamiento
27676,entrenamiento
27677,entrenamiento
27678,entrenamiento
27679,entrenamiento
27680,prueba
27681,entrenamiento
27682,validacion
27683,entrenamiento
27684,entrenamiento
27685,entrenamiento
27686,prueba
27687,entrenamiento
27688,entrenamiento
27689,entrenamiento
27690,entrenamiento
27691,entrenamiento
27692,entrenamiento
27693,entrenamiento
27694,entrenamiento
27695,validacion
27696,prueba
27697,entrenamiento
27698,entrenamiento
27699,prueba
27700,entrenamiento
27701,entrenamiento
27702,entrenamiento
27703,entrenamiento
27704,entrenamiento
27705,entrenamiento
27706,entrenamiento
27707,validacion
27708,prueba
27709,validacion
27710,entrenamiento
27711,entrenamiento
27712,validacion
27713,validacion
27714,prueba
27715,validacion
27716,entrenamiento
27717,entrenamiento
27718,entrenamiento
27719,entrenamiento
27720,entrenamiento
27721,entrenamiento
27722,entrenamiento
27723,entrenamiento
27724,entrenamiento
27725,prueba
27726,validacion
27727,entrenamiento
27728,entrenamiento
27729,prueba
27730,entrenamiento
27731,entrenamiento
27732,validacion
27733,entrenamiento
27734,entrenamiento
27735,entrenamiento
27736,entrenamiento
27737,entrenamiento
27738,validacion
27739,entrenamiento
27740,prueba
27741,entrenamiento
27742,prueba
27743,entrenamiento
27744,prueba
27745,prueba
27746,entrenamiento
27747,entrenamiento
27748,prueba
27749,entrenamiento
27750,entrenamiento
27751,entrenamiento
27752,entrenamiento
27753,entrenamiento
27754,entrenamiento
27755,prueba
27756,prueba
27757,entrenamiento
27758,entrenamiento
27759,entrenamiento
27760,entrenamiento
27761,entrenamiento
27762,entrenamiento
27763,entrenamiento
27764,entrenamiento
27765,entrenamiento
27766,entrenamiento
27767,entrenamiento
27768,validacion
27769,entrenamiento
27770,validacion
27771,entrenamiento
27772,entrenamiento
27773,entrenamiento
27774,entrenamiento
27775,validacion
27776,entrenamiento
27777,entrenamiento
27778,entrenamiento
27779,entrenamiento
27780,entrenamiento
27781,entrenamiento
27782,entrenamiento
27783,entrenamiento
27784,entrenamiento
27785,prueba
27786,prueba
27787,entrenamiento
27788,entrenamiento
27789,entrenamiento
27790,entrenamiento
27791,entrenamiento
27792,entrenamiento
27793,prueba
27794,validacion
27795,validacion
27796,entrenamiento
27797,entrenamiento
27798,entrenamiento
27799,entrenamiento
27800,validacion
27801,entrenamiento
27802,validacion
27803,validacion
27804,entrenamiento
27805,entrenamiento
27806,entrenamiento
27807,entrenamiento
27808,entrenamiento
27809,prueba
27810,entrenamiento
27811,entrenamiento
27812,prueba
27813,prueba
27814,prueba
27815,prueba
27816,prueba
27817,entrenamiento
27818,entrenamiento
27819,prueba
27820,entrenamiento
27821,validacion
27822,entrenamiento
27823,entrenamiento
27824,validacion
27825,validacion
27826,entrenamiento
27827,entrenamiento
27828,entrenamiento
27829,entrenamiento
27830,entrenamiento
27831,entrenamiento
27832,entrenamiento
27833,entrenamiento
27834,entrenamiento
27835,prueba
27836,entrenamiento
27837,prueba
27838,entrenamiento
27839,entrenamiento
27840,entrenamiento
27841,entrenamiento
27842,entrenamiento
27843,prueba
27844,entrenamiento
27845,entrenamiento
27846,entrenamiento
27847,validacion
27848,entrenamiento
27849,entrenamiento
27850,entrenamiento
27851,entrenamiento
27852,entrenamiento
27853,entrenamiento
27854,entrenamiento
27855,prueba
27856,entrenamiento
27857,entrenamiento
27858,entrenamiento
27859,entrenamiento
27860,entrenamiento
27861,entrenamiento
27862,validacion
27863,validacion
27864,prueba
27865,entrenamiento
27866,entrenamiento
27867,entrenamiento
27868,prueba
27869,entrenamiento
27870,validacion
27871,entrenamiento
27872,entrenamiento
27873,entrenamiento
27874,prueba
27875,entrenamiento
27876,validacion
27877,entrenamiento
27878,entrenamiento
27879,entrenamiento
27880,entrenamiento
27881,entrenamiento
27882,entrenamiento
27883,entrenamiento
27884,validacion
27885,entrenamiento
27886,prueba
27887,entrenamiento
27888,prueba
27889,validacion
27890,entrenamiento
27891,entrenamiento
27892,prueba
27893,entrenamiento
27894,prueba
27895,prueba
27896,entrenamiento
27897,entrenamiento
27898,prueba
27899,validacion
27900,entrenamiento
27901,prueba
27902,validacion
27903,entrenamiento
27904,entrenamiento
27905,entrenamiento
27906,entrenamiento
27907,entrenamiento
27908,entrenamiento
27909,prueba
27910,entrenamiento
27911,entrenamiento
27912,entrenamiento
27913,entrenamiento
27914,prueba
27915,validacion
27916,entrenamiento
27917,entrenamiento
27918,entrenamiento
27919,prueba
27920,prueba
27921,entrenamiento
27922,entrenamiento
27923,prueba
27924,validacion
27925,entrenamiento
27926,prueba
27927,validacion
27928,entrenamiento
27929,prueba
27930,entrenamiento
27931,entrenamiento
27932,entrenamiento
27933,entrenamiento
27934,entrenamiento
27935,validacion
27936,prueba
27937,entrenamiento
27938,entrenamiento
27939,entrenamiento
27940,entrenamiento
27941,prueba
27942,entrenamiento
27943,entrenamiento
27944,validacion
27945,entrenamiento
27946,entrenamiento
27947,prueba
27948,entrenamiento
27949,entrenamiento
27950,entrenamiento
27951,entrenamiento
27952,entrenamiento
27953,entrenamiento
27954,entrenamiento
27955,entrenamiento
27956,entrenamiento
27957,entrenamiento
27958,validacion
27959,entrenamiento
27960,entrenamiento
27961,entrenamiento
27962,entrenamiento
27963,validacion
27964,entrenamiento
27965,entrenamiento
27966,validacion
27967,entrenamiento
27968,entrenamiento
27969,entrenamiento
27970,validacion
27971,prueba
27972,entrenamiento
27973,entrenamiento
27974,entrenamiento
27975,prueba
27976,validacion
27977,entrenamiento
27978,entrenamiento
27979,entrenamiento
27980,entrenamiento
27981,entrenamiento
27982,entrenamiento
27983,validacion
27984,entrenamiento
27985,prueba
27986,entrenamiento
27987,validacion
27988,validacion
27989,entrenamiento
27990,entrenamiento
27991,entrenamiento
27992,entrenamiento
27993,entrenamiento
27994,entrenamiento
27995,entrenamiento
27996,prueba
27997,entrenamiento
27998,entrenamiento
27999,entrenamiento
28000,entrenamiento
28001,validacion
28002,entrenamiento
28003,entrenamiento
28004,entrenamiento
28005,entrenamiento
28006,entrenamiento
28007,entrenamiento
28008,prueba
28009,entrenamiento
28010,entrenamiento
28011,entrenamiento
28012,validacion
28013,entrenamiento
28014,validacion
28015,validacion
28016,prueba
28017,entrenamiento
28018,validacion
28019,entrenamiento
28020,validacion
28021,entrenamiento
28022,entrenamiento
28023,entrenamiento
28024,entrenamiento
28025,prueba
28026,entrenamiento
28027,entrenamiento
28028,entrenamiento
28029,entrenamiento
28030,entrenamiento
28031,entrenamiento
28032,entrenamiento
28033,entrenamiento
28034,entrenamiento
28035,entrenamiento
28036,prueba
28037,entrenamiento
28038,entrenamiento
28039,entrenamiento
28040,prueba
28041,validacion
28042,entrenamiento
28043,prueba
28044,prueba
28045,validacion
28046,validacion
28047,entrenamiento
28048,entrenamiento
28049,entrenamiento
28050,prueba
28051,entrenamiento
28052,entrenamiento
28053,entrenamiento
28054,prueba
28055,entrenamiento
28056,entrenamiento
28057,entrenamiento
28058,validacion
28059,entrenamiento
28060,validacion
28061,entrenamiento
28062,entrenamiento
28063,prueba
28064,validacion
28065,entrenamiento
28066,entrenamiento
28067,prueba
28068,entrenamiento
28069,entrenamiento
28070,entrenamiento
28071,validacion
28072,validacion
28073,entrenamiento
28074,entrenamiento
28075,entrenamiento
28076,prueba
28077,entrenamiento
28078,entrenamiento
28079,entrenamiento
28080,entrenamiento
28081,validacion
28082,entrenamiento
28083,entrenamiento
28084,entrenamiento
28085,prueba
28086,entrenamiento
28087,entrenamiento
28088,entrenamiento
28089,entrenamiento
28090,prueba
28091,entrenamiento
28092,entrenamiento
28093,validacion
28094,entrenamiento
28095,prueba
28096,entrenamiento
28097,prueba
28098,validacion
28099,entrenamiento
28100,entrenamiento
28101,validacion
28102,entrenamiento
28103,validacion
28104,entrenamiento
28105,prueba
28106,validacion
28107,entrenamiento
28108,validacion
28109,entrenamiento
28110,validacion
28111,entrenamiento
28112,prueba
28113,entrenamiento
28114,validacion
28115,validacion
28116,prueba
28117,entrenamiento
28118,entrenamiento
28119,entrenamiento
28120,entrenamiento
28121,entrenamiento
28122,entrenamiento
28123,validacion
28124,validacion
28125,entrenamiento
28126,entrenamiento
28127,validacion
28128,entrenamiento
28129,prueba
28130,validacion
28131,entrenamiento
28132,entrenamiento
28133,entrenamiento
28134,validacion
28135,entrenamiento
28136,prueba
28137,entrenamiento
28138,entrenamiento
28139,validacion
28140,validacion
28141,entrenamiento
28142,validacion
28143,entrenamiento
28144,entrenamiento
28145,entrenamiento
28146,entrenamiento
28147,prueba
28148,entrenamiento
28149,entrenamiento
28150,entrenamiento
28151,entrenamiento
28152,entrenamiento
28153,entrenamiento
28154,entrenamiento
28155,entrenamiento
28156,entrenamiento
28157,entrenamiento
28158,entrenamiento
28159,entrenamiento
28160,entrenamiento
28161,prueba
28162,validacion
28163,prueba
28164,entrenamiento
28165,validacion
28166,entrenamiento
28167,validacion
28168,prueba
28169,prueba
28170,entrenamiento
28171,entrenamiento
28172,prueba
28173,entrenamiento
28174,prueba
28175,entrenamiento
28176,validacion
28177,prueba
28178,entrenamiento
28179,entrenamiento
28180,validacion
28181,prueba
28182,prueba
28183,entrenamiento
28184,entrenamiento
28185,entrenamiento
28186,entrenamiento
28187,entrenamiento
28188,entrenamiento
28189,entrenamiento
28190,entrenamiento
28191,entrenamiento
28192,entrenamiento
28193,entrenamiento
28194,entrenamiento
28195,entrenamiento
28196,entrenamiento
28197,entrenamiento
28198,prueba
28199,entrenamiento
28200,entrenamiento
28201,entrenamiento
28202,prueba
28203,entrenamiento
28204,entrenamiento
28205,entrenamiento
28206,entrenamiento
28207,validacion
28208,entrenamiento
28209,prueba
28210,entrenamiento
28211,entrenamiento
28212,validacion
28213,entrenamiento
28214,entrenamiento
28215,entrenamiento
28216,entrenamiento
28217,entrenamiento
28218,entrenamiento
28219,entrenamiento
28220,entrenamiento
28221,validacion
28222,validacion
28223,entrenamiento
28224,entrenamiento
28225,entrenamiento
28226,prueba
28227,prueba
28228,entrenamiento
28229,prueba
28230,entrenamiento
28231,entrenamiento
28232,entrenamiento
28233,entrenamiento
28234,entrenamiento
28235,entrenamiento
28236,entrenamiento
28237,validacion
28238,entrenamiento
28239,prueba
28240,prueba
28241,validacion
28242,entrenamiento
28243,prueba
28244,entrenamiento
28245,prueba
28246,entrenamiento
28247,validacion
28248,prueba
28249,validacion
28250,entrenamiento
28251,validacion
28252,entrenamiento
28253,entrenamiento
28254,validacion
28255,prueba
28256,entrenamiento
28257,entrenamiento
28258,entrenamiento
28259,validacion
28260,prueba
28261,entrenamiento
28262,entrenamiento
28263,entrenamiento
28264,validacion
28265,entrenamiento
28266,entrenamiento
28267,prueba
28268,entrenamiento
28269,entrenamiento
28270,prueba
28271,prueba
28272,entrenamiento
28273,entrenamiento
28274,entrenamiento
28275,entrenamiento
28276,validacion
28277,prueba
28278,prueba
28279,entrenamiento
28280,prueba
28281,prueba
28282,entrenamiento
28283,entrenamiento
28284,entrenamiento
28285,prueba
28286,prueba
28287,entrenamiento
28288,entrenamiento
28289,entrenamiento
28290,prueba
28291,entrenamiento
28292,entrenamiento
28293,entrenamiento
28294,entrenamiento
28295,prueba
28296,validacion
28297,validacion
28298,prueba
28299,validacion
28300,prueba
28301,entrenamiento
28302,prueba
28303,validacion
28304,entrenamiento
28305,entrenamiento
28306,entrenamiento
28307,prueba
28308,validacion
28309,validacion
28310,entrenamiento
28311,entrenamiento
28312,entrenamiento
28313,entrenamiento
28314,prueba
28315,entrenamiento
28316,entrenamiento
28317,entrenamiento
28318,entrenamiento
28319,entrenamiento
28320,entrenamiento
28321,prueba
28322,entrenamiento
28323,prueba
28324,validacion
28325,entrenamiento
28326,validacion
28327,entrenamiento
28328,entrenamiento
28329,prueba
28330,entrenamiento
28331,entrenamiento
28332,entrenamiento
28333,entrenamiento
28334,entrenamiento
28335,entrenamiento
28336,prueba
28337,entrenamiento
28338,entrenamiento
28339,prueba
28340,entrenamiento
28341,prueba
28342,entrenamiento
28343,entrenamiento
28344,validacion
28345,prueba
28346,entrenamiento
28347,entrenamiento
28348,entrenamiento
28349,entrenamiento
28350,prueba
28351,entrenamiento
28352,entrenamiento
28353,entrenamiento
28354,entrenamiento
28355,entrenamiento
28356,prueba
28357,entrenamiento
28358,entrenamiento
28359,entrenamiento
28360,entrenamiento
28361,entrenamiento
28362,entrenamiento
28363,prueba
28364,entrenamiento
28365,entrenamiento
28366,entrenamiento
28367,prueba
28368,entrenamiento
28369,entrenamiento
28370,entrenamiento
28371,entrenamiento
28372,validacion
28373,entrenamiento
28374,entrenamiento
28375,prueba
28376,entrenamiento
28377,validacion
28378,entrenamiento
28379,entrenamiento
28380,entrenamiento
28381,prueba
28382,prueba
28383,entrenamiento
28384,prueba
28385,entrenamiento
28386,entrenamiento
28387,entrenamiento
28388,prueba
28389,entrenamiento
28390,prueba
28391,entrenamiento
28392,entrenamiento
28393,entrenamiento
28394,entrenamiento
28395,prueba
28396,validacion
28397,entrenamiento
28398,entrenamiento
28399,entrenamiento
28400,prueba
28401,entrenamiento
28402,entrenamiento
28403,entrenamiento
28404,prueba
28405,entrenamiento
28406,entrenamiento
28407,prueba
28408,entrenamiento
28409,entrenamiento
28410,entrenamiento
28411,entrenamiento
28412,entrenamiento
28413,entrenamiento
28414,entrenamiento
28415,prueba
28416,entrenamiento
28417,entrenamiento
28418,prueba
28419,entrenamiento
28420,validacion
28421,entrenamiento
28422,prueba
28423,entrenamiento
28424,entrenamiento
28425,validacion
28426,prueba
28427,prueba
28428,entrenamiento
28429,prueba
28430,validacion
28431,entrenamiento
28432,entrenamiento
28433,prueba
28434,entrenamiento
28435,entrenamiento
28436,entrenamiento
28437,validacion
28438,entrenamiento
28439,entrenamiento
28440,prueba
28441,prueba
28442,entrenamiento
28443,entrenamiento
28444,entrenamiento
28445,entrenamiento
28446,entrenamiento
28447,prueba
28448,validacion
28449,entrenamiento
28450,validacion
28451,entrenamiento
28452,entrenamiento
28453,entrenamiento
28454,entrenamiento
28455,prueba
28456,entrenamiento
28457,entrenamiento
28458,entrenamiento
28459,entrenamiento
28460,entrenamiento
28461,entrenamiento
28462,prueba
28463,entrenamiento
28464,entrenamiento
28465,entrenamiento
28466,prueba
28467,entrenamiento
28468,entrenamiento
28469,entrenamiento
28470,entrenamiento
28471,entrenamiento
28472,validacion
28473,validacion
28474,entrenamiento
28475,entrenamiento
28476,prueba
28477,entrenamiento
28478,entrenamiento
28479,entrenamiento
28480,entrenamiento
28481,entrenamiento
28482,entrenamiento
28483,prueba
28484,prueba
28485,validacion
28486,entrenamiento
28487,validacion
28488,prueba
28489,entrenamiento
28490,entrenamiento
28491,entrenamiento
28492,entrenamiento
28493,entrenamiento
28494,validacion
28495,entrenamiento
28496,entrenamiento
28497,entrenamiento
28498,entrenamiento
28499,entrenamiento
28500,prueba
28501,entrenamiento
28502,entrenamiento
28503,prueba
28504,entrenamiento
28505,entrenamiento
28506,entrenamiento
28507,validacion
28508,prueba
28509,validacion
28510,entrenamiento
28511,validacion
28512,entrenamiento
28513,prueba
28514,prueba
28515,validacion
28516,entrenamiento
28517,entrenamiento
28518,entrenamiento
28519,prueba
28520,entrenamiento
28521,entrenamiento
28522,entrenamiento
28523,entrenamiento
28524,validacion
28525,entrenamiento
28526,validacion
28527,entrenamiento
28528,prueba
28529,validacion
28530,prueba
28531,entrenamiento
28532,prueba
28533,entrenamiento
28534,validacion
28535,entrenamiento
28536,prueba
28537,entrenamiento
28538,entrenamiento
28539,entrenamiento
28540,entrenamiento
28541,prueba
28542,entrenamiento
28543,validacion
28544,entrenamiento
28545,entrenamiento
28546,entrenamiento
28547,entrenamiento
28548,entrenamiento
28549,entrenamiento
28550,prueba
28551,validacion
28552,entrenamiento
28553,validacion
28554,entrenamiento
28555,entrenamiento
28556,validacion
28557,prueba
28558,entrenamiento
28559,entrenamiento
28560,validacion
28561,prueba
28562,prueba
28563,prueba
28564,validacion
28565,entrenamiento
28566,entrenamiento
28567,entrenamiento
28568,prueba
28569,prueba
28570,entrenamiento
28571,entrenamiento
28572,entrenamiento
28573,entrenamiento
28574,entrenamiento
28575,validacion
28576,prueba
28577,validacion
28578,prueba
28579,entrenamiento
28580,prueba
28581,prueba
28582,validacion
28583,prueba
28584,entrenamiento
28585,validacion
28586,entrenamiento
28587,entrenamiento
28588,entrenamiento
28589,entrenamiento
28590,entrenamiento
28591,validacion
28592,entrenamiento
28593,prueba
28594,entrenamiento
28595,prueba
28596,entrenamiento
28597,entrenamiento
28598,prueba
28599,validacion
28600,entrenamiento
28601,entrenamiento
28602,entrenamiento
28603,prueba
28604,entrenamiento
28605,entrenamiento
28606,entrenamiento
28607,entrenamiento
28608,entrenamiento
28609,entrenamiento
28610,entrenamiento
28611,prueba
28612,entrenamiento
28613,prueba
28614,validacion
28615,prueba
28616,entrenamiento
28617,validacion
28618,validacion
28619,prueba
28620,entrenamiento
28621,entrenamiento
28622,entrenamiento
28623,entrenamiento
28624,prueba
28625,entrenamiento
28626,entrenamiento
28627,entrenamiento
28628,entrenamiento
28629,entrenamiento
28630,entrenamiento
28631,entrenamiento
28632,entrenamiento
28633,validacion
28634,validacion
28635,prueba
28636,entrenamiento
28637,entrenamiento
28638,prueba
28639,validacion
28640,entrenamiento
28641,entrenamiento
28642,prueba
28643,validacion
28644,entrenamiento
28645,prueba
28646,entrenamiento
28647,entrenamiento
28648,entrenamiento
28649,entrenamiento
28650,prueba
28651,prueba
28652,entrenamiento
28653,prueba
28654,entrenamiento
28655,prueba
28656,entrenamiento
28657,prueba
28658,entrenamiento
28659,entrenamiento
28660,prueba
28661,prueba
28662,entrenamiento
28663,entrenamiento
28664,entrenamiento
28665,entrenamiento
28666,entrenamiento
28667,entrenamiento
28668,prueba
28669,entrenamiento
28670,entrenamiento
28671,entrenamiento
28672,entrenamiento
28673,entrenamiento
28674,prueba
28675,entrenamiento
28676,entrenamiento
28677,entrenamiento
28678,entrenamiento
28679,prueba
28680,prueba
28681,entrenamiento
28682,validacion
28683,entrenamiento
28684,entrenamiento
28685,prueba
28686,prueba
28687,entrenamiento
28688,entrenamiento
28689,entrenamiento
28690,validacion
28691,entrenamiento
28692,entrenamiento
28693,prueba
28694,entrenamiento
28695,entrenamiento
28696,entrenamiento
28697,entrenamiento
28698,entrenamiento
28699,prueba
28700,entrenamiento
28701,entrenamiento
28702,entrenamiento
28703,validacion
28704,entrenamiento
28705,entrenamiento
28706,entrenamiento
28707,validacion
28708,validacion
28709,entrenamiento
28710,validacion
28711,prueba
28712,prueba
28713,entrenamiento
28714,validacion
28715,validacion
28716,entrenamiento
28717,prueba
28718,prueba
28719,entrenamiento
28720,entrenamiento
28721,entrenamiento
28722,entrenamiento
28723,validacion
28724,validacion
28725,prueba
28726,validacion
28727,entrenamiento
28728,entrenamiento
28729,entrenamiento
28730,prueba
28731,prueba
28732,entrenamiento
28733,entrenamiento
28734,prueba
28735,entrenamiento
28736,prueba
28737,entrenamiento
28738,entrenamiento
28739,validacion
28740,entrenamiento
28741,entrenamiento
28742,entrenamiento
28743,entrenamiento
28744,entrenamiento
28745,entrenamiento
28746,entrenamiento
28747,validacion
28748,entrenamiento
28749,entrenamiento
28750,entrenamiento
28751,entrenamiento
28752,entrenamiento
28753,entrenamiento
28754,entrenamiento
28755,entrenamiento
28756,entrenamiento
28757,prueba
28758,entrenamiento
28759,validacion
28760,entrenamiento
28761,entrenamiento
28762,entrenamiento
28763,entrenamiento
28764,entrenamiento
28765,entrenamiento
28766,entrenamiento
28767,validacion
28768,prueba
28769,entrenamiento
28770,prueba
28771,prueba
28772,entrenamiento
28773,entrenamiento
28774,entrenamiento
28775,entrenamiento
28776,entrenamiento
28777,prueba
28778,entrenamiento
28779,entrenamiento
28780,entrenamiento
28781,entrenamiento
28782,entrenamiento
28783,prueba
28784,validacion
28785,prueba
28786,entrenamiento
28787,entrenamiento
28788,validacion
28789,entrenamiento
28790,prueba
28791,validacion
28792,entrenamiento
28793,validacion
28794,entrenamiento
28795,entrenamiento
28796,entrenamiento
28797,prueba
28798,entrenamiento
28799,prueba
28800,entrenamiento
28801,entrenamiento
28802,prueba
28803,validacion
28804,prueba
28805,entrenamiento
28806,entrenamiento
28807,entrenamiento
28808,prueba
28809,validacion
28810,entrenamiento
28811,entrenamiento
28812,entrenamiento
28813,entrenamiento
28814,prueba
28815,entrenamiento
28816,entrenamiento
28817,entrenamiento
28818,entrenamiento
28819,validacion
28820,entrenamiento
28821,prueba
28822,entrenamiento
28823,entrenamiento
28824,entrenamiento
28825,entrenamiento
28826,entrenamiento
28827,entrenamiento
28828,entrenamiento
28829,entrenamiento
28830,validacion
28831,prueba
28832,entrenamiento
28833,validacion
28834,entrenamiento
28835,entrenamiento
28836,entrenamiento
28837,entrenamiento
28838,entrenamiento
28839,entrenamiento
28840,entrenamiento
28841,entrenamiento
28842,entrenamiento
28843,entrenamiento
28844,entrenamiento
28845,entrenamiento
28846,prueba
28847,prueba
28848,prueba
28849,entrenamiento
28850,entrenamiento
28851,prueba
28852,prueba
28853,prueba
28854,entrenamiento
28855,entrenamiento
28856,prueba
28857,validacion
28858,entrenamiento
28859,entrenamiento
28860,prueba
28861,entrenamiento
28862,entrenamiento
28863,prueba
28864,prueba
28865,entrenamiento
28866,entrenamiento
28867,entrenamiento
28868,entrenamiento
28869,entrenamiento
28870,prueba
28871,entrenamiento
28872,entrenamiento
28873,validacion
28874,entrenamiento
28875,entrenamiento
28876,entrenamiento
28877,entrenamiento
28878,entrenamiento
28879,entrenamiento
28880,validacion
28881,entrenamiento
28882,entrenamiento
28883,entrenamiento
28884,entrenamiento
28885,prueba
28886,entrenamiento
28887,validacion
28888,entrenamiento
28889,entrenamiento
28890,entrenamiento
28891,entrenamiento
28892,prueba
28893,prueba
28894,prueba
28895,entrenamiento
28896,validacion
28897,entrenamiento
28898,entrenamiento
28899,validacion
28900,entrenamiento
28901,prueba
28902,entrenamiento
28903,validacion
28904,prueba
28905,validacion
28906,prueba
28907,entrenamiento
28908,entrenamiento
28909,entrenamiento
28910,entrenamiento
28911,entrenamiento
28912,entrenamiento
28913,entrenamiento
28914,prueba
28915,entrenamiento
28916,prueba
28917,prueba
28918,entrenamiento
28919,prueba
28920,entrenamiento
28921,entrenamiento
28922,entrenamiento
28923,prueba
28924,prueba
28925,validacion
28926,prueba
28927,entrenamiento
28928,prueba
28929,entrenamiento
28930,entrenamiento
28931,entrenamiento
28932,entrenamiento
28933,prueba
28934,validacion
28935,entrenamiento
28936,entrenamiento
28937,entrenamiento
28938,prueba
28939,entrenamiento
28940,prueba
28941,prueba
28942,entrenamiento
28943,prueba
28944,entrenamiento
28945,entrenamiento
28946,validacion
28947,validacion
28948,prueba
28949,entrenamiento
28950,entrenamiento
28951,entrenamiento
28952,prueba
28953,entrenamiento
28954,validacion
28955,validacion
28956,entrenamiento
28957,entrenamiento
28958,entrenamiento
28959,prueba
28960,validacion
28961,prueba
28962,prueba
28963,validacion
28964,validacion
28965,entrenamiento
28966,entrenamiento
28967,entrenamiento
28968,entrenamiento
28969,entrenamiento
28970,entrenamiento
28971,entrenamiento
28972,entrenamiento
28973,entrenamiento
28974,prueba
28975,prueba
28976,entrenamiento
28977,entrenamiento
28978,validacion
28979,prueba
28980,prueba
28981,entrenamiento
28982,entrenamiento
28983,entrenamiento
28984,validacion
28985,entrenamiento
28986,entrenamiento
28987,prueba
28988,entrenamiento
28989,entrenamiento
28990,entrenamiento
28991,validacion
28992,entrenamiento
28993,entrenamiento
28994,entrenamiento
28995,entrenamiento
28996,prueba
28997,entrenamiento
28998,validacion
28999,entrenamiento
29000,entrenamiento
29001,prueba
29002,entrenamiento
29003,entrenamiento
29004,prueba
29005,entrenamiento
29006,entrenamiento
29007,prueba
29008,entrenamiento
29009,entrenamiento
29010,entrenamiento
29011,entrenamiento
29012,validacion
29013,entrenamiento
29014,validacion
29015,entrenamiento
29016,entrenamiento
29017,prueba
29018,entrenamiento
29019,entrenamiento
29020,entrenamiento
29021,entrenamiento
29022,prueba
29023,entrenamiento
29024,validacion
29025,prueba
29026,prueba
29027,entrenamiento
29028,entrenamiento
29029,validacion
29030,validacion
29031,entrenamiento
29032,entrenamiento
29033,entrenamiento
29034,entrenamiento
29035,entrenamiento
29036,validacion
29037,entrenamiento
29038,entrenamiento
29039,entrenamiento
29040,entrenamiento
29041,entrenamiento
29042,entrenamiento
29043,prueba
29044,entrenamiento
29045,entrenamiento
29046,entrenamiento
29047,prueba
29048,entrenamiento
29049,entrenamiento
29050,entrenamiento
29051,prueba
29052,validacion
29053,entrenamiento
29054,entrenamiento
29055,prueba
29056,validacion
29057,entrenamiento
29058,entrenamiento
29059,entrenamiento
29060,entrenamiento
29061,entrenamiento
29062,validacion
29063,entrenamiento
29064,validacion
29065,prueba
29066,prueba
29067,validacion
29068,entrenamiento
29069,entrenamiento
29070,prueba
29071,prueba
29072,entrenamiento
29073,entrenamiento
29074,prueba
29075,entrenamiento
29076,entrenamiento
29077,entrenamiento
29078,entrenamiento
29079,entrenamiento
29080,entrenamiento
29081,entrenamiento
29082,entrenamiento
29083,entrenamiento
29084,entrenamiento
29085,prueba
29086,entrenamiento
29087,entrenamiento
29088,prueba
29089,prueba
29090,entrenamiento
29091,validacion
29092,entrenamiento
29093,prueba
29094,entrenamiento
29095,entrenamiento
29096,prueba
29097,validacion
29098,prueba
29099,entrenamiento
29100,validacion
29101,entrenamiento
29102,prueba
29103,prueba
29104,entrenamiento
29105,entrenamiento
29106,validacion
29107,entrenamiento
29108,validacion
29109,validacion
29110,entrenamiento
29111,entrenamiento
29112,entrenamiento
29113,entrenamiento
29114,entrenamiento
29115,entrenamiento
29116,entrenamiento
29117,prueba
29118,prueba
29119,entrenamiento
29120,entrenamiento
29121,validacion
29122,prueba
29123,prueba
29124,entrenamiento
29125,prueba
29126,prueba
29127,entrenamiento
29128,entrenamiento
29129,validacion
29130,validacion
29131,entrenamiento
29132,entrenamiento
29133,validacion
29134,prueba
29135,entrenamiento
29136,prueba
29137,entrenamiento
29138,prueba
29139,validacion
29140,entrenamiento
29141,entrenamiento
29142,entrenamiento
29143,entrenamiento
29144,entrenamiento
29145,prueba
29146,entrenamiento
29147,entrenamiento
29148,validacion
29149,entrenamiento
29150,prueba
29151,prueba
29152,entrenamiento
29153,entrenamiento
29154,prueba
29155,validacion
29156,entrenamiento
29157,validacion
29158,prueba
29159,entrenamiento
29160,entrenamiento
29161,validacion
29162,validacion
29163,validacion
29164,entrenamiento
29165,entrenamiento
29166,prueba
29167,entrenamiento
29168,prueba
29169,entrenamiento
29170,entrenamiento
29171,prueba
29172,prueba
29173,entrenamiento
29174,validacion
29175,validacion
29176,entrenamiento
29177,entrenamiento
29178,entrenamiento
29179,prueba
29180,entrenamiento
29181,entrenamiento
29182,entrenamiento
29183,entrenamiento
29184,prueba
29185,prueba
29186,entrenamiento
29187,validacion
29188,entrenamiento
29189,prueba
29190,entrenamiento
29191,validacion
29192,entrenamiento
29193,prueba
29194,entrenamiento
29195,prueba
29196,prueba
29197,validacion
29198,validacion
29199,entrenamiento
29200,prueba
29201,entrenamiento
29202,entrenamiento
29203,entrenamiento
29204,entrenamiento
29205,entrenamiento
29206,validacion
29207,entrenamiento
29208,entrenamiento
29209,validacion
29210,entrenamiento
29211,entrenamiento
29212,entrenamiento
29213,entrenamiento
29214,entrenamiento
29215,entrenamiento
29216,validacion
29217,entrenamiento
29218,validacion
29219,entrenamiento
29220,entrenamiento
29221,entrenamiento
29222,entrenamiento
29223,entrenamiento
29224,entrenamiento
29225,entrenamiento
29226,prueba
29227,entrenamiento
29228,entrenamiento
29229,prueba
29230,entrenamiento
29231,entrenamiento
29232,validacion
29233,validacion
29234,validacion
29235,entrenamiento
29236,validacion
29237,prueba
29238,entrenamiento
29239,validacion
29240,prueba
29241,entrenamiento
29242,validacion
29243,prueba
29244,entrenamiento
29245,entrenamiento
29246,entrenamiento
29247,entrenamiento
29248,validacion
29249,prueba
29250,entrenamiento
29251,prueba
29252,entrenamiento
29253,entrenamiento
29254,validacion
29255,entrenamiento
29256,validacion
29257,entrenamiento
29258,entrenamiento
29259,prueba
29260,prueba
29261,prueba
29262,prueba
29263,validacion
29264,entrenamiento
29265,entrenamiento
29266,entrenamiento
29267,entrenamiento
29268,entrenamiento
29269,entrenamiento
29270,entrenamiento
29271,entrenamiento
29272,validacion
29273,validacion
29274,entrenamiento
29275,entrenamiento
29276,entrenamiento
29277,validacion
29278,entrenamiento
29279,entrenamiento
29280,entrenamiento
29281,prueba
29282,prueba
29283,prueba
29284,entrenamiento
29285,entrenamiento
29286,entrenamiento
29287,entrenamiento
29288,validacion
29289,entrenamiento
29290,entrenamiento
29291,entrenamiento
29292,entrenamiento
29293,validacion
29294,prueba
29295,entrenamiento
29296,entrenamiento
29297,entrenamiento
29298,entrenamiento
29299,entrenamiento
29300,entrenamiento
29301,entrenamiento
29302,entrenamiento
29303,validacion
29304,validacion
29305,entrenamiento
29306,entrenamiento
29307,entrenamiento
29308,entrenamiento
29309,entrenamiento
29310,entrenamiento
29311,entrenamiento
29312,entrenamiento
29313,entrenamiento
29314,validacion
29315,validacion
29316,validacion
29317,prueba
29318,entrenamiento
29319,entrenamiento
29320,entrenamiento
29321,prueba
29322,entrenamiento
29323,entrenamiento
29324,entrenamiento
29325,entrenamiento
29326,entrenamiento
29327,entrenamiento
29328,entrenamiento
29329,entrenamiento
29330,validacion
29331,entrenamiento
29332,entrenamiento
29333,entrenamiento
29334,prueba
29335,entrenamiento
29336,prueba
29337,prueba
29338,entrenamiento
29339,entrenamiento
29340,entrenamiento
29341,validacion
29342,entrenamiento
29343,validacion
29344,entrenamiento
29345,prueba
29346,prueba
29347,entrenamiento
29348,prueba
29349,validacion
29350,validacion
29351,entrenamiento
29352,entrenamiento
29353,entrenamiento
29354,validacion
29355,entrenamiento
29356,prueba
29357,entrenamiento
29358,entrenamiento
29359,entrenamiento
29360,prueba
29361,entrenamiento
29362,validacion
29363,entrenamiento
29364,entrenamiento
29365,entrenamiento
29366,entrenamiento
29367,entrenamiento
29368,entrenamiento
29369,entrenamiento
29370,prueba
29371,prueba
29372,prueba
29373,entrenamiento
29374,entrenamiento
29375,validacion
29376,prueba
29377,entrenamiento
29378,entrenamiento
29379,entrenamiento
29380,entrenamiento
29381,entrenamiento
29382,entrenamiento
29383,entrenamiento
29384,entrenamiento
29385,validacion
29386,entrenamiento
29387,entrenamiento
29388,validacion
29389,entrenamiento
29390,prueba
29391,entrenamiento
29392,validacion
29393,prueba
29394,prueba
29395,entrenamiento
29396,prueba
29397,prueba
29398,entrenamiento
29399,entrenamiento
29400,prueba
29401,entrenamiento
29402,prueba
29403,prueba
29404,validacion
29405,entrenamiento
29406,validacion
29407,validacion
29408,entrenamiento
29409,validacion
29410,entrenamiento
29411,entrenamiento
29412,entrenamiento
29413,entrenamiento
29414,validacion
29415,entrenamiento
29416,validacion
29417,validacion
29418,entrenamiento
29419,entrenamiento
29420,entrenamiento
29421,entrenamiento
29422,prueba
29423,entrenamiento
29424,prueba
29425,entrenamiento
29426,entrenamiento
29427,entrenamiento
29428,entrenamiento
29429,validacion
29430,entrenamiento
29431,validacion
29432,prueba
29433,entrenamiento
29434,prueba
29435,entrenamiento
29436,entrenamiento
29437,validacion
29438,validacion
29439,entrenamiento
29440,entrenamiento
29441,entrenamiento
29442,prueba
29443,entrenamiento
29444,entrenamiento
29445,entrenamiento
29446,entrenamiento
29447,entrenamiento
29448,prueba
29449,entrenamiento
29450,entrenamiento
29451,validacion
29452,prueba
29453,prueba
29454,entrenamiento
29455,prueba
29456,entrenamiento
29457,entrenamiento
29458,entrenamiento
29459,entrenamiento
29460,prueba
29461,validacion
29462,entrenamiento
29463,entrenamiento
29464,entrenamiento
29465,entrenamiento
29466,entrenamiento
29467,entrenamiento
29468,validacion
29469,entrenamiento
29470,entrenamiento
29471,entrenamiento
29472,prueba
29473,prueba
29474,prueba
29475,entrenamiento
29476,entrenamiento
29477,validacion
29478,entrenamiento
29479,prueba
29480,entrenamiento
29481,validacion
29482,entrenamiento
29483,entrenamiento
29484,entrenamiento
29485,validacion
29486,entrenamiento
29487,entrenamiento
29488,entrenamiento
29489,entrenamiento
29490,validacion
29491,entrenamiento
29492,entrenamiento
29493,validacion
29494,validacion
29495,entrenamiento
29496,entrenamiento
29497,validacion
29498,entrenamiento
29499,validacion
29500,entrenamiento
29501,entrenamiento
29502,entrenamiento
29503,prueba
29504,entrenamiento
29505,entrenamiento
29506,entrenamiento
29507,entrenamiento
29508,entrenamiento
29509,entrenamiento
29510,entrenamiento
29511,validacion
29512,validacion
29513,entrenamiento
29514,entrenamiento
29515,prueba
29516,entrenamiento
29517,prueba
29518,entrenamiento
29519,validacion
29520,validacion
29521,entrenamiento
29522,entrenamiento
29523,entrenamiento
29524,prueba
29525,prueba
29526,entrenamiento
29527,validacion
29528,entrenamiento
29529,validacion
29530,validacion
29531,prueba
29532,entrenamiento
29533,entrenamiento
29534,prueba
29535,validacion
29536,validacion
29537,validacion
29538,entrenamiento
29539,entrenamiento
29540,entrenamiento
29541,entrenamiento
29542,prueba
29543,entrenamiento
29544,validacion
29545,prueba
29546,validacion
29547,entrenamiento
29548,entrenamiento
29549,entrenamiento
29550,entrenamiento
29551,entrenamiento
29552,entrenamiento
29553,entrenamiento
29554,prueba
29555,entrenamiento
29556,entrenamiento
29557,prueba
29558,entrenamiento
29559,entrenamiento
29560,entrenamiento
29561,entrenamiento
29562,entrenamiento
29563,validacion
29564,prueba
29565,entrenamiento
29566,entrenamiento
29567,entrenamiento
29568,entrenamiento
29569,entrenamiento
29570,entrenamiento
29571,entrenamiento
29572,entrenamiento
29573,entrenamiento
29574,prueba
29575,prueba
29576,entrenamiento
29577,entrenamiento
29578,prueba
29579,entrenamiento
29580,prueba
29581,entrenamiento
29582,entrenamiento
29583,prueba
29584,entrenamiento
29585,entrenamiento
29586,entrenamiento
29587,validacion
29588,prueba
29589,validacion
29590,prueba
29591,prueba
29592,validacion
29593,validacion
29594,entrenamiento
29595,entrenamiento
29596,prueba
29597,validacion
29598,entrenamiento
29599,entrenamiento
29600,entrenamiento
29601,prueba
29602,entrenamiento
29603,entrenamiento
29604,entrenamiento
29605,validacion
29606,entrenamiento
29607,prueba
29608,entrenamiento
29609,entrenamiento
29610,entrenamiento
29611,prueba
29612,validacion
29613,entrenamiento
29614,validacion
29615,prueba
29616,entrenamiento
29617,entrenamiento
29618,validacion
29619,entrenamiento
29620,validacion
29621,prueba
29622,entrenamiento
29623,entrenamiento
29624,entrenamiento
29625,entrenamiento
29626,validacion
29627,entrenamiento
29628,entrenamiento
29629,entrenamiento
29630,entrenamiento
29631,prueba
29632,entrenamiento
29633,validacion
29634,entrenamiento
29635,prueba
29636,entrenamiento
29637,entrenamiento
29638,prueba
29639,entrenamiento
29640,entrenamiento
29641,prueba
29642,entrenamiento
29643,entrenamiento
29644,entrenamiento
29645,prueba
29646,prueba
29647,entrenamiento
29648,entrenamiento
29649,entrenamiento
29650,prueba
29651,entrenamiento
29652,prueba
29653,entrenamiento
29654,prueba
29655,entrenamiento
29656,prueba
29657,prueba
29658,entrenamiento
29659,entrenamiento
29660,entrenamiento
29661,prueba
29662,entrenamiento
29663,prueba
29664,entrenamiento
29665,validacion
29666,prueba
29667,entrenamiento
29668,prueba
29669,validacion
29670,entrenamiento
29671,validacion
29672,entrenamiento
29673,entrenamiento
29674,entrenamiento
29675,entrenamiento
29676,prueba
29677,entrenamiento
29678,validacion
29679,prueba
29680,entrenamiento
29681,entrenamiento
29682,entrenamiento
29683,entrenamiento
29684,prueba
29685,entrenamiento
29686,validacion
29687,entrenamiento
29688,entrenamiento
29689,entrenamiento
29690,entrenamiento
29691,entrenamiento
29692,entrenamiento
29693,prueba
29694,entrenamiento
29695,entrenamiento
29696,entrenamiento
29697,entrenamiento
29698,entrenamiento
29699,entrenamiento
29700,validacion
29701,entrenamiento
29702,validacion
29703,entrenamiento
29704,prueba
29705,prueba
29706,entrenamiento
29707,entrenamiento
29708,entrenamiento
29709,validacion
29710,prueba
29711,entrenamiento
29712,entrenamiento
29713,validacion
29714,entrenamiento
29715,prueba
29716,entrenamiento
29717,validacion
29718,entrenamiento
29719,prueba
29720,entrenamiento
29721,entrenamiento
29722,entrenamiento
29723,prueba
29724,entrenamiento
29725,prueba
29726,entrenamiento
29727,prueba
29728,validacion
29729,entrenamiento
29730,entrenamiento
29731,prueba
29732,validacion
29733,entrenamiento
29734,entrenamiento
29735,entrenamiento
29736,entrenamiento
29737,entrenamiento
29738,entrenamiento
29739,entrenamiento
29740,prueba
29741,prueba
29742,entrenamiento
29743,entrenamiento
29744,entrenamiento
29745,entrenamiento
29746,entrenamiento
29747,prueba
29748,entrenamiento
29749,prueba
29750,validacion
29751,entrenamiento
29752,validacion
29753,entrenamiento
29754,prueba
29755,prueba
29756,prueba
29757,entrenamiento
29758,entrenamiento
29759,prueba
29760,entrenamiento
29761,entrenamiento
29762,entrenamiento
29763,entrenamiento
29764,entrenamiento
29765,prueba
29766,entrenamiento
29767,entrenamiento
29768,entrenamiento
29769,entrenamiento
29770,validacion
29771,entrenamiento
29772,entrenamiento
29773,validacion
29774,entrenamiento
29775,prueba
29776,entrenamiento
29777,validacion
29778,entrenamiento
29779,entrenamiento
29780,prueba
29781,entrenamiento
29782,entrenamiento
29783,validacion
29784,prueba
29785,entrenamiento
29786,entrenamiento
29787,entrenamiento
29788,entrenamiento
29789,entrenamiento
29790,prueba
29791,entrenamiento
29792,entrenamiento
29793,entrenamiento
29794,entrenamiento
29795,entrenamiento
29796,prueba
29797,entrenamiento
29798,entrenamiento
29799,validacion
29800,validacion
29801,entrenamiento
29802,entrenamiento
29803,prueba
29804,entrenamiento
29805,prueba
29806,validacion
29807,entrenamiento
29808,entrenamiento
29809,validacion
29810,entrenamiento
29811,entrenamiento
29812,entrenamiento
29813,validacion
29814,entrenamiento
29815,entrenamiento
29816,entrenamiento
29817,entrenamiento
29818,entrenamiento
29819,entrenamiento
29820,entrenamiento
29821,entrenamiento
29822,entrenamiento
29823,entrenamiento
29824,entrenamiento
29825,entrenamiento
29826,entrenamiento
29827,validacion
29828,entrenamiento
29829,entrenamiento
29830,entrenamiento
29831,entrenamiento
29832,entrenamiento
29833,validacion
29834,validacion
29835,prueba
29836,validacion
29837,entrenamiento
29838,entrenamiento
29839,prueba
29840,prueba
29841,prueba
29842,entrenamiento
29843,validacion
29844,prueba
29845,entrenamiento
29846,validacion
29847,entrenamiento
29848,entrenamiento
29849,entrenamiento
29850,validacion
29851,entrenamiento
29852,validacion
29853,prueba
29854,entrenamiento
29855,prueba
29856,entrenamiento
29857,prueba
29858,validacion
29859,entrenamiento
29860,prueba
29861,entrenamiento
29862,prueba
29863,validacion
29864,prueba
29865,entrenamiento
29866,entrenamiento
29867,entrenamiento
29868,entrenamiento
29869,entrenamiento
29870,validacion
29871,validacion
29872,validacion
29873,entrenamiento
29874,validacion
29875,entrenamiento
29876,entrenamiento
29877,entrenamiento
29878,entrenamiento
29879,prueba
29880,entrenamiento
29881,prueba
29882,entrenamiento
29883,prueba
29884,validacion
29885,entrenamiento
29886,entrenamiento
29887,entrenamiento
29888,entrenamiento
29889,prueba
29890,entrenamiento
29891,entrenamiento
29892,validacion
29893,entrenamiento
29894,validacion
29895,prueba
29896,entrenamiento
29897,entrenamiento
29898,entrenamiento
29899,validacion
29900,entrenamiento
29901,entrenamiento
29902,prueba
29903,validacion
29904,entrenamiento
29905,entrenamiento
29906,validacion
29907,prueba
29908,entrenamiento
29909,entrenamiento
29910,entrenamiento
29911,entrenamiento
29912,entrenamiento
29913,entrenamiento
29914,entrenamiento
29915,entrenamiento
29916,prueba
29917,validacion
29918,validacion
29919,validacion
29920,entrenamiento
29921,validacion
29922,entrenamiento
29923,validacion
29924,entrenamiento
29925,validacion
29926,entrenamiento
29927,entrenamiento
29928,entrenamiento
29929,entrenamiento
29930,entrenamiento
29931,validacion
29932,validacion
29933,prueba
29934,prueba
29935,prueba
29936,prueba
29937,entrenamiento
29938,prueba
29939,validacion
29940,entrenamiento
29941,entrenamiento
29942,entrenamiento
29943,entrenamiento
29944,prueba
29945,entrenamiento
29946,entrenamiento
29947,entrenamiento
29948,entrenamiento
29949,entrenamiento
29950,entrenamiento
29951,entrenamiento
29952,validacion
29953,prueba
29954,entrenamiento
29955,entrenamiento
29956,entrenamiento
29957,entrenamiento
29958,prueba
29959,prueba
29960,entrenamiento
29961,entrenamiento
29962,entrenamiento
29963,prueba
29964,entrenamiento
29965,entrenamiento
29966,entrenamiento
29967,validacion
29968,entrenamiento
29969,validacion
29970,prueba
29971,entrenamiento
29972,entrenamiento
29973,prueba
29974,entrenamiento
29975,entrenamiento
29976,entrenamiento
29977,entrenamiento
29978,entrenamiento
29979,entrenamiento
29980,entrenamiento
29981,entrenamiento
29982,validacion
29983,validacion
29984,entrenamiento
29985,entrenamiento
29986,entrenamiento
29987,entrenamiento
29988,entrenamiento
29989,entrenamiento
29990,entrenamiento
29991,entrenamiento
29992,entrenamiento
29993,prueba
29994,entrenamiento
29995,entrenamiento
29996,entrenamiento
29997,prueba
29998,entrenamiento
29999,entrenamiento
30000,entrenamiento
30001,entrenamiento
30002,entrenamiento
30003,entrenamiento
30004,prueba
30005,prueba
30006,entrenamiento
30007,entrenamiento
30008,prueba
30009,validacion
30010,entrenamiento
30011,entrenamiento
30012,prueba
30013,entrenamiento
30014,entrenamiento
30015,entrenamiento
30016,entrenamiento
30017,entrenamiento
30018,entrenamiento
30019,entrenamiento
30020,validacion
30021,entrenamiento
30022,entrenamiento
30023,entrenamiento
30024,entrenamiento
30025,prueba
30026,entrenamiento
30027,prueba
30028,entrenamiento
30029,prueba
30030,entrenamiento
30031,prueba
30032,entrenamiento
30033,entrenamiento
30034,entrenamiento
30035,entrenamiento
30036,entrenamiento
30037,entrenamiento
30038,entrenamiento
30039,entrenamiento
30040,entrenamiento
30041,validacion
30042,entrenamiento
30043,validacion
30044,entrenamiento
30045,entrenamiento
30046,prueba
30047,entrenamiento
30048,prueba
30049,entrenamiento
30050,entrenamiento
30051,entrenamiento
30052,entrenamiento
30053,entrenamiento
30054,entrenamiento
30055,entrenamiento
30056,entrenamiento
30057,entrenamiento
30058,entrenamiento
30059,entrenamiento
30060,entrenamiento
30061,prueba
30062,entrenamiento
30063,entrenamiento
30064,entrenamiento
30065,entrenamiento
30066,prueba
30067,entrenamiento
30068,entrenamiento
30069,prueba
30070,prueba
30071,prueba
30072,entrenamiento
30073,entrenamiento
30074,prueba
30075,entrenamiento
30076,prueba
30077,prueba
30078,validacion
30079,entrenamiento
30080,prueba
30081,validacion
30082,validacion
30083,entrenamiento
30084,entrenamiento
30085,entrenamiento
30086,prueba
30087,prueba
30088,validacion
30089,entrenamiento
30090,entrenamiento
30091,validacion
30092,entrenamiento
30093,entrenamiento
30094,prueba
30095,prueba
30096,validacion
30097,validacion
30098,entrenamiento
30099,entrenamiento
30100,entrenamiento
30101,entrenamiento
30102,validacion
30103,entrenamiento
30104,entrenamiento
30105,entrenamiento
30106,prueba
30107,entrenamiento
30108,entrenamiento
30109,prueba
30110,validacion
30111,validacion
30112,validacion
30113,entrenamiento
30114,entrenamiento
30115,entrenamiento
30116,entrenamiento
30117,prueba
30118,entrenamiento
30119,entrenamiento
30120,prueba
30121,entrenamiento
30122,entrenamiento
30123,prueba
30124,validacion
30125,prueba
30126,prueba
30127,entrenamiento
30128,entrenamiento
30129,entrenamiento
30130,prueba
30131,prueba
30132,validacion
30133,entrenamiento
30134,validacion
30135,entrenamiento
30136,prueba
30137,prueba
30138,entrenamiento
30139,entrenamiento
30140,prueba
30141,entrenamiento
30142,validacion
30143,entrenamiento
30144,validacion
30145,prueba
30146,entrenamiento
30147,validacion
30148,entrenamiento
30149,entrenamiento
30150,entrenamiento
30151,prueba
30152,entrenamiento
30153,entrenamiento
30154,entrenamiento
30155,validacion
30156,entrenamiento
30157,entrenamiento
30158,entrenamiento
30159,prueba
30160,prueba
30161,entrenamiento
30162,validacion
30163,validacion
30164,entrenamiento
30165,prueba
30166,entrenamiento
30167,validacion
30168,entrenamiento
30169,entrenamiento
30170,prueba
30171,entrenamiento
30172,prueba
30173,validacion
30174,entrenamiento
30175,entrenamiento
30176,prueba
30177,validacion
30178,entrenamiento
30179,validacion
30180,entrenamiento
30181,prueba
30182,entrenamiento
30183,validacion
30184,entrenamiento
30185,entrenamiento
30186,entrenamiento
30187,entrenamiento
30188,entrenamiento
30189,entrenamiento
30190,validacion
30191,entrenamiento
30192,entrenamiento
30193,prueba
30194,entrenamiento
30195,prueba
30196,entrenamiento
30197,entrenamiento
30198,entrenamiento
30199,entrenamiento
30200,entrenamiento
30201,entrenamiento
30202,validacion
30203,entrenamiento
30204,entrenamiento
30205,entrenamiento
30206,entrenamiento
30207,prueba
30208,entrenamiento
30209,entrenamiento
30210,entrenamiento
30211,entrenamiento
30212,entrenamiento
30213,entrenamiento
30214,entrenamiento
30215,entrenamiento
30216,entrenamiento
30217,entrenamiento
30218,validacion
30219,entrenamiento
30220,entrenamiento
30221,entrenamiento
30222,validacion
30223,entrenamiento
30224,entrenamiento
30225,entrenamiento
30226,entrenamiento
30227,prueba
30228,entrenamiento
30229,entrenamiento
30230,entrenamiento
30231,entrenamiento
30232,entrenamiento
30233,entrenamiento
30234,prueba
30235,prueba
30236,entrenamiento
30237,prueba
30238,prueba
30239,entrenamiento
30240,prueba
30241,entrenamiento
30242,entrenamiento
30243,entrenamiento
30244,validacion
30245,entrenamiento
30246,prueba
30247,validacion
30248,entrenamiento
30249,entrenamiento
30250,entrenamiento
30251,entrenamiento
30252,entrenamiento
30253,validacion
30254,prueba
30255,validacion
30256,entrenamiento
30257,entrenamiento
30258,validacion
30259,validacion
30260,validacion
30261,entrenamiento
30262,validacion
30263,entrenamiento
30264,entrenamiento
30265,entrenamiento
30266,validacion
30267,entrenamiento
30268,prueba
30269,entrenamiento
30270,entrenamiento
30271,entrenamiento
30272,validacion
30273,entrenamiento
30274,prueba
30275,entrenamiento
30276,entrenamiento
30277,prueba
30278,entrenamiento
30279,prueba
30280,entrenamiento
30281,entrenamiento
30282,entrenamiento
30283,entrenamiento
30284,entrenamiento
30285,entrenamiento
30286,validacion
30287,entrenamiento
30288,entrenamiento
30289,entrenamiento
30290,prueba
30291,entrenamiento
30292,prueba
30293,entrenamiento
30294,entrenamiento
30295,validacion
30296,entrenamiento
30297,entrenamiento
30298,validacion
30299,validacion
30300,prueba
30301,entrenamiento
30302,entrenamiento
30303,entrenamiento
30304,entrenamiento
30305,entrenamiento
30306,prueba
30307,entrenamiento
30308,entrenamiento
30309,prueba
30310,prueba
30311,entrenamiento
30312,entrenamiento
30313,entrenamiento
30314,entrenamiento
30315,entrenamiento
30316,validacion
30317,validacion
30318,prueba
30319,entrenamiento
30320,validacion
30321,prueba
30322,prueba
30323,prueba
30324,entrenamiento
30325,validacion
30326,validacion
30327,entrenamiento
30328,entrenamiento
30329,prueba
30330,entrenamiento
30331,entrenamiento
30332,entrenamiento
30333,validacion
30334,entrenamiento
30335,entrenamiento
30336,prueba
30337,entrenamiento
30338,entrenamiento
30339,prueba
30340,entrenamiento
30341,entrenamiento
30342,entrenamiento
30343,entrenamiento
30344,entrenamiento
30345,entrenamiento
30346,entrenamiento
30347,entrenamiento
30348,entrenamiento
30349,validacion
30350,entrenamiento
30351,entrenamiento
30352,prueba
30353,prueba
30354,validacion
30355,validacion
30356,entrenamiento
30357,entrenamiento
30358,entrenamiento
30359,prueba
30360,validacion
30361,entrenamiento
30362,prueba
30363,entrenamiento
30364,validacion
30365,entrenamiento
30366,entrenamiento
30367,entrenamiento
30368,validacion
30369,entrenamiento
30370,entrenamiento
30371,entrenamiento
30372,validacion
30373,entrenamiento
30374,entrenamiento
30375,prueba
30376,entrenamiento
30377,entrenamiento
30378,entrenamiento
30379,entrenamiento
30380,validacion
30381,validacion
30382,validacion
30383,validacion
30384,validacion
30385,prueba
30386,entrenamiento
30387,validacion
30388,entrenamiento
30389,entrenamiento
30390,validacion
30391,entrenamiento
30392,entrenamiento
30393,entrenamiento
30394,entrenamiento
30395,entrenamiento
30396,prueba
30397,entrenamiento
30398,entrenamiento
30399,entrenamiento
30400,entrenamiento
30401,entrenamiento
30402,validacion
30403,entrenamiento
30404,prueba
30405,entrenamiento
30406,prueba
30407,entrenamiento
30408,entrenamiento
30409,prueba
30410,validacion
30411,entrenamiento
30412,prueba
30413,entrenamiento
30414,entrenamiento
30415,prueba
30416,validacion
30417,prueba
30418,entrenamiento
30419,entrenamiento
30420,prueba
30421,prueba
30422,validacion
30423,prueba
30424,prueba
30425,entrenamiento
30426,entrenamiento
30427,entrenamiento
30428,prueba
30429,validacion
30430,validacion
30431,prueba
30432,prueba
30433,entrenamiento
30434,entrenamiento
30435,entrenamiento
30436,entrenamiento
30437,entrenamiento
30438,entrenamiento
30439,prueba
30440,entrenamiento
30441,entrenamiento
30442,entrenamiento
30443,entrenamiento
30444,entrenamiento
30445,entrenamiento
30446,prueba
30447,prueba
30448,entrenamiento
30449,validacion
30450,entrenamiento
30451,entrenamiento
30452,validacion
30453,entrenamiento
30454,entrenamiento
30455,validacion
30456,entrenamiento
30457,validacion
30458,entrenamiento
30459,prueba
30460,entrenamiento
30461,prueba
30462,validacion
30463,prueba
30464,entrenamiento
30465,validacion
30466,prueba
30467,entrenamiento
30468,entrenamiento
30469,validacion
30470,entrenamiento
30471,entrenamiento
30472,validacion
30473,validacion
30474,validacion
30475,entrenamiento
30476,entrenamiento
30477,entrenamiento
30478,entrenamiento
30479,entrenamiento
30480,prueba
30481,entrenamiento
30482,entrenamiento
30483,prueba
30484,prueba
30485,prueba
30486,prueba
30487,entrenamiento
30488,validacion
30489,entrenamiento
30490,entrenamiento
30491,entrenamiento
30492,prueba
30493,validacion
30494,entrenamiento
30495,entrenamiento
30496,prueba
30497,entrenamiento
30498,validacion
30499,entrenamiento
30500,prueba
30501,entrenamiento
30502,validacion
30503,entrenamiento
30504,prueba
30505,prueba
30506,validacion
30507,entrenamiento
30508,entrenamiento
30509,validacion
30510,entrenamiento
30511,validacion
30512,entrenamiento
30513,validacion
30514,entrenamiento
30515,entrenamiento
30516,prueba
30517,entrenamiento
30518,entrenamiento
30519,entrenamiento
30520,entrenamiento
30521,prueba
30522,validacion
30523,entrenamiento
30524,entrenamiento
30525,prueba
30526,prueba
30527,prueba
30528,entrenamiento
30529,prueba
30530,validacion
30531,entrenamiento
30532,entrenamiento
30533,prueba
30534,entrenamiento
30535,prueba
30536,validacion
30537,entrenamiento
30538,prueba
30539,entrenamiento
30540,entrenamiento
30541,validacion
30542,entrenamiento
30543,entrenamiento
30544,validacion
30545,prueba
30546,entrenamiento
30547,prueba
30548,entrenamiento
30549,entrenamiento
30550,entrenamiento
30551,entrenamiento
30552,prueba
30553,validacion
30554,entrenamiento
30555,entrenamiento
30556,entrenamiento
30557,entrenamiento
30558,prueba
30559,prueba
30560,entrenamiento
30561,validacion
30562,entrenamiento
30563,entrenamiento
30564,validacion
30565,entrenamiento
30566,entrenamiento
30567,prueba
30568,prueba
30569,validacion
30570,entrenamiento
30571,entrenamiento
30572,validacion
30573,entrenamiento
30574,entrenamiento
30575,entrenamiento
30576,entrenamiento
30577,prueba
30578,prueba
30579,entrenamiento
30580,entrenamiento
30581,entrenamiento
30582,entrenamiento
30583,entrenamiento
30584,validacion
30585,entrenamiento
30586,entrenamiento
30587,validacion
30588,entrenamiento
30589,entrenamiento
30590,entrenamiento
30591,prueba
30592,prueba
30593,entrenamiento
30594,prueba
30595,prueba
30596,entrenamiento
30597,entrenamiento
30598,validacion
30599,entrenamiento
30600,prueba
30601,entrenamiento
30602,validacion
30603,validacion
30604,entrenamiento
30605,entrenamiento
30606,validacion
30607,entrenamiento
30608,entrenamiento
30609,entrenamiento
30610,entrenamiento
30611,validacion
30612,validacion
30613,entrenamiento
30614,prueba
30615,entrenamiento
30616,entrenamiento
30617,entrenamiento
30618,entrenamiento
30619,entrenamiento
30620,validacion
30621,validacion
30622,entrenamiento
30623,entrenamiento
30624,validacion
30625,validacion
30626,entrenamiento
30627,entrenamiento
30628,entrenamiento
30629,prueba
30630,validacion
30631,prueba
30632,entrenamiento
30633,entrenamiento
30634,entrenamiento
30635,entrenamiento
30636,entrenamiento
30637,validacion
30638,entrenamiento
30639,entrenamiento
30640,entrenamiento
30641,entrenamiento
30642,entrenamiento
30643,entrenamiento
30644,entrenamiento
30645,entrenamiento
30646,entrenamiento
30647,entrenamiento
30648,entrenamiento
30649,entrenamiento
30650,validacion
30651,prueba
30652,entrenamiento
30653,entrenamiento
30654,prueba
30655,entrenamiento
30656,validacion
30657,prueba
30658,validacion
30659,validacion
30660,prueba
30661,entrenamiento
30662,entrenamiento
30663,prueba
30664,entrenamiento
30665,entrenamiento
30666,entrenamiento
30667,prueba
30668,entrenamiento
30669,entrenamiento
30670,validacion
30671,prueba
30672,entrenamiento
30673,entrenamiento
30674,validacion
30675,entrenamiento
30676,entrenamiento
30677,prueba
30678,prueba
30679,entrenamiento
30680,entrenamiento
30681,prueba
30682,entrenamiento
30683,prueba
30684,prueba
30685,validacion
30686,entrenamiento
30687,prueba
30688,entrenamiento
30689,entrenamiento
30690,entrenamiento
30691,entrenamiento
30692,entrenamiento
30693,prueba
30694,entrenamiento
30695,entrenamiento
30696,entrenamiento
30697,entrenamiento
30698,prueba
30699,entrenamiento
30700,validacion
30701,entrenamiento
30702,validacion
30703,entrenamiento
30704,entrenamiento
30705,entrenamiento
30706,entrenamiento
30707,entrenamiento
30708,entrenamiento
30709,validacion
30710,validacion
30711,entrenamiento
30712,prueba
30713,entrenamiento
30714,entrenamiento
30715,validacion
30716,validacion
30717,prueba
30718,entrenamiento
30719,entrenamiento
30720,validacion
30721,entrenamiento
30722,prueba
30723,prueba
30724,entrenamiento
30725,entrenamiento
30726,entrenamiento
30727,entrenamiento
30728,prueba
30729,prueba
30730,entrenamiento
30731,validacion
30732,entrenamiento
30733,entrenamiento
30734,entrenamiento
30735,prueba
30736,entrenamiento
30737,entrenamiento
30738,entrenamiento
30739,prueba
30740,entrenamiento
30741,entrenamiento
30742,entrenamiento
30743,entrenamiento
30744,entrenamiento
30745,prueba
30746,entrenamiento
30747,entrenamiento
30748,entrenamiento
30749,entrenamiento
30750,prueba
30751,entrenamiento
30752,entrenamiento
30753,entrenamiento
30754,entrenamiento
30755,entrenamiento
30756,entrenamiento
30757,prueba
30758,prueba
30759,prueba
30760,entrenamiento
30761,validacion
30762,entrenamiento
30763,validacion
30764,entrenamiento
30765,entrenamiento
30766,entrenamiento
30767,entrenamiento
30768,validacion
30769,entrenamiento
30770,entrenamiento
30771,entrenamiento
30772,prueba
30773,entrenamiento
30774,entrenamiento
30775,prueba
30776,validacion
30777,prueba
30778,entrenamiento
30779,entrenamiento
30780,entrenamiento
30781,prueba
30782,entrenamiento
30783,entrenamiento
30784,entrenamiento
30785,entrenamiento
30786,entrenamiento
30787,entrenamiento
30788,entrenamiento
30789,prueba
30790,entrenamiento
30791,validacion
30792,validacion
30793,entrenamiento
30794,entrenamiento
30795,entrenamiento
30796,entrenamiento
30797,entrenamiento
30798,entrenamiento
30799,entrenamiento
30800,entrenamiento
30801,entrenamiento
30802,entrenamiento
30803,validacion
30804,entrenamiento
30805,entrenamiento
30806,entrenamiento
30807,entrenamiento
30808,entrenamiento
30809,entrenamiento
30810,entrenamiento
30811,prueba
30812,prueba
30813,entrenamiento
30814,prueba
30815,entrenamiento
30816,validacion
30817,prueba
30818,validacion
30819,entrenamiento
30820,entrenamiento
30821,prueba
30822,entrenamiento
30823,validacion
30824,entrenamiento
30825,entrenamiento
30826,entrenamiento
30827,validacion
30828,prueba
30829,validacion
30830,entrenamiento
30831,entrenamiento
30832,entrenamiento
30833,entrenamiento
30834,prueba
30835,entrenamiento
30836,prueba
30837,entrenamiento
30838,entrenamiento
30839,prueba
30840,entrenamiento
30841,prueba
30842,prueba
30843,entrenamiento
30844,entrenamiento
30845,entrenamiento
30846,entrenamiento
30847,entrenamiento
30848,entrenamiento
30849,entrenamiento
30850,entrenamiento
30851,entrenamiento
30852,entrenamiento
30853,entrenamiento
30854,prueba
30855,validacion
30856,entrenamiento
30857,validacion
30858,entrenamiento
30859,entrenamiento
30860,entrenamiento
30861,entrenamiento
30862,entrenamiento
30863,entrenamiento
30864,entrenamiento
30865,validacion
30866,entrenamiento
30867,entrenamiento
30868,entrenamiento
30869,prueba
30870,validacion
30871,validacion
30872,prueba
30873,prueba
30874,entrenamiento
30875,prueba
30876,validacion
30877,entrenamiento
30878,entrenamiento
30879,prueba
30880,entrenamiento
30881,entrenamiento
30882,entrenamiento
30883,entrenamiento
30884,validacion
30885,entrenamiento
30886,prueba
30887,entrenamiento
30888,entrenamiento
30889,entrenamiento
30890,entrenamiento
30891,prueba
30892,prueba
30893,validacion
30894,entrenamiento
30895,prueba
30896,entrenamiento
30897,validacion
30898,entrenamiento
30899,entrenamiento
30900,entrenamiento
30901,entrenamiento
30902,validacion
30903,prueba
30904,entrenamiento
30905,prueba
30906,entrenamiento
30907,validacion
30908,validacion
30909,prueba
30910,entrenamiento
30911,entrenamiento
30912,entrenamiento
30913,entrenamiento
30914,entrenamiento
30915,entrenamiento
30916,entrenamiento
30917,entrenamiento
30918,entrenamiento
30919,entrenamiento
30920,entrenamiento
30921,prueba
30922,prueba
30923,entrenamiento
30924,entrenamiento
30925,validacion
30926,prueba
30927,prueba
30928,prueba
30929,entrenamiento
30930,prueba
30931,entrenamiento
30932,entrenamiento
30933,prueba
30934,entrenamiento
30935,entrenamiento
30936,validacion
30937,prueba
30938,entrenamiento
30939,prueba
30940,validacion
30941,prueba
30942,entrenamiento
30943,entrenamiento
30944,prueba
30945,entrenamiento
30946,entrenamiento
30947,entrenamiento
30948,entrenamiento
30949,entrenamiento
30950,entrenamiento
30951,entrenamiento
30952,entrenamiento
30953,entrenamiento
30954,validacion
30955,entrenamiento
30956,entrenamiento
30957,entrenamiento
30958,prueba
30959,entrenamiento
30960,prueba
30961,entrenamiento
30962,entrenamiento
30963,entrenamiento
30964,entrenamiento
30965,validacion
30966,entrenamiento
30967,entrenamiento
30968,prueba
30969,prueba
30970,entrenamiento
30971,prueba
30972,validacion
30973,prueba
30974,prueba
30975,entrenamiento
30976,entrenamiento
30977,prueba
30978,entrenamiento
30979,entrenamiento
30980,entrenamiento
30981,entrenamiento
30982,prueba
30983,entrenamiento
30984,entrenamiento
30985,prueba
30986,entrenamiento
30987,prueba
30988,entrenamiento
30989,validacion
30990,prueba
30991,validacion
30992,validacion
30993,entrenamiento
30994,entrenamiento
30995,entrenamiento
30996,entrenamiento
30997,entrenamiento
30998,entrenamiento
30999,entrenamiento
31000,entrenamiento
31001,entrenamiento
31002,validacion
31003,validacion
31004,entrenamiento
31005,entrenamiento
31006,prueba
31007,entrenamiento
31008,prueba
31009,prueba
31010,prueba
31011,entrenamiento
31012,validacion
31013,prueba
31014,entrenamiento
31015,entrenamiento
31016,entrenamiento
31017,entrenamiento
31018,prueba
31019,entrenamiento
31020,entrenamiento
31021,entrenamiento
31022,entrenamiento
31023,entrenamiento
31024,validacion
31025,prueba
31026,entrenamiento
31027,prueba
31028,entrenamiento
31029,entrenamiento
31030,entrenamiento
31031,entrenamiento
31032,validacion
31033,entrenamiento
31034,entrenamiento
31035,entrenamiento
31036,entrenamiento
31037,validacion
31038,prueba
31039,prueba
31040,entrenamiento
31041,entrenamiento
31042,prueba
31043,entrenamiento
31044,entrenamiento
31045,entrenamiento
31046,entrenamiento
31047,validacion
31048,entrenamiento
31049,prueba
31050,entrenamiento
31051,entrenamiento
31052,validacion
31053,entrenamiento
31054,validacion
31055,entrenamiento
31056,entrenamiento
31057,validacion
31058,entrenamiento
31059,prueba
31060,entrenamiento
31061,entrenamiento
31062,prueba
31063,entrenamiento
31064,entrenamiento
31065,validacion
31066,entrenamiento
31067,prueba
31068,entrenamiento
31069,entrenamiento
31070,prueba
31071,entrenamiento
31072,prueba
31073,entrenamiento
31074,prueba
31075,prueba
31076,entrenamiento
31077,entrenamiento
31078,entrenamiento
31079,entrenamiento
31080,entrenamiento
31081,validacion
31082,entrenamiento
31083,entrenamiento
31084,entrenamiento
31085,entrenamiento
31086,entrenamiento
31087,prueba
31088,prueba
31089,entrenamiento
31090,entrenamiento
31091,entrenamiento
31092,entrenamiento
31093,entrenamiento
31094,entrenamiento
31095,prueba
31096,entrenamiento
31097,validacion
31098,entrenamiento
31099,prueba
31100,validacion
31101,prueba
31102,validacion
31103,entrenamiento
31104,validacion
31105,entrenamiento
31106,prueba
31107,entrenamiento
31108,entrenamiento
31109,entrenamiento
31110,entrenamiento
31111,entrenamiento
31112,entrenamiento
31113,entrenamiento
31114,entrenamiento
31115,entrenamiento
31116,prueba
31117,validacion
31118,prueba
31119,entrenamiento
31120,entrenamiento
31121,prueba
31122,entrenamiento
31123,entrenamiento
31124,entrenamiento
31125,entrenamiento
31126,prueba
31127,prueba
31128,prueba
31129,prueba
31130,prueba
31131,prueba
31132,validacion
31133,entrenamiento
31134,entrenamiento
31135,prueba
31136,entrenamiento
31137,entrenamiento
31138,entrenamiento
31139,entrenamiento
31140,validacion
31141,entrenamiento
31142,prueba
31143,prueba
31144,entrenamiento
31145,entrenamiento
31146,entrenamiento
31147,validacion
31148,prueba
31149,validacion
31150,entrenamiento
31151,entrenamiento
31152,validacion
31153,prueba
31154,entrenamiento
31155,entrenamiento
31156,entrenamiento
31157,prueba
31158,entrenamiento
31159,validacion
31160,entrenamiento
31161,entrenamiento
31162,validacion
31163,entrenamiento
31164,entrenamiento
31165,prueba
31166,entrenamiento
31167,prueba
31168,entrenamiento
31169,entrenamiento
31170,entrenamiento
31171,entrenamiento
31172,validacion
31173,entrenamiento
31174,entrenamiento
31175,entrenamiento
31176,prueba
31177,entrenamiento
31178,entrenamiento
31179,prueba
31180,entrenamiento
31181,entrenamiento
31182,entrenamiento
31183,entrenamiento
31184,entrenamiento
31185,validacion
31186,entrenamiento
31187,entrenamiento
31188,entrenamiento
31189,entrenamiento
31190,prueba
31191,prueba
31192,prueba
31193,entrenamiento
31194,prueba
31195,entrenamiento
31196,entrenamiento
31197,validacion
31198,prueba
31199,prueba
31200,entrenamiento
31201,entrenamiento
31202,entrenamiento
31203,entrenamiento
31204,prueba
31205,validacion
31206,entrenamiento
31207,entrenamiento
31208,entrenamiento
31209,validacion
31210,entrenamiento
31211,entrenamiento
31212,entrenamiento
31213,entrenamiento
31214,validacion
31215,entrenamiento
31216,prueba
31217,validacion
31218,prueba
31219,entrenamiento
31220,entrenamiento
31221,validacion
31222,entrenamiento
31223,entrenamiento
31224,prueba
31225,prueba
31226,entrenamiento
31227,entrenamiento
31228,entrenamiento
31229,prueba
31230,prueba
31231,entrenamiento
31232,entrenamiento
31233,entrenamiento
31234,prueba
31235,entrenamiento
31236,validacion
31237,entrenamiento
31238,entrenamiento
31239,entrenamiento
31240,prueba
31241,prueba
31242,entrenamiento
31243,prueba
31244,prueba
31245,entrenamiento
31246,validacion
31247,entrenamiento
31248,entrenamiento
31249,prueba
31250,validacion
31251,entrenamiento
31252,validacion
31253,prueba
31254,prueba
31255,prueba
31256,prueba
31257,entrenamiento
31258,entrenamiento
31259,entrenamiento
31260,entrenamiento
31261,entrenamiento
31262,validacion
31263,entrenamiento
31264,prueba
31265,prueba
31266,entrenamiento
31267,entrenamiento
31268,entrenamiento
31269,entrenamiento
31270,prueba
31271,prueba
31272,entrenamiento
31273,entrenamiento
31274,prueba
31275,entrenamiento
31276,validacion
31277,prueba
31278,entrenamiento
31279,prueba
31280,prueba
31281,entrenamiento
31282,entrenamiento
31283,entrenamiento
31284,validacion
31285,validacion
31286,entrenamiento
31287,entrenamiento
31288,entrenamiento
31289,prueba
31290,entrenamiento
31291,prueba
31292,prueba
31293,entrenamiento
31294,entrenamiento
31295,entrenamiento
31296,entrenamiento
31297,entrenamiento
31298,entrenamiento
31299,entrenamiento
31300,validacion
31301,entrenamiento
31302,entrenamiento
31303,entrenamiento
31304,entrenamiento
31305,prueba
31306,entrenamiento
31307,entrenamiento
31308,entrenamiento
31309,validacion
31310,entrenamiento
31311,entrenamiento
31312,validacion
31313,prueba
31314,entrenamiento
31315,entrenamiento
31316,entrenamiento
31317,prueba
31318,entrenamiento
31319,entrenamiento
31320,prueba
31321,entrenamiento
31322,entrenamiento
31323,validacion
31324,entrenamiento
31325,entrenamiento
31326,entrenamiento
31327,prueba
31328,prueba
31329,prueba
31330,validacion
31331,prueba
31332,entrenamiento
31333,entrenamiento
31334,entrenamiento
31335,entrenamiento
31336,validacion
31337,entrenamiento
31338,entrenamiento
31339,validacion
31340,validacion
31341,entrenamiento
31342,entrenamiento
31343,entrenamiento
31344,entrenamiento
31345,entrenamiento
31346,entrenamiento
31347,validacion
31348,validacion
31349,entrenamiento
31350,entrenamiento
31351,prueba
31352,entrenamiento
31353,entrenamiento
31354,entrenamiento
31355,entrenamiento
31356,entrenamiento
31357,entrenamiento
31358,prueba
31359,entrenamiento
31360,entrenamiento
31361,entrenamiento
31362,entrenamiento
31363,entrenamiento
31364,entrenamiento
31365,entrenamiento
31366,prueba
31367,entrenamiento
31368,entrenamiento
31369,validacion
31370,entrenamiento
31371,entrenamiento
31372,entrenamiento
31373,prueba
31374,validacion
31375,entrenamiento
31376,prueba
31377,entrenamiento
31378,entrenamiento
31379,entrenamiento
31380,validacion
31381,entrenamiento
31382,entrenamiento
31383,prueba
31384,entrenamiento
31385,entrenamiento
31386,entrenamiento
31387,entrenamiento
31388,entrenamiento
31389,prueba
31390,entrenamiento
31391,entrenamiento
31392,entrenamiento
31393,entrenamiento
31394,entrenamiento
31395,entrenamiento
31396,entrenamiento
31397,entrenamiento
31398,prueba
31399,entrenamiento
31400,entrenamiento
31401,entrenamiento
31402,prueba
31403,prueba
31404,prueba
31405,prueba
31406,validacion
31407,entrenamiento
31408,entrenamiento
31409,entrenamiento
31410,entrenamiento
31411,entrenamiento
31412,entrenamiento
31413,prueba
31414,prueba
31415,prueba
31416,validacion
31417,prueba
31418,prueba
31419,validacion
31420,prueba
31421,entrenamiento
31422,entrenamiento
31423,prueba
31424,entrenamiento
31425,entrenamiento
31426,validacion
31427,entrenamiento
31428,validacion
31429,entrenamiento
31430,entrenamiento
31431,validacion
31432,entrenamiento
31433,entrenamiento
31434,entrenamiento
31435,prueba
31436,prueba
31437,prueba
31438,entrenamiento
31439,validacion
31440,prueba
31441,prueba
31442,prueba
31443,entrenamiento
31444,entrenamiento
31445,prueba
31446,entrenamiento
31447,validacion
31448,prueba
31449,entrenamiento
31450,entrenamiento
31451,entrenamiento
31452,entrenamiento
31453,validacion
31454,entrenamiento
31455,prueba
31456,entrenamiento
31457,entrenamiento
31458,validacion
31459,entrenamiento
31460,entrenamiento
31461,entrenamiento
31462,entrenamiento
31463,entrenamiento
31464,entrenamiento
31465,prueba
31466,validacion
31467,entrenamiento
31468,prueba
31469,entrenamiento
31470,entrenamiento
31471,entrenamiento
31472,validacion
31473,entrenamiento
31474,entrenamiento
31475,entrenamiento
31476,entrenamiento
31477,entrenamiento
31478,validacion
31479,entrenamiento
31480,prueba
31481,prueba
31482,entrenamiento
31483,prueba
31484,entrenamiento
31485,entrenamiento
31486,entrenamiento
31487,entrenamiento
31488,entrenamiento
31489,entrenamiento
31490,prueba
31491,entrenamiento
31492,prueba
31493,entrenamiento
31494,entrenamiento
31495,entrenamiento
31496,entrenamiento
31497,validacion
31498,entrenamiento
31499,validacion
31500,validacion
31501,prueba
31502,entrenamiento
31503,entrenamiento
31504,entrenamiento
31505,entrenamiento
31506,entrenamiento
31507,entrenamiento
31508,prueba
31509,validacion
31510,validacion
31511,entrenamiento
31512,validacion
31513,prueba
31514,entrenamiento
31515,entrenamiento
31516,entrenamiento
31517,validacion
31518,validacion
31519,entrenamiento
31520,entrenamiento
31521,entrenamiento
31522,validacion
31523,entrenamiento
31524,entrenamiento
31525,prueba
31526,entrenamiento
31527,prueba
31528,entrenamiento
31529,entrenamiento
31530,prueba
31531,prueba
31532,validacion
31533,validacion
31534,prueba
31535,entrenamiento
31536,prueba
31537,validacion
31538,entrenamiento
31539,validacion
31540,validacion
31541,validacion
31542,validacion
31543,entrenamiento
31544,entrenamiento
31545,prueba
31546,prueba
31547,validacion
31548,validacion
31549,prueba
31550,validacion
31551,entrenamiento
31552,entrenamiento
31553,prueba
31554,validacion
31555,entrenamiento
31556,entrenamiento
31557,entrenamiento
31558,entrenamiento
31559,entrenamiento
31560,validacion
31561,prueba
31562,validacion
31563,entrenamiento
31564,entrenamiento
31565,entrenamiento
31566,entrenamiento
31567,entrenamiento
31568,prueba
31569,validacion
31570,entrenamiento
31571,entrenamiento
31572,entrenamiento
31573,entrenamiento
31574,entrenamiento
31575,entrenamiento
31576,entrenamiento
31577,prueba
31578,entrenamiento
31579,entrenamiento
31580,entrenamiento
31581,entrenamiento
31582,entrenamiento
31583,validacion
31584,prueba
31585,entrenamiento
31586,entrenamiento
31587,entrenamiento
31588,entrenamiento
31589,validacion
31590,entrenamiento
31591,entrenamiento
31592,prueba
31593,prueba
31594,entrenamiento
31595,entrenamiento
31596,prueba
31597,entrenamiento
31598,entrenamiento
31599,prueba
31600,entrenamiento
31601,validacion
31602,validacion
31603,entrenamiento
31604,entrenamiento
31605,prueba
31606,entrenamiento
31607,validacion
31608,prueba
31609,entrenamiento
31610,entrenamiento
31611,entrenamiento
31612,entrenamiento
31613,entrenamiento
31614,prueba
31615,entrenamiento
31616,validacion
31617,validacion
31618,validacion
31619,prueba
31620,prueba
31621,entrenamiento
31622,entrenamiento
31623,validacion
31624,validacion
31625,entrenamiento
31626,entrenamiento
31627,validacion
31628,prueba
31629,entrenamiento
31630,prueba
31631,entrenamiento
31632,entrenamiento
31633,prueba
31634,entrenamiento
31635,entrenamiento
31636,validacion
31637,entrenamiento
31638,entrenamiento
31639,entrenamiento
31640,entrenamiento
31641,prueba
31642,prueba
31643,entrenamiento
31644,entrenamiento
31645,entrenamiento
31646,entrenamiento
31647,entrenamiento
31648,validacion
31649,entrenamiento
31650,entrenamiento
31651,prueba
31652,prueba
31653,prueba
31654,entrenamiento
31655,entrenamiento
31656,validacion
31657,entrenamiento
31658,prueba
31659,prueba
31660,entrenamiento
31661,entrenamiento
31662,entrenamiento
31663,validacion
31664,entrenamiento
31665,entrenamiento
31666,entrenamiento
31667,validacion
31668,entrenamiento
31669,entrenamiento
31670,prueba
31671,validacion
31672,entrenamiento
31673,prueba
31674,entrenamiento
31675,prueba
31676,entrenamiento
31677,validacion
31678,entrenamiento
31679,validacion
31680,prueba
31681,prueba
31682,entrenamiento
31683,entrenamiento
31684,validacion
31685,entrenamiento
31686,prueba
31687,entrenamiento
31688,entrenamiento
31689,entrenamiento
31690,prueba
31691,entrenamiento
31692,prueba
31693,validacion
31694,entrenamiento
31695,prueba
31696,entrenamiento
31697,entrenamiento
31698,prueba
31699,entrenamiento
31700,prueba
31701,prueba
31702,entrenamiento
31703,entrenamiento
31704,entrenamiento
31705,entrenamiento
31706,entrenamiento
31707,prueba
31708,entrenamiento
31709,entrenamiento
31710,prueba
31711,entrenamiento
31712,entrenamiento
31713,entrenamiento
31714,prueba
31715,validacion
31716,validacion
31717,validacion
31718,entrenamiento
31719,entrenamiento
31720,prueba
31721,validacion
31722,prueba
31723,entrenamiento
31724,entrenamiento
31725,prueba
31726,entrenamiento
31727,entrenamiento
31728,entrenamiento
31729,entrenamiento
31730,validacion
31731,validacion
31732,entrenamiento
31733,entrenamiento
31734,entrenamiento
31735,entrenamiento
31736,entrenamiento
31737,entrenamiento
31738,validacion
31739,prueba
31740,entrenamiento
31741,prueba
31742,entrenamiento
31743,prueba
31744,entrenamiento
31745,validacion
31746,entrenamiento
31747,validacion
31748,entrenamiento
31749,entrenamiento
31750,prueba
31751,entrenamiento
31752,prueba
31753,entrenamiento
31754,entrenamiento
31755,entrenamiento
31756,entrenamiento
31757,entrenamiento
31758,prueba
31759,entrenamiento
31760,validacion
31761,entrenamiento
31762,entrenamiento
31763,prueba
31764,entrenamiento
31765,validacion
31766,entrenamiento
31767,entrenamiento
31768,validacion
31769,validacion
31770,entrenamiento
31771,entrenamiento
31772,validacion
31773,entrenamiento
31774,entrenamiento
31775,prueba
31776,entrenamiento
31777,validacion
31778,entrenamiento
31779,validacion
31780,entrenamiento
31781,entrenamiento
31782,prueba
31783,prueba
31784,entrenamiento
31785,entrenamiento
31786,entrenamiento
31787,prueba
31788,prueba
31789,prueba
31790,entrenamiento
31791,entrenamiento
31792,validacion
31793,prueba
31794,prueba
31795,entrenamiento
31796,entrenamiento
31797,entrenamiento
31798,entrenamiento
31799,prueba
31800,prueba
31801,entrenamiento
31802,entrenamiento
31803,entrenamiento
31804,prueba
31805,prueba
31806,entrenamiento
31807,prueba
31808,prueba
31809,prueba
31810,entrenamiento
31811,prueba
31812,prueba
31813,prueba
31814,entrenamiento
31815,entrenamiento
31816,entrenamiento
31817,validacion
31818,entrenamiento
31819,entrenamiento
31820,entrenamiento
31821,prueba
31822,entrenamiento
31823,entrenamiento
31824,entrenamiento
31825,entrenamiento
31826,entrenamiento
31827,prueba
31828,entrenamiento
31829,entrenamiento
31830,entrenamiento
31831,entrenamiento
31832,validacion
31833,entrenamiento
31834,entrenamiento
31835,validacion
31836,entrenamiento
31837,entrenamiento
31838,prueba
31839,entrenamiento
31840,prueba
31841,entrenamiento
31842,entrenamiento
31843,entrenamiento
31844,entrenamiento
31845,prueba
31846,entrenamiento
31847,entrenamiento
31848,validacion
31849,entrenamiento
31850,entrenamiento
31851,prueba
31852,entrenamiento
31853,validacion
31854,entrenamiento
31855,entrenamiento
31856,entrenamiento
31857,entrenamiento
31858,entrenamiento
31859,entrenamiento
31860,prueba
31861,prueba
31862,entrenamiento
31863,validacion
31864,entrenamiento
31865,entrenamiento
31866,entrenamiento
31867,validacion
31868,entrenamiento
31869,entrenamiento
31870,entrenamiento
31871,entrenamiento
31872,validacion
31873,entrenamiento
31874,prueba
31875,entrenamiento
31876,prueba
31877,prueba
31878,entrenamiento
31879,prueba
31880,entrenamiento
31881,validacion
31882,entrenamiento
31883,entrenamiento
31884,validacion
31885,validacion
31886,entrenamiento
31887,entrenamiento
31888,entrenamiento
31889,prueba
31890,entrenamiento
31891,entrenamiento
31892,entrenamiento
31893,prueba
31894,entrenamiento
31895,validacion
31896,entrenamiento
31897,entrenamiento
31898,entrenamiento
31899,entrenamiento
31900,entrenamiento
31901,entrenamiento
31902,entrenamiento
31903,entrenamiento
31904,entrenamiento
31905,validacion
31906,entrenamiento
31907,entrenamiento
31908,entrenamiento
31909,entrenamiento
31910,entrenamiento
31911,entrenamiento
31912,validacion
31913,validacion
31914,entrenamiento
31915,entrenamiento
31916,prueba
31917,validacion
31918,entrenamiento
31919,entrenamiento
31920,entrenamiento
31921,validacion
31922,entrenamiento
31923,entrenamiento
31924,entrenamiento
31925,entrenamiento
31926,prueba
31927,entrenamiento
31928,prueba
31929,prueba
31930,entrenamiento
31931,entrenamiento
31932,entrenamiento
31933,entrenamiento
31934,entrenamiento
31935,entrenamiento
31936,prueba
31937,entrenamiento
31938,validacion
31939,validacion
31940,entrenamiento
31941,prueba
31942,entrenamiento
31943,entrenamiento
31944,entrenamiento
31945,entrenamiento
31946,prueba
31947,prueba
31948,entrenamiento
31949,entrenamiento
31950,validacion
31951,validacion
31952,entrenamiento
31953,validacion
31954,entrenamiento
31955,entrenamiento
31956,prueba
31957,entrenamiento
31958,entrenamiento
31959,entrenamiento
31960,entrenamiento
31961,entrenamiento
31962,entrenamiento
31963,validacion
31964,entrenamiento
31965,prueba
31966,entrenamiento
31967,entrenamiento
31968,entrenamiento
31969,validacion
31970,validacion
31971,entrenamiento
31972,entrenamiento
31973,entrenamiento
31974,entrenamiento
31975,prueba
31976,entrenamiento
31977,prueba
31978,entrenamiento
31979,entrenamiento
31980,entrenamiento
31981,entrenamiento
31982,prueba
31983,entrenamiento
31984,entrenamiento
31985,entrenamiento
31986,validacion
31987,entrenamiento
31988,entrenamiento
31989,entrenamiento
31990,prueba
31991,prueba
31992,entrenamiento
31993,entrenamiento
31994,entrenamiento
31995,validacion
31996,entrenamiento
31997,prueba
31998,entrenamiento
31999,validacion
32000,prueba
32001,entrenamiento
32002,validacion
32003,entrenamiento
32004,entrenamiento
32005,entrenamiento
32006,entrenamiento
32007,prueba
32008,entrenamiento
32009,prueba
32010,entrenamiento
32011,entrenamiento
32012,prueba
32013,prueba
32014,entrenamiento
32015,validacion
32016,prueba
32017,entrenamiento
32018,entrenamiento
32019,entrenamiento
32020,prueba
32021,entrenamiento
32022,prueba
32023,entrenamiento
32024,validacion
32025,prueba
32026,validacion
32027,entrenamiento
32028,validacion
32029,entrenamiento
32030,prueba
32031,entrenamiento
32032,entrenamiento
32033,entrenamiento
32034,entrenamiento
32035,entrenamiento
32036,entrenamiento
32037,prueba
32038,prueba
32039,prueba
32040,validacion
32041,prueba
32042,prueba
32043,entrenamiento
32044,entrenamiento
32045,prueba
32046,entrenamiento
32047,entrenamiento
32048,entrenamiento
32049,entrenamiento
32050,validacion
32051,validacion
32052,entrenamiento
32053,entrenamiento
32054,prueba
32055,entrenamiento
32056,entrenamiento
32057,entrenamiento
32058,entrenamiento
32059,entrenamiento
32060,entrenamiento
32061,entrenamiento
32062,prueba
32063,entrenamiento
32064,entrenamiento
32065,entrenamiento
32066,entrenamiento
32067,entrenamiento
32068,validacion
32069,entrenamiento
32070,validacion
32071,entrenamiento
32072,prueba
32073,entrenamiento
32074,validacion
32075,entrenamiento
32076,entrenamiento
32077,entrenamiento
32078,entrenamiento
32079,entrenamiento
32080,validacion
32081,validacion
32082,entrenamiento
32083,prueba
32084,entrenamiento
32085,prueba
32086,validacion
32087,entrenamiento
32088,entrenamiento
32089,prueba
32090,prueba
32091,entrenamiento
32092,entrenamiento
32093,entrenamiento
32094,entrenamiento
32095,entrenamiento
32096,validacion
32097,entrenamiento
32098,validacion
32099,entrenamiento
32100,prueba
32101,prueba
32102,entrenamiento
32103,validacion
32104,entrenamiento
32105,prueba
32106,prueba
32107,entrenamiento
32108,entrenamiento
32109,entrenamiento
32110,entrenamiento
32111,entrenamiento
32112,entrenamiento
32113,entrenamiento
32114,entrenamiento
32115,entrenamiento
32116,validacion
32117,entrenamiento
32118,prueba
32119,entrenamiento
32120,validacion
32121,prueba
32122,entrenamiento
32123,prueba
32124,prueba
32125,prueba
32126,entrenamiento
32127,entrenamiento
32128,entrenamiento
32129,entrenamiento
32130,entrenamiento
32131,prueba
32132,validacion
32133,entrenamiento
32134,entrenamiento
32135,prueba
32136,entrenamiento
32137,prueba
32138,prueba
32139,entrenamiento
32140,entrenamiento
32141,validacion
32142,entrenamiento
32143,entrenamiento
32144,entrenamiento
32145,entrenamiento
32146,prueba
32147,validacion
32148,entrenamiento
32149,validacion
32150,entrenamiento
32151,entrenamiento
32152,prueba
32153,entrenamiento
32154,prueba
32155,entrenamiento
32156,entrenamiento
32157,validacion
32158,validacion
32159,entrenamiento
32160,entrenamiento
32161,entrenamiento
32162,entrenamiento
32163,entrenamiento
32164,entrenamiento
32165,prueba
32166,prueba
32167,prueba
32168,prueba
32169,entrenamiento
32170,prueba
32171,entrenamiento
32172,validacion
32173,validacion
32174,validacion
32175,entrenamiento
32176,entrenamiento
32177,validacion
32178,entrenamiento
32179,prueba
32180,validacion
32181,validacion
32182,entrenamiento
32183,entrenamiento
32184,entrenamiento
32185,prueba
32186,entrenamiento
32187,entrenamiento
32188,entrenamiento
32189,prueba
32190,entrenamiento
32191,validacion
32192,entrenamiento
32193,entrenamiento
32194,validacion
32195,validacion
32196,prueba
32197,entrenamiento
32198,entrenamiento
32199,prueba
32200,entrenamiento
32201,entrenamiento
32202,prueba
32203,prueba
32204,entrenamiento
32205,entrenamiento
32206,entrenamiento
32207,validacion
32208,entrenamiento
32209,entrenamiento
32210,entrenamiento
32211,entrenamiento
32212,validacion
32213,entrenamiento
32214,prueba
32215,prueba
32216,entrenamiento
32217,entrenamiento
32218,entrenamiento
32219,validacion
32220,entrenamiento
32221,validacion
32222,entrenamiento
32223,entrenamiento
32224,validacion
32225,entrenamiento
32226,prueba
32227,entrenamiento
32228,entrenamiento
32229,prueba
32230,entrenamiento
32231,entrenamiento
32232,prueba
32233,prueba
32234,entrenamiento
32235,entrenamiento
32236,entrenamiento
32237,validacion
32238,entrenamiento
32239,prueba
32240,entrenamiento
32241,validacion
32242,entrenamiento
32243,validacion
32244,prueba
32245,entrenamiento
32246,validacion
32247,entrenamiento
32248,entrenamiento
32249,prueba
32250,entrenamiento
32251,prueba
32252,prueba
32253,entrenamiento
32254,entrenamiento
32255,entrenamiento
32256,validacion
32257,validacion
32258,prueba
32259,entrenamiento
32260,validacion
32261,validacion
32262,entrenamiento
32263,entrenamiento
32264,entrenamiento
32265,entrenamiento
32266,entrenamiento
32267,prueba
32268,entrenamiento
32269,validacion
32270,entrenamiento
32271,validacion
32272,prueba
32273,entrenamiento
32274,entrenamiento
32275,entrenamiento
32276,entrenamiento
32277,entrenamiento
32278,entrenamiento
32279,prueba
32280,entrenamiento
32281,entrenamiento
32282,entrenamiento
32283,entrenamiento
32284,validacion
32285,entrenamiento
32286,entrenamiento
32287,entrenamiento
32288,entrenamiento
32289,entrenamiento
32290,entrenamiento
32291,validacion
32292,entrenamiento
32293,entrenamiento
32294,validacion
32295,entrenamiento
32296,prueba
32297,entrenamiento
32298,prueba
32299,entrenamiento
32300,entrenamiento
32301,validacion
32302,entrenamiento
32303,entrenamiento
32304,entrenamiento
32305,entrenamiento
32306,entrenamiento
32307,entrenamiento
32308,entrenamiento
32309,entrenamiento
32310,validacion
32311,entrenamiento
32312,entrenamiento
32313,entrenamiento
32314,entrenamiento
32315,prueba
32316,entrenamiento
32317,prueba
32318,validacion
32319,prueba
32320,entrenamiento
32321,prueba
32322,entrenamiento
32323,validacion
32324,entrenamiento
32325,entrenamiento
32326,entrenamiento
32327,entrenamiento
32328,entrenamiento
32329,entrenamiento
32330,entrenamiento
32331,entrenamiento
32332,prueba
32333,prueba
32334,validacion
32335,entrenamiento
32336,entrenamiento
32337,entrenamiento
32338,prueba
32339,entrenamiento
32340,entrenamiento
32341,entrenamiento
32342,entrenamiento
32343,prueba
32344,prueba
32345,validacion
32346,entrenamiento
32347,entrenamiento
32348,validacion
32349,entrenamiento
32350,entrenamiento
32351,validacion
32352,prueba
32353,validacion
32354,prueba
32355,entrenamiento
32356,validacion
32357,entrenamiento
32358,entrenamiento
32359,validacion
32360,validacion
32361,entrenamiento
32362,validacion
32363,entrenamiento
32364,entrenamiento
32365,entrenamiento
32366,entrenamiento
32367,entrenamiento
32368,entrenamiento
32369,entrenamiento
32370,entrenamiento
32371,entrenamiento
32372,entrenamiento
32373,entrenamiento
32374,entrenamiento
32375,entrenamiento
32376,prueba
32377,entrenamiento
32378,entrenamiento
32379,entrenamiento
32380,entrenamiento
32381,validacion
32382,prueba
32383,validacion
32384,entrenamiento
32385,validacion
32386,prueba
32387,entrenamiento
32388,prueba
32389,entrenamiento
32390,prueba
32391,entrenamiento
32392,entrenamiento
32393,entrenamiento
32394,entrenamiento
32395,validacion
32396,entrenamiento
32397,validacion
32398,entrenamiento
32399,entrenamiento
32400,entrenamiento
32401,entrenamiento
32402,prueba
32403,entrenamiento
32404,entrenamiento
32405,entrenamiento
32406,prueba
32407,entrenamiento
32408,prueba
32409,entrenamiento
32410,prueba
32411,entrenamiento
32412,entrenamiento
32413,prueba
32414,entrenamiento
32415,entrenamiento
32416,entrenamiento
32417,entrenamiento
32418,entrenamiento
32419,entrenamiento
32420,validacion
32421,prueba
32422,entrenamiento
32423,entrenamiento
32424,entrenamiento
32425,entrenamiento
32426,prueba
32427,entrenamiento
32428,validacion
32429,prueba
32430,entrenamiento
32431,entrenamiento
32432,entrenamiento
32433,entrenamiento
32434,entrenamiento
32435,entrenamiento
32436,validacion
32437,prueba
32438,validacion
32439,entrenamiento
32440,validacion
32441,entrenamiento
32442,entrenamiento
32443,entrenamiento
32444,entrenamiento
32445,entrenamiento
32446,validacion
32447,entrenamiento
32448,entrenamiento
32449,entrenamiento
32450,entrenamiento
32451,entrenamiento
32452,validacion
32453,prueba
32454,prueba
32455,entrenamiento
32456,entrenamiento
32457,prueba
32458,entrenamiento
32459,validacion
32460,validacion
32461,entrenamiento
32462,prueba
32463,entrenamiento
32464,entrenamiento
32465,entrenamiento
32466,entrenamiento
32467,entrenamiento
32468,entrenamiento
32469,prueba
32470,entrenamiento
32471,entrenamiento
32472,entrenamiento
32473,prueba
32474,prueba
32475,prueba
32476,validacion
32477,entrenamiento
32478,entrenamiento
32479,entrenamiento
32480,entrenamiento
32481,entrenamiento
32482,entrenamiento
32483,entrenamiento
32484,entrenamiento
32485,entrenamiento
32486,validacion
32487,prueba
32488,prueba
32489,prueba
32490,entrenamiento
32491,entrenamiento
32492,prueba
32493,entrenamiento
32494,entrenamiento
32495,entrenamiento
32496,prueba
32497,entrenamiento
32498,entrenamiento
32499,entrenamiento
32500,prueba
32501,prueba
32502,entrenamiento
32503,entrenamiento
32504,entrenamiento
32505,entrenamiento
32506,entrenamiento
32507,validacion
32508,entrenamiento
32509,entrenamiento
32510,entrenamiento
32511,entrenamiento
32512,entrenamiento
32513,validacion
32514,entrenamiento
32515,entrenamiento
32516,entrenamiento
32517,prueba
32518,validacion
32519,entrenamiento
32520,entrenamiento
32521,entrenamiento
32522,entrenamiento
32523,validacion
32524,validacion
32525,prueba
32526,entrenamiento
32527,entrenamiento
32528,prueba
32529,prueba
32530,prueba
32531,prueba
32532,entrenamiento
32533,entrenamiento
32534,prueba
32535,entrenamiento
32536,prueba
32537,prueba
32538,prueba
32539,entrenamiento
32540,validacion
32541,entrenamiento
32542,entrenamiento
32543,entrenamiento
32544,validacion
32545,entrenamiento
32546,entrenamiento
32547,entrenamiento
32548,prueba
32549,entrenamiento
32550,entrenamiento
32551,validacion
32552,entrenamiento
32553,entrenamiento
32554,entrenamiento
32555,entrenamiento
32556,prueba
32557,entrenamiento
32558,entrenamiento
32559,prueba
32560,entrenamiento
